id,rada_id,nreg,convocation,full_name,first_name,second_name,last_name,short_name,other_name,date_begin,date_end,district_text,district_name,district_num,region_id,region_name,party_text,party_id,party_name,num_in_party,anketa_data,anketa_url,photo,photo_id,gender,birthday,education,college,academic,old_profession,old_post,old_member,new_member,resignation_text
21253,2,mp-d11_1_skl9,9,Пашковський Максим Ігорович,Максим,Ігорович,Пашковський,М.І.,,29.08.2019,,"Виборчий округ № 11, Вінницька область",Виборчий округ № 11,11,5,Вінницька область,безпартійний,50,Безпартійний,,"освіта вища, директор, ТОВ ""Панчер Солюшнс"", безпартійний, судимість відсутня, суб'єкт висування – ПОЛІТИЧНА ПАРТІЯ ""СЛУГА НАРОДУ"".",http://itd.rada.gov.ua/mps/info/page/21253,http://static.rada.gov.ua/dep_img9/d11_1.jpg,d11_1,1,24.03.1983,Вища,,,директор,"ТОВ ""Панчер Солюшнс""",ні,так,
21039,3,mp-d12_1_skl9,9,Драбовський Анатолій Григорович,Анатолій,Григорович,Драбовський,А.Г.,,29.08.2019,,"Виборчий округ № 12, Вінницька область",Виборчий округ № 12,12,5,Вінницька область,безпартійний,50,Безпартійний,,"освіта вища, ректор, Вінницький кооперативний інститут, безпартійний, судимість відсутня, суб'єкт висування – ПОЛІТИЧНА ПАРТІЯ ""СЛУГА НАРОДУ"".",http://itd.rada.gov.ua/mps/info/page/21039,http://static.rada.gov.ua/dep_img9/d12_1.jpg,d12_1,1,01.08.1958,Вища,Вінницький кооперативний інститут,ректор,,"ректор, Вінницький кооперативний інститут",ні,так,
18150,4,mp-d13_1_skl9,9,Юрчишин Петро Васильович,Петро,Васильович,Юрчишин,П.В.,,29.08.2019,,"Виборчий округ № 13, Вінницька область",Виборчий округ № 13,13,5,Вінницька область,безпартійний,50,Безпартійний,,"освіта вища, народний депутат України, безпартійний, судимість відсутня, самовисування.",http://itd.rada.gov.ua/mps/info/page/18150,http://static.rada.gov.ua/dep_img9/d13_1.jpg,d13_1,1,13.07.1958,Вища,,,народний депутат України,народний депутат України,так,ні,
20990,5,mp-d14_1_skl9,9,Борзова Ірина Наумівна,Ірина,Наумівна,Борзова,І.Н.,,29.08.2019,,"Виборчий округ № 14, Вінницька область",Виборчий округ № 14,14,5,Вінницька область,безпартійна,50,Безпартійний,,"освіта вища, фізична особа – підприємець, безпартійнa, судимість відсутня, суб'єкт висування – ПОЛІТИЧНА ПАРТІЯ ""СЛУГА НАРОДУ"".",http://itd.rada.gov.ua/mps/info/page/20990,http://static.rada.gov.ua/dep_img9/d14_1.jpg,d14_1,2,28.08.1982,Вища,,,фізична особа – підприємець,фізична особа – підприємець,ні,так,
20982,6,mp-d15_1_skl9,9,Білозір Лариса Миколаївна,Лариса,Миколаївна,Білозір,Л.М.,,29.08.2019,,"Виборчий округ № 15, Вінницька область",Виборчий округ № 15,15,5,Вінницька область,безпартійна,50,Безпартійний,,"освіта вища, виконавчий директор, громадська організація ""Життя та розвиток громад"", безпартійнa, судимість відсутня, самовисування.",http://itd.rada.gov.ua/mps/info/page/20982,http://static.rada.gov.ua/dep_img9/d15_1.jpg,d15_1,2,24.09.1981,Вища,,,виконавчий директор,"громадська організація ""Життя та розвиток громад""",ні,так,
21006,7,mp-d16_1_skl9,9,Вацак Геннадій Анатолійович,Геннадій,Анатолійович,Вацак,Г.А.,,29.08.2019,,"Виборчий округ № 16, Вінницька область",Виборчий округ № 16,16,5,Вінницька область,безпартійний,50,Безпартійний,,"освіта професійно-технічна, директор департаменту маркетингу, ТОВ ""КОНДИТЕРСЬКИЙ ДІМ ""ВАЦАК"", безпартійний, судимість відсутня, самовисування.",http://itd.rada.gov.ua/mps/info/page/21006,http://static.rada.gov.ua/dep_img9/d16_1.jpg,d16_1,1,09.02.1972,Професійно-технічна,,,директор департаменту маркетингу,"ТОВ ""КОНДИТЕРСЬКИЙ ДІМ ""ВАЦАК""",ні,так,
18112,8,mp-d17_1_skl9,9,Кучер Микола Іванович,Микола,Іванович,Кучер,М.І.,,29.08.2019,,"Виборчий округ № 17, Вінницька область",Виборчий округ № 17,17,5,Вінницька область,,104,Українська Народна Партія,,"освіта вища, народний депутат України, член Української Народної Партії, судимість відсутня, самовисування.",http://itd.rada.gov.ua/mps/info/page/18112,http://static.rada.gov.ua/dep_img9/d17_1.jpg,d17_1,1,24.08.1959,Вища,,,народний депутат України,народний депутат України,так,ні,
21230,9,mp-d18_1_skl9,9,Мейдич Олег Леонідович,Олег,Леонідович,Мейдич,О.Л.,,29.08.2019,,"Виборчий округ № 18, Вінницька область",Виборчий округ № 18,18,5,Вінницька область,,17,"Політична партія Всеукраїнське об'єднання ""Батьківщина""",,"освіта вища, фізична особа – підприємець, член політичної партії Всеукраїнське об'єднання ""Батьківщина"", судимість відсутня, суб'єкт висування – політична партія Всеукраїнське об'єднання ""Батьківщина"".",http://itd.rada.gov.ua/mps/info/page/21230,http://static.rada.gov.ua/dep_img9/d18_1.jpg,d18_1,1,24.11.1970,Вища,,,фізична особа – підприємець,фізична особа – підприємець,ні,так,
14674,10,mp-d19_1_skl9,9,Гузь Ігор Володимирович,Ігор,Володимирович,Гузь,І.В.,,29.08.2019,,"Виборчий округ № 19, Волинська область",Виборчий округ № 19,19,7,Волинська область,безпартійний,50,Безпартійний,,"освіта вища, народний депутат України, безпартійний, судимість відсутня, самовисування.",http://itd.rada.gov.ua/mps/info/page/14674,http://static.rada.gov.ua/dep_img9/d19_1.jpg,d19_1,1,11.01.1982,Вища,,,народний депутат України,народний депутат України,так,ні,
21208,11,mp-d20_1_skl9,9,Рубльов Вячеслав Володимирович,Вячеслав,Володимирович,Рубльов,В.В.,,29.08.2019,,"Виборчий округ № 20, Волинська область",Виборчий округ № 20,20,7,Волинська область,безпартійний,50,Безпартійний,,"освіта вища, радник голови, Волинська обласна рада, безпартійний, судимість відсутня, суб'єкт висування – ПОЛІТИЧНА ПАРТІЯ ""СЛУГА НАРОДУ"".",http://itd.rada.gov.ua/mps/info/page/21208,http://static.rada.gov.ua/dep_img9/d20_1.jpg,d20_1,1,25.02.1979,Вища,,,радник голови,Волинська обласна рада,ні,так,
15733,12,mp-d21_1_skl9,9,Івахів Степан Петрович,Степан,Петрович,Івахів,С.П.,,29.08.2019,,"Виборчий округ № 21, Волинська область",Виборчий округ № 21,21,7,Волинська область,безпартійний,50,Безпартійний,,"освіта вища, народний депутат України, безпартійний, судимість відсутня, самовисування.",http://itd.rada.gov.ua/mps/info/page/15733,http://static.rada.gov.ua/dep_img9/d21_1.jpg,d21_1,1,24.01.1968,Вища,,,народний депутат України,народний депутат України,так,ні,
11133,13,mp-d22_1_skl9,9,Палиця Ігор Петрович,Ігор,Петрович,Палиця,І.П.,,29.08.2019,,"Виборчий округ № 22, Волинська область",Виборчий округ № 22,22,7,Волинська область,,224,"ПОЛІТИЧНА ПАРТІЯ ""УКРАЇНСЬКЕ ОБ'ЄДНАННЯ ПАТРІОТІВ – УКРОП""",,"освіта вища, голова, Волинська обласна рада, член ПОЛІТИЧНОЇ ПАРТІЇ ""УКРАЇНСЬКЕ ОБ'ЄДНАННЯ ПАТРІОТІВ – УКРОП"", судимість відсутня, самовисування.",http://itd.rada.gov.ua/mps/info/page/11133,http://static.rada.gov.ua/dep_img9/d22_1.jpg,d22_1,1,10.12.1972,Вища,,,голова,Волинська обласна рада,ні,ні,
20103,14,mp-d23_1_skl9,9,Констанкевич Ірина Мирославівна,Ірина,Мирославівна,Констанкевич,І.М.,,29.08.2019,,"Виборчий округ № 23, Волинська область",Виборчий округ № 23,23,7,Волинська область,,224,"ПОЛІТИЧНА ПАРТІЯ ""УКРАЇНСЬКЕ ОБ'ЄДНАННЯ ПАТРІОТІВ – УКРОП""",,"освіта вища, народний депутат України, член ПОЛІТИЧНОЇ ПАРТІЇ ""УКРАЇНСЬКЕ ОБ'ЄДНАННЯ ПАТРІОТІВ – УКРОП"", судимість відсутня, самовисування.",http://itd.rada.gov.ua/mps/info/page/20103,http://static.rada.gov.ua/dep_img9/d23_1.jpg,d23_1,2,23.06.1965,Вища,,,народний депутат України,народний депутат України,так,ні,
21130,15,mp-d24_1_skl9,9,Кисилевський Дмитро Давидович,Дмитро,Давидович,Кисилевський,Д.Д.,,29.08.2019,,"Виборчий округ № 24, Дніпропетровська область",Виборчий округ № 24,24,12,Дніпропетровська область,безпартійний,50,Безпартійний,,"освіта вища, директор з корпоративних відносин, ТОВ ""ІНТЕРПАЙП УКРАЇНА"", безпартійний, судимість відсутня, суб'єкт висування – ПОЛІТИЧНА ПАРТІЯ ""СЛУГА НАРОДУ"".",http://itd.rada.gov.ua/mps/info/page/21130,http://static.rada.gov.ua/dep_img9/d24_1.jpg,d24_1,1,23.04.1983,Вища,,,директор з корпоративних відносин,"ТОВ ""ІНТЕРПАЙП УКРАЇНА""",ні,так,
20993,16,mp-d25_1_skl9,9,Бужанський Максим Аркадійович,Максим,Аркадійович,Бужанський,М.А.,,29.08.2019,,"Виборчий округ № 25, Дніпропетровська область",Виборчий округ № 25,25,12,Дніпропетровська область,безпартійний,50,Безпартійний,,"освіта вища, менеджер, ТОВ ""Арна"", безпартійний, судимість відсутня, суб'єкт висування – ПОЛІТИЧНА ПАРТІЯ ""СЛУГА НАРОДУ"".",http://itd.rada.gov.ua/mps/info/page/20993,http://static.rada.gov.ua/dep_img9/d25_1.jpg,d25_1,1,24.11.1974,Вища,,,менеджер,"ТОВ ""Арна""",ні,так,
21260,17,mp-d26_1_skl9,9,Нестеренко Кирилл Олександрович,Кирилл,Олександрович,Нестеренко,К.О.,,29.08.2019,,"Виборчий округ № 26, Дніпропетровська область",Виборчий округ № 26,26,12,Дніпропетровська область,безпартійний,50,Безпартійний,,"освіта вища, директор з розвитку, ТДВ ""Дніпрокомунтранс"", безпартійний, судимість відсутня, суб'єкт висування – ПОЛІТИЧНА ПАРТІЯ ""СЛУГА НАРОДУ"".",http://itd.rada.gov.ua/mps/info/page/21260,http://static.rada.gov.ua/dep_img9/d26_1.jpg,d26_1,1,08.02.1993,Вища,,,директор з розвитку,"ТДВ ""Дніпрокомунтранс""",ні,так,
21226,18,mp-d27_1_skl9,9,Медяник В'ячеслав Анатолійович,В'ячеслав,Анатолійович,Медяник,В.А.,,29.08.2019,,"Виборчий округ № 27, Дніпропетровська область",Виборчий округ № 27,27,12,Дніпропетровська область,безпартійний,50,Безпартійний,,"освіта вища, фізична особа – підприємець, безпартійний, судимість відсутня, суб'єкт висування – ПОЛІТИЧНА ПАРТІЯ ""СЛУГА НАРОДУ"".",http://itd.rada.gov.ua/mps/info/page/21226,http://static.rada.gov.ua/dep_img9/d27_1.jpg,d27_1,1,03.08.1987,Вища,,,фізична особа – підприємець,фізична особа – підприємець,ні,так,
21234,19,mp-d28_1_skl9,9,Мисягін Юрій Михайлович,Юрій,Михайлович,Мисягін,Ю.М.,,29.08.2019,,"Виборчий округ № 28, Дніпропетровська область",Виборчий округ № 28,28,12,Дніпропетровська область,безпартійний,50,Безпартійний,,"освіта загальна середня, фізична особа – підприємець, безпартійний, судимість відсутня, суб'єкт висування – ПОЛІТИЧНА ПАРТІЯ ""СЛУГА НАРОДУ"".",http://itd.rada.gov.ua/mps/info/page/21234,http://static.rada.gov.ua/dep_img9/d28_1.jpg,d28_1,1,21.03.1974,Загальна середня,,,фізична особа – підприємець,фізична особа – підприємець,ні,так,
21035,20,mp-d29_1_skl9,9,Демченко Сергій Олексійович,Сергій,Олексійович,Демченко,С.О.,,29.08.2019,,"Виборчий округ № 29, Дніпропетровська область",Виборчий округ № 29,29,12,Дніпропетровська область,безпартійний,50,Безпартійний,,"освіта вища, адвокат, безпартійний, судимість відсутня, суб'єкт висування – ПОЛІТИЧНА ПАРТІЯ ""СЛУГА НАРОДУ"".",http://itd.rada.gov.ua/mps/info/page/21035,http://static.rada.gov.ua/dep_img9/d29_1.jpg,d29_1,1,13.03.1976,Вища,,,адвокат,адвокат,ні,так,
21191,21,mp-d30_1_skl9,9,Лічман Ганна Василівна,Ганна,Василівна,Лічман,Г.В.,,29.08.2019,,"Виборчий округ № 30, Дніпропетровська область",Виборчий округ № 30,30,12,Дніпропетровська область,безпартійна,50,Безпартійний,,"освіта вища, директор, Благодійна організація ""ВСЕУКРАЇНСЬКИЙ БЛАГОДІЙНИЙ ФОНД ""АТБ"", безпартійнa, судимість відсутня, суб'єкт висування – ПОЛІТИЧНА ПАРТІЯ ""СЛУГА НАРОДУ"".",http://itd.rada.gov.ua/mps/info/page/21191,http://static.rada.gov.ua/dep_img9/d30_1.jpg,d30_1,2,31.01.1978,Вища,,,директор,"Благодійна організація ""ВСЕУКРАЇНСЬКИЙ БЛАГОДІЙНИЙ ФОНД ""АТБ""",ні,так,
21104,22,mp-d31_1_skl9,9,Захарченко Володимир Васильович,Володимир,Васильович,Захарченко,В.В.,,29.08.2019,,"Виборчий округ № 31, Дніпропетровська область",Виборчий округ № 31,31,12,Дніпропетровська область,,226,"ПОЛІТИЧНА ПАРТІЯ ""СЛУГА НАРОДУ""",,"освіта вища, директор з безпеки, ТОВ ""Завод бурової техніки ""ДСД"", член ПОЛІТИЧНОЇ ПАРТІЇ ""СЛУГА НАРОДУ"", судимість відсутня, суб'єкт висування – ПОЛІТИЧНА ПАРТІЯ ""СЛУГА НАРОДУ"".",http://itd.rada.gov.ua/mps/info/page/21104,http://static.rada.gov.ua/dep_img9/d31_1.jpg,d31_1,1,27.01.1971,Вища,,,директор з безпеки,"ТОВ ""Завод бурової техніки ""ДСД""",ні,так,
21163,23,mp-d32_1_skl9,9,Криворучкіна Олена Володимирівна,Олена,Володимирівна,Криворучкіна,О.В.,,29.08.2019,,"Виборчий округ № 32, Дніпропетровська область",Виборчий округ № 32,32,12,Дніпропетровська область,,226,"ПОЛІТИЧНА ПАРТІЯ ""СЛУГА НАРОДУ""",,"освіта вища, доцент кафедри економіки та підприємництва, ДВНЗ ""Київський національний економічний університет імені Вадима Гетьмана"", член ПОЛІТИЧНОЇ ПАРТІЇ ""СЛУГА НАРОДУ"", судимість відсутня, суб'єкт висування – ПОЛІТИЧНА ПАРТІЯ ""СЛУГА НАРОДУ"".",http://itd.rada.gov.ua/mps/info/page/21163,http://static.rada.gov.ua/dep_img9/d32_1.jpg,d32_1,2,18.10.1971,Вища,"ДВНЗ ""Київський національний економічний університет імені Вадима Гетьмана""",доцент кафедри економіки та підприємництва,,"доцент кафедри економіки та підприємництва, ДВНЗ ""Київський національний економічний університет імені Вадима Гетьмана""",ні,так,
21154,24,mp-d33_1_skl9,9,Корявченков Юрій Валерійович,Юрій,Валерійович,Корявченков,Ю.В.,,29.08.2019,,"Виборчий округ № 33, Дніпропетровська область",Виборчий округ № 33,33,12,Дніпропетровська область,,226,"ПОЛІТИЧНА ПАРТІЯ ""СЛУГА НАРОДУ""",,"освіта вища, актор, ТОВ ""Квартал 95"", член ПОЛІТИЧНОЇ ПАРТІЇ ""СЛУГА НАРОДУ"", судимість відсутня, суб'єкт висування – ПОЛІТИЧНА ПАРТІЯ ""СЛУГА НАРОДУ"".",http://itd.rada.gov.ua/mps/info/page/21154,http://static.rada.gov.ua/dep_img9/d33_1.jpg,d33_1,1,26.11.1974,Вища,,,актор,"ТОВ ""Квартал 95""",ні,так,
21072,25,mp-d34_1_skl9,9,Чорний Дмитро Сергійович,Дмитро,Сергійович,Чорний,Д.С.,,29.08.2019,,"Виборчий округ № 34, Дніпропетровська область",Виборчий округ № 34,34,12,Дніпропетровська область,безпартійний,50,Безпартійний,,"освіта вища, директор, ПП ""Громадська журналістика"", безпартійний, судимість відсутня, суб'єкт висування – ПОЛІТИЧНА ПАРТІЯ ""СЛУГА НАРОДУ"".",http://itd.rada.gov.ua/mps/info/page/21072,http://static.rada.gov.ua/dep_img9/d34_1.jpg,d34_1,1,14.10.1989,Вища,,,директор,"ПП ""Громадська журналістика""",ні,так,
21021,26,mp-d35_1_skl9,9,Герман Денис Вадимович,Денис,Вадимович,Герман,Д.В.,,29.08.2019,,"Виборчий округ № 35, Дніпропетровська область",Виборчий округ № 35,35,12,Дніпропетровська область,безпартійний,50,Безпартійний,,"освіта вища, директор, ТОВ ""Альфа-Косметикс"", безпартійний, судимість відсутня, суб'єкт висування – ПОЛІТИЧНА ПАРТІЯ ""СЛУГА НАРОДУ"".",http://itd.rada.gov.ua/mps/info/page/21021,http://static.rada.gov.ua/dep_img9/d35_1.jpg,d35_1,1,08.09.1981,Вища,,,директор,"ТОВ ""Альфа-Косметикс""",ні,так,
21124,27,mp-d36_1_skl9,9,Каптєлов Роман Володимирович,Роман,Володимирович,Каптєлов,Р.В.,,29.08.2019,,"Виборчий округ № 36, Дніпропетровська область",Виборчий округ № 36,36,12,Дніпропетровська область,безпартійний,50,Безпартійний,,"освіта вища, фізична особа – підприємець, безпартійний, судимість відсутня, суб'єкт висування – ПОЛІТИЧНА ПАРТІЯ ""СЛУГА НАРОДУ"".",http://itd.rada.gov.ua/mps/info/page/21124,http://static.rada.gov.ua/dep_img9/d36_1.jpg,d36_1,1,16.03.1980,Вища,,,фізична особа – підприємець,фізична особа – підприємець,ні,так,
11096,28,mp-d37_1_skl9,9,Шпенов Дмитро Юрійович,Дмитро,Юрійович,Шпенов,Д.Ю.,,29.08.2019,08.12.2023,"Виборчий округ № 37, Дніпропетровська область",Виборчий округ № 37,37,12,Дніпропетровська область,безпартійний,50,Безпартійний,,"освіта вища, народний депутат України, безпартійний, судимість відсутня, самовисування.",http://itd.rada.gov.ua/mps/info/page/11096,http://static.rada.gov.ua/dep_img9/d37_1.jpg,d37_1,1,20.12.1978,Вища,,,народний депутат України,народний депутат України,так,ні,НДУ Особиста письмова заява про складення повноважень
20991,29,mp-d38_1_skl9,9,Бородін Владислав Валерійович,Владислав,Валерійович,Бородін,В.В.,,29.08.2019,,"Виборчий округ № 38, Дніпропетровська область",Виборчий округ № 38,38,12,Дніпропетровська область,безпартійний,50,Безпартійний,,"освіта вища, тимчасово не працює, безпартійний, судимість відсутня, суб'єкт висування – ПОЛІТИЧНА ПАРТІЯ ""СЛУГА НАРОДУ"".",http://itd.rada.gov.ua/mps/info/page/20991,http://static.rada.gov.ua/dep_img9/d38_1.jpg,d38_1,1,18.06.1971,Вища,,,тимчасово не працює,тимчасово не працює,ні,так,
11432,30,mp-d39_1_skl9,9,Северин Сергій Сергійович,Сергій,Сергійович,Северин,С.С.,,29.08.2019,,"Виборчий округ № 39, Дніпропетровська область",Виборчий округ № 39,39,12,Дніпропетровська область,безпартійний,50,Безпартійний,,"освіта вища, заступник голови – начальник управління економіки, бюджету та фінансів, виконавчий апарат Дніпропетровської обласної ради, безпартійний, судимість відсутня, суб'єкт висування – ПОЛІТИЧНА ПАРТІЯ ""СЛУГА НАРОДУ"".",http://itd.rada.gov.ua/mps/info/page/11432,http://static.rada.gov.ua/dep_img9/d39_1.jpg,d39_1,1,20.06.1980,Вища,,,заступник голови – начальник управління економіки,"бюджету та фінансів, виконавчий апарат Дніпропетровської обласної ради",ні,так,
21201,31,mp-d40_1_skl9,9,Трухін Олександр Миколайович,Олександр,Миколайович,Трухін,О.М.,,29.08.2019,23.02.2023,"Виборчий округ № 40, Дніпропетровська область",Виборчий округ № 40,40,12,Дніпропетровська область,безпартійний,50,Безпартійний,,"освіта вища, голова наглядової ради, ПрАТ ""ПРХ"", безпартійний, судимість відсутня, суб'єкт висування – ПОЛІТИЧНА ПАРТІЯ ""СЛУГА НАРОДУ"".",http://itd.rada.gov.ua/mps/info/page/21201,http://static.rada.gov.ua/dep_img9/d40_1.jpg,d40_1,1,10.11.1986,Вища,,,голова наглядової ради,"ПрАТ ""ПРХ""",ні,так,НДУ Особиста письмова заява про складення повноважень
21197,32,mp-d45_1_skl9,9,Магомедов Муса Сергоєвич,Муса,Сергоєвич,Магомедов,М.С.,,29.08.2019,,"Виборчий округ № 45, Донецька область",Виборчий округ № 45,45,14,Донецька область,безпартійний,50,Безпартійний,,"освіта вища, генеральний директор, ПрАТ ""АВДІЇВСЬКИЙ КОКСОХІМІЧНИЙ ЗАВОД"", безпартійний, судимість відсутня, суб'єкт висування – Політична партія ""ОПОЗИЦІЙНИЙ БЛОК"".",http://itd.rada.gov.ua/mps/info/page/21197,http://static.rada.gov.ua/dep_img9/d45_1.jpg,d45_1,1,07.04.1970,Вища,,,генеральний директор,"ПрАТ ""АВДІЇВСЬКИЙ КОКСОХІМІЧНИЙ ЗАВОД""",ні,так,
21083,33,mp-d46_1_skl9,9,Христенко Федір Володимирович,Федір,Володимирович,Христенко,Ф.В.,,29.08.2019,03.01.2026,"Виборчий округ № 46, Донецька область",Виборчий округ № 46,46,14,Донецька область,,227,"Політична партія ""ОПОЗИЦІЙНА ПЛАТФОРМА - ЗА ЖИТТЯ""",,"освіта вища, фізична особа – підприємець, член Політичної партії ""ОПОЗИЦІЙНА ПЛАТФОРМА – ЗА ЖИТТЯ"", судимість відсутня, суб'єкт висування – Політична партія ""ОПОЗИЦІЙНА ПЛАТФОРМА – ЗА ЖИТТЯ"".",http://itd.rada.gov.ua/mps/info/page/21083,http://static.rada.gov.ua/dep_img9/d46_1.jpg,d46_1,1,11.10.1983,Вища,,,фізична особа – підприємець,фізична особа – підприємець,ні,так,НДУ п.2 частини 2 ст. 81 Конституції України
18135,34,mp-d47_1_skl9,9,Солод Юрій Васильович,Юрій,Васильович,Солод,Ю.В.,,29.08.2019,24.02.2023,"Виборчий округ № 47, Донецька область",Виборчий округ № 47,47,14,Донецька область,,227,"Політична партія ""ОПОЗИЦІЙНА ПЛАТФОРМА - ЗА ЖИТТЯ""",,"освіта вища, народний депутат України, член Політичної партії ""ОПОЗИЦІЙНА ПЛАТФОРМА – ЗА ЖИТТЯ"", судимість відсутня, суб'єкт висування – Політична партія ""ОПОЗИЦІЙНА ПЛАТФОРМА – ЗА ЖИТТЯ"".",http://itd.rada.gov.ua/mps/info/page/18135,http://static.rada.gov.ua/dep_img9/d47_1.jpg,d47_1,1,27.04.1972,Вища,,,народний депутат України,народний депутат України,так,ні,НДУ Особиста письмова заява про складення повноважень
18090,35,mp-d48_1_skl9,9,Єфімов Максим Вікторович,Максим,Вікторович,Єфімов,М.В.,,29.08.2019,08.12.2023,"Виборчий округ № 48, Донецька область",Виборчий округ № 48,48,14,Донецька область,безпартійний,50,Безпартійний,,"освіта вища, народний депутат України, безпартійний, судимість відсутня, самовисування.",http://itd.rada.gov.ua/mps/info/page/18090,http://static.rada.gov.ua/dep_img9/d48_1.jpg,d48_1,1,01.11.1974,Вища,,,народний депутат України,народний депутат України,так,ні,НДУ Особиста письмова заява про складення повноважень
21024,36,mp-d49_1_skl9,9,Гнатенко Валерій Сергійович,Валерій,Сергійович,Гнатенко,В.С.,,29.08.2019,,"Виборчий округ № 49, Донецька область",Виборчий округ № 49,49,14,Донецька область,,227,"Політична партія ""ОПОЗИЦІЙНА ПЛАТФОРМА - ЗА ЖИТТЯ""",,"освіта вища, Дружківський міський голова, член Політичної партії ""ОПОЗИЦІЙНА ПЛАТФОРМА – ЗА ЖИТТЯ"", судимість відсутня, суб'єкт висування – Політична партія ""ОПОЗИЦІЙНА ПЛАТФОРМА – ЗА ЖИТТЯ"".",http://itd.rada.gov.ua/mps/info/page/21024,http://static.rada.gov.ua/dep_img9/d49_1.jpg,d49_1,1,03.02.1967,Вища,,,Дружківський міський голова,Дружківський міський голова,ні,так,
21119,37,mp-d50_1_skl9,9,Требушкін Руслан Валерійович,Руслан,Валерійович,Требушкін,Р.В.,,29.08.2019,16.12.2020,"Виборчий округ № 50, Донецька область",Виборчий округ № 50,50,14,Донецька область,безпартійний,50,Безпартійний,,"освіта вища, Покровський міський голова, безпартійний, судимість відсутня, суб'єкт висування – Політична партія ""ОПОЗИЦІЙНИЙ БЛОК"".",http://itd.rada.gov.ua/mps/info/page/21119,http://static.rada.gov.ua/dep_img9/d50_1.jpg,d50_1,1,27.11.1975,Вища,,,Покровський міський голова,Покровський міський голова,ні,так,НДУ Особиста письмова заява про складення повноважень
21139,38,mp-d51_1_skl9,9,Ковальов Олександр Іванович,Олександр,Іванович,Ковальов,О.І.,,29.08.2019,,"Виборчий округ № 51, Донецька область",Виборчий округ № 51,51,14,Донецька область,безпартійний,50,Безпартійний,,"освіта вища, пенсіонер, безпартійний, судимість відсутня, самовисування.",http://itd.rada.gov.ua/mps/info/page/21139,http://static.rada.gov.ua/dep_img9/d51_1.jpg,d51_1,1,07.10.1967,Вища,,,пенсіонер,пенсіонер,ні,так,
21057,39,mp-d52_1_skl9,9,Яковенко Євген Геннадійович,Євген,Геннадійович,Яковенко,Є.Г.,,29.08.2019,,"Виборчий округ № 52, Донецька область",Виборчий округ № 52,52,14,Донецька область,безпартійний,50,Безпартійний,,"освіта вища, директор, ПП ТПК ""АЛЬКОН"", безпартійний, судимість відсутня, суб'єкт висування – політична партія Всеукраїнське об'єднання ""Батьківщина"".",http://itd.rada.gov.ua/mps/info/page/21057,http://static.rada.gov.ua/dep_img9/d52_1.jpg,d52_1,1,06.06.1965,Вища,,,директор,"ПП ТПК ""АЛЬКОН""",ні,так,
17108,40,mp-d57_1_skl9,9,Новинський Вадим Владиславович,Вадим,Владиславович,Новинський,В.В.,,29.08.2019,08.07.2022,"Виборчий округ № 57, Донецька область",Виборчий округ № 57,57,14,Донецька область,,213,"Політична партія ""Опозиційний блок""",,"освіта вища, народний депутат України, член Політичної партії ""ОПОЗИЦІЙНИЙ БЛОК"", судимість відсутня, суб'єкт висування – Політична партія ""ОПОЗИЦІЙНИЙ БЛОК"".",http://itd.rada.gov.ua/mps/info/page/17108,http://static.rada.gov.ua/dep_img9/d57_1.jpg,d57_1,1,03.06.1963,Вища,,,народний депутат України,народний депутат України,так,ні,НДУ Особиста письмова заява про складення повноважень
21196,41,mp-d58_1_skl9,9,Магера Сергій Васильович,Сергій,Васильович,Магера,С.В.,,29.08.2019,,"Виборчий округ № 58, Донецька область",Виборчий округ № 58,58,14,Донецька область,,213,"Політична партія ""Опозиційний блок""",,"освіта вища, директор з регіонального розвитку, ПрАТ ""Маріупольський металургійний комбінат Імені Ілліча"", член Політичної партії ""ОПОЗИЦІЙНИЙ БЛОК"", судимість відсутня, суб'єкт висування – Політична партія ""ОПОЗИЦІЙНИЙ БЛОК"".",http://itd.rada.gov.ua/mps/info/page/21196,http://static.rada.gov.ua/dep_img9/d58_1.jpg,d58_1,1,08.11.1956,Вища,,,директор з регіонального розвитку,"ПрАТ ""Маріупольський металургійний комбінат Імені Ілліча""",ні,так,
21243,42,mp-d59_1_skl9,9,Мороз Володимир Вікторович,Володимир,Вікторович,Мороз,В.В.,,29.08.2019,21.04.2025,"Виборчий округ № 59, Донецька область",Виборчий округ № 59,59,14,Донецька область,,227,"Політична партія ""ОПОЗИЦІЙНА ПЛАТФОРМА - ЗА ЖИТТЯ""",,"освіта вища, голова, Мар'їнська районна державна адміністрація, член Політичної партії ""ОПОЗИЦІЙНА ПЛАТФОРМА – ЗА ЖИТТЯ"", судимість відсутня, суб'єкт висування – Політична партія ""ОПОЗИЦІЙНА ПЛАТФОРМА – ЗА ЖИТТЯ"".",http://itd.rada.gov.ua/mps/info/page/21243,http://static.rada.gov.ua/dep_img9/d59_1.jpg,d59_1,1,24.10.1967,Вища,,,голова,Мар'їнська районна державна адміністрація,ні,так,НДУ Смерть
18116,43,mp-d60_1_skl9,9,Лубінець Дмитро Валерійович,Дмитро,Валерійович,Лубінець,Д.В.,,29.08.2019,01.07.2022,"Виборчий округ № 60, Донецька область",Виборчий округ № 60,60,14,Донецька область,безпартійний,50,Безпартійний,,"освіта вища, народний депутат України, безпартійний, судимість відсутня, самовисування.",http://itd.rada.gov.ua/mps/info/page/18116,http://static.rada.gov.ua/dep_img9/d60_1.jpg,d60_1,1,04.07.1981,Вища,,,народний депутат України,народний депутат України,так,ні,НДУ Особиста письмова заява про складення повноважень
21020,44,mp-d62_1_skl9,9,Герасименко Ігор Леонідович,Ігор,Леонідович,Герасименко,І.Л.,,29.08.2019,,"Виборчий округ № 62, Житомирська область",Виборчий округ № 62,62,18,Житомирська область,безпартійний,50,Безпартійний,,"освіта вища, пенсіонер, безпартійний, судимість відсутня, суб'єкт висування – ПОЛІТИЧНА ПАРТІЯ ""СЛУГА НАРОДУ"".",http://itd.rada.gov.ua/mps/info/page/21020,http://static.rada.gov.ua/dep_img9/d62_1.jpg,d62_1,1,05.01.1984,Вища,,,пенсіонер,пенсіонер,ні,так,
21131,45,mp-d63_1_skl9,9,Кицак Богдан Вікторович,Богдан,Вікторович,Кицак,Б.В.,,29.08.2019,,"Виборчий округ № 63, Житомирська область",Виборчий округ № 63,63,18,Житомирська область,безпартійний,50,Безпартійний,,"освіта вища, викладач, КЗ ""Бердичівський педагогічний коледж"", безпартійний, судимість відсутня, суб'єкт висування – ПОЛІТИЧНА ПАРТІЯ ""СЛУГА НАРОДУ"".",http://itd.rada.gov.ua/mps/info/page/21131,http://static.rada.gov.ua/dep_img9/d63_1.jpg,d63_1,1,02.09.1992,Вища,,,викладач,"КЗ ""Бердичівський педагогічний коледж""",ні,так,
18058,46,mp-d64_1_skl9,9,Арешонков Володимир Юрійович,Володимир,Юрійович,Арешонков,В.Ю.,,29.08.2019,,"Виборчий округ № 64, Житомирська область",Виборчий округ № 64,64,18,Житомирська область,безпартійний,50,Безпартійний,,"освіта вища, народний депутат України, безпартійний, судимість відсутня, самовисування.",http://itd.rada.gov.ua/mps/info/page/18058,http://static.rada.gov.ua/dep_img9/d64_1.jpg,d64_1,1,17.12.1957,Вища,,,народний депутат України,народний депутат України,так,ні,
21157,47,mp-d65_1_skl9,9,Костюк Дмитро Сергійович,Дмитро,Сергійович,Костюк,Д.С.,,29.08.2019,,"Виборчий округ № 65, Житомирська область",Виборчий округ № 65,65,18,Житомирська область,безпартійний,50,Безпартійний,,"освіта вища, журналіст, телеканал ""Еспресо"", безпартійний, судимість відсутня, суб'єкт висування – ПОЛІТИЧНА ПАРТІЯ ""СЛУГА НАРОДУ"".",http://itd.rada.gov.ua/mps/info/page/21157,http://static.rada.gov.ua/dep_img9/d65_1.jpg,d65_1,1,01.06.1993,Вища,,,журналіст,"телеканал ""Еспресо""",ні,так,
21030,48,mp-d66_1_skl9,9,Грищенко Тетяна Миколаївна,Тетяна,Миколаївна,Грищенко,Т.М.,,29.08.2019,,"Виборчий округ № 66, Житомирська область",Виборчий округ № 66,66,18,Житомирська область,безпартійна,50,Безпартійний,,"освіта середня спеціальна, тимчасово не працює, безпартійнa, судимість відсутня, суб'єкт висування – ПОЛІТИЧНА ПАРТІЯ ""СЛУГА НАРОДУ"".",http://itd.rada.gov.ua/mps/info/page/21030,http://static.rada.gov.ua/dep_img9/d66_1.jpg,d66_1,2,27.08.1979,Середня спеціальна,,,тимчасово не працює,тимчасово не працює,ні,так,
21171,49,mp-d67_1_skl9,9,Кузьміних Сергій Володимирович,Сергій,Володимирович,Кузьміних,С.В.,,29.08.2019,,"Виборчий округ № 67, Житомирська область",Виборчий округ № 67,67,18,Житомирська область,безпартійний,50,Безпартійний,,"освіта вища, фізична особа – підприємець, безпартійний, судимість відсутня, суб'єкт висування – ПОЛІТИЧНА ПАРТІЯ ""СЛУГА НАРОДУ"".",http://itd.rada.gov.ua/mps/info/page/21171,http://static.rada.gov.ua/dep_img9/d67_1.jpg,d67_1,1,17.01.1983,Вища,,,фізична особа – підприємець,фізична особа – підприємець,ні,так,
18075,50,mp-d68_1_skl9,9,Горват Роберт Іванович,Роберт,Іванович,Горват,Р.І.,,29.08.2019,,"Виборчий округ № 68, Закарпатська область",Виборчий округ № 68,68,21,Закарпатська область,безпартійний,50,Безпартійний,,"освіта вища, народний депутат України, безпартійний, судимість відсутня, самовисування.",http://itd.rada.gov.ua/mps/info/page/18075,http://static.rada.gov.ua/dep_img9/d68_1.jpg,d68_1,1,17.02.1969,Вища,,,народний депутат України,народний депутат України,так,ні,
5566,51,mp-d69_1_skl9,9,Балога Віктор Іванович,Віктор,Іванович,Балога,В.І.,,29.08.2019,,"Виборчий округ № 69, Закарпатська область",Виборчий округ № 69,69,21,Закарпатська область,,192,Політична партія Єдиний Центр,,"освіта вища, народний депутат України, член політичної партії Єдиний Центр, судимість відсутня, суб'єкт висування – політична партія Єдиний Центр.",http://itd.rada.gov.ua/mps/info/page/5566,http://static.rada.gov.ua/dep_img9/d69_1.jpg,d69_1,1,15.06.1963,Вища,,,народний депутат України,народний депутат України,так,ні,
21176,52,mp-d70_1_skl9,9,Лаба Михайло Михайлович,Михайло,Михайлович,Лаба,М.М.,,29.08.2019,,"Виборчий округ № 70, Закарпатська область",Виборчий округ № 70,70,21,Закарпатська область,безпартійний,50,Безпартійний,,"освіта вища, Невицький сільський голова, безпартійний, судимість відсутня, суб'єкт висування – ПОЛІТИЧНА ПАРТІЯ ""СЛУГА НАРОДУ"".",http://itd.rada.gov.ua/mps/info/page/21176,http://static.rada.gov.ua/dep_img9/d70_1.jpg,d70_1,1,29.10.1975,Вища,,,Невицький сільський голова,Невицький сільський голова,ні,так,
15662,53,mp-d71_1_skl9,9,Лунченко Валерій Валерійович,Валерій,Валерійович,Лунченко,В.В.,,29.08.2019,,"Виборчий округ № 71, Закарпатська область",Виборчий округ № 71,71,21,Закарпатська область,безпартійний,50,Безпартійний,,"освіта вища, народний депутат України, безпартійний, судимість відсутня, самовисування.",http://itd.rada.gov.ua/mps/info/page/15662,http://static.rada.gov.ua/dep_img9/d71_1.jpg,d71_1,1,13.10.1982,Вища,,,народний депутат України,народний депутат України,так,ні,
11131,54,mp-d72_1_skl9,9,Петьовка Василь Васильович,Василь,Васильович,Петьовка,В.В.,,29.08.2019,,"Виборчий округ № 72, Закарпатська область",Виборчий округ № 72,72,21,Закарпатська область,безпартійний,50,Безпартійний,,"освіта вища, народний депутат України, безпартійний, судимість відсутня, самовисування.",http://itd.rada.gov.ua/mps/info/page/11131,http://static.rada.gov.ua/dep_img9/d72_1.jpg,d72_1,1,30.01.1967,Вища,,,народний депутат України,народний депутат України,так,ні,
21272,55,mp-d73_1_skl9,9,Поляк Владіслав Миколайович,Владіслав,Миколайович,Поляк,В.М.,,29.08.2019,,"Виборчий округ № 73, Закарпатська область",Виборчий округ № 73,73,21,Закарпатська область,безпартійний,50,Безпартійний,,"освіта вища, фізична особа – підприємець, безпартійний, судимість відсутня, самовисування.",http://itd.rada.gov.ua/mps/info/page/21272,http://static.rada.gov.ua/dep_img9/d73_1.jpg,d73_1,1,10.08.1975,Вища,,,фізична особа – підприємець,фізична особа – підприємець,ні,так,
21125,56,mp-d74_1_skl9,9,Касай Геннадій Олександрович,Геннадій,Олександрович,Касай,Г.О.,,29.08.2019,,"Виборчий округ № 74, Запорізька область",Виборчий округ № 74,74,23,Запорізька область,безпартійний,50,Безпартійний,,"освіта вища, генеральний директор спортивного комплексу, ПАТ ""Мотор Січ"", безпартійний, судимість відсутня, суб'єкт висування – ПОЛІТИЧНА ПАРТІЯ ""СЛУГА НАРОДУ"".",http://itd.rada.gov.ua/mps/info/page/21125,http://static.rada.gov.ua/dep_img9/d74_1.jpg,d74_1,1,28.11.1972,Вища,,,генеральний директор спортивного комплексу,"ПАТ ""Мотор Січ""",ні,так,
21182,57,mp-d75_1_skl9,9,Соха Роман Васильович,Роман,Васильович,Соха,Р.В.,,29.08.2019,,"Виборчий округ № 75, Запорізька область",Виборчий округ № 75,75,23,Запорізька область,,226,"ПОЛІТИЧНА ПАРТІЯ ""СЛУГА НАРОДУ""",,"освіта вища, тимчасово не працює, член ПОЛІТИЧНОЇ ПАРТІЇ ""СЛУГА НАРОДУ"", судимість відсутня, суб'єкт висування – ПОЛІТИЧНА ПАРТІЯ ""СЛУГА НАРОДУ"".",http://itd.rada.gov.ua/mps/info/page/21182,http://static.rada.gov.ua/dep_img9/d75_1.jpg,d75_1,1,18.10.1975,Вища,,,тимчасово не працює,тимчасово не працює,ні,так,
21062,58,mp-d76_1_skl9,9,Шевченко Євгеній Володимирович,Євгеній,Володимирович,Шевченко,Є.В.,,29.08.2019,,"Виборчий округ № 76, Запорізька область",Виборчий округ № 76,76,23,Запорізька область,безпартійний,50,Безпартійний,,"освіта вища, фізична особа – підприємець, безпартійний, судимість відсутня, суб'єкт висування – ПОЛІТИЧНА ПАРТІЯ ""СЛУГА НАРОДУ"".",http://itd.rada.gov.ua/mps/info/page/21062,http://static.rada.gov.ua/dep_img9/d76_1.jpg,d76_1,1,04.05.1972,Вища,,,фізична особа – підприємець,фізична особа – підприємець,ні,так,
21073,59,mp-d77_1_skl9,9,Штепа Сергій Сергійович,Сергій,Сергійович,Штепа,С.С.,,29.08.2019,,"Виборчий округ № 77, Запорізька область",Виборчий округ № 77,77,23,Запорізька область,безпартійний,50,Безпартійний,,"освіта вища, тимчасово не працює, безпартійний, судимість відсутня, суб'єкт висування – ПОЛІТИЧНА ПАРТІЯ ""СЛУГА НАРОДУ"".",http://itd.rada.gov.ua/mps/info/page/21073,http://static.rada.gov.ua/dep_img9/d77_1.jpg,d77_1,1,30.04.1990,Вища,,,тимчасово не працює,тимчасово не працює,ні,так,
15760,60,mp-d78_1_skl9,9,Пономарьов Олександр Сергійович,Олександр,Сергійович,Пономарьов,О.С.,,29.08.2019,,"Виборчий округ № 78, Запорізька область",Виборчий округ № 78,78,23,Запорізька область,безпартійний,50,Безпартійний,,"освіта вища, народний депутат України, безпартійний, судимість відсутня, суб'єкт висування – Політична партія ""ОПОЗИЦІЙНА ПЛАТФОРМА – ЗА ЖИТТЯ"".",http://itd.rada.gov.ua/mps/info/page/15760,http://static.rada.gov.ua/dep_img9/d78_1.jpg,d78_1,1,07.01.1962,Вища,,,народний депутат України,народний депутат України,так,ні,
21052,61,mp-d79_1_skl9,9,Яцик Юлія Григорівна,Юлія,Григорівна,Яцик,Ю.Г.,,29.08.2019,,"Виборчий округ № 79, Запорізька область",Виборчий округ № 79,79,23,Запорізька область,,226,"ПОЛІТИЧНА ПАРТІЯ ""СЛУГА НАРОДУ""",,"освіта вища, керуюча, адвокатське бюро ""Адвокатська компанія Юлії Яцик"", член ПОЛІТИЧНОЇ ПАРТІЇ ""СЛУГА НАРОДУ"", судимість відсутня, суб'єкт висування – ПОЛІТИЧНА ПАРТІЯ ""СЛУГА НАРОДУ"".",http://itd.rada.gov.ua/mps/info/page/21052,http://static.rada.gov.ua/dep_img9/d79_1.jpg,d79_1,2,14.08.1979,Вища,,,керуюча,"адвокатське бюро ""Адвокатська компанія Юлії Яцик""",ні,так,
21237,62,mp-d80_1_skl9,9,Мінько Сергій Анатолійович,Сергій,Анатолійович,Мінько,С.А.,,29.08.2019,,"Виборчий округ № 80, Запорізька область",Виборчий округ № 80,80,23,Запорізька область,безпартійний,50,Безпартійний,,"освіта вища, Мелітопольський міський голова Запорізької області, безпартійний, судимість відсутня, самовисування.",http://itd.rada.gov.ua/mps/info/page/21237,http://static.rada.gov.ua/dep_img9/d80_1.jpg,d80_1,1,20.09.1973,Вища,,,Мелітопольський міський голова Запорізької області,Мелітопольський міський голова Запорізької області,ні,так,
21231,63,mp-d81_1_skl9,9,Мельник Павло Вікторович,Павло,Вікторович,Мельник,П.В.,,29.08.2019,,"Виборчий округ № 81, Запорізька область",Виборчий округ № 81,81,23,Запорізька область,безпартійний,50,Безпартійний,,"освіта вища, піар-директор, благодійний фонд ""Алкоголь СТОП"", безпартійний, судимість відсутня, суб'єкт висування – ПОЛІТИЧНА ПАРТІЯ ""СЛУГА НАРОДУ"".",http://itd.rada.gov.ua/mps/info/page/21231,http://static.rada.gov.ua/dep_img9/d81_1.jpg,d81_1,1,26.06.1984,Вища,,,піар-директор,"благодійний фонд ""Алкоголь СТОП""",ні,так,
21261,64,mp-d82_1_skl9,9,Нікітіна Марина Вікторівна,Марина,Вікторівна,Нікітіна,М.В.,,29.08.2019,,"Виборчий округ № 82, Запорізька область",Виборчий округ № 82,82,23,Запорізька область,безпартійна,50,Безпартійний,,"освіта вища, тимчасово не працює, безпартійнa, судимість відсутня, суб'єкт висування – ПОЛІТИЧНА ПАРТІЯ ""СЛУГА НАРОДУ"".",http://itd.rada.gov.ua/mps/info/page/21261,http://static.rada.gov.ua/dep_img9/d82_1.jpg,d82_1,2,16.04.1986,Вища,,,тимчасово не працює,тимчасово не працює,ні,так,
21095,65,mp-d83_1_skl9,9,Савчук Оксана Василівна,Оксана,Василівна,Савчук,О.В.,,29.08.2019,,"Виборчий округ № 83, Івано-Франківська область",Виборчий округ № 83,83,26,Івано-Франківська область,,117,"Політична партія Всеукраїнське об'єднання ""Свобода""",,"освіта вища, секретар, Івано-Франківська міська рада, член політичної партії Всеукраїнське об'єднання ""Свобода"", судимість відсутня, суб'єкт висування – політична партія Всеукраїнське об'єднання ""Свобода"".",http://itd.rada.gov.ua/mps/info/page/21095,http://static.rada.gov.ua/dep_img9/d83_1.jpg,d83_1,2,20.03.1983,Вища,,,секретар,Івано-Франківська міська рада,ні,так,
21084,66,mp-d84_1_skl9,9,Фріс Ігор Павлович,Ігор,Павлович,Фріс,І.П.,,29.08.2019,,"Виборчий округ № 84, Івано-Франківська область",Виборчий округ № 84,84,26,Івано-Франківська область,безпартійний,50,Безпартійний,,"освіта вища, приватний нотаріус, Івано-Франківський міський нотаріальний округ, безпартійний, судимість відсутня, суб'єкт висування – ПОЛІТИЧНА ПАРТІЯ ""СЛУГА НАРОДУ"".",http://itd.rada.gov.ua/mps/info/page/21084,http://static.rada.gov.ua/dep_img9/d84_1.jpg,d84_1,1,29.09.1973,Вища,,,приватний нотаріус,Івано-Франківський міський нотаріальний округ,ні,так,
21276,67,mp-d85_1_skl9,9,Прощук Едуард Петрович,Едуард,Петрович,Прощук,Е.П.,,29.08.2019,,"Виборчий округ № 85, Івано-Франківська область",Виборчий округ № 85,85,26,Івано-Франківська область,безпартійний,50,Безпартійний,,"освіта вища, заступник голови, споживспілка Івано-Франківської області, безпартійний, судимість відсутня, суб'єкт висування – ПОЛІТИЧНА ПАРТІЯ ""СЛУГА НАРОДУ"".",http://itd.rada.gov.ua/mps/info/page/21276,http://static.rada.gov.ua/dep_img9/d85_1.jpg,d85_1,1,19.02.1982,Вища,,,заступник голови,споживспілка Івано-Франківської області,ні,так,
21223,68,mp-d86_1_skl9,9,Матусевич Олександр Борисович,Олександр,Борисович,Матусевич,О.Б.,,29.08.2019,,"Виборчий округ № 86, Івано-Франківська область",Виборчий округ № 86,86,26,Івано-Франківська область,безпартійний,50,Безпартійний,,"освіта вища, директор, ДП ""Вигодське лісове господарство"", безпартійний, судимість відсутня, суб'єкт висування – ПОЛІТИЧНА ПАРТІЯ ""СЛУГА НАРОДУ"".",http://itd.rada.gov.ua/mps/info/page/21223,http://static.rada.gov.ua/dep_img9/d86_1.jpg,d86_1,1,20.03.1974,Вища,,,директор,"ДП ""Вигодське лісове господарство""",ні,так,
20968,69,mp-d87_1_skl9,9,Андрійович Зіновій Мирославович,Зіновій,Мирославович,Андрійович,З.М.,,29.08.2019,17.11.2020,"Виборчий округ № 87, Івано-Франківська область",Виборчий округ № 87,87,26,Івано-Франківська область,безпартійний,50,Безпартійний,,"освіта вища, Надвірнянський міський голова, безпартійний, судимість відсутня, суб'єкт висування – ПОЛІТИЧНА ПАРТІЯ ""СЛУГА НАРОДУ"".",http://itd.rada.gov.ua/mps/info/page/20968,http://static.rada.gov.ua/dep_img9/d87_1.jpg,d87_1,1,10.01.1972,Вища,,,Надвірнянський міський голова,Надвірнянський міський голова,ні,так,НДУ Особиста письмова заява про складення повноважень
15654,70,mp-d88_1_skl9,9,Іванчук Андрій Володимирович,Андрій,Володимирович,Іванчук,А.В.,,29.08.2019,25.09.2023,"Виборчий округ № 88, Івано-Франківська область",Виборчий округ № 88,88,26,Івано-Франківська область,безпартійний,50,Безпартійний,,"освіта вища, народний депутат України, безпартійний, судимість відсутня, самовисування.",http://itd.rada.gov.ua/mps/info/page/15654,http://static.rada.gov.ua/dep_img9/d88_1.jpg,d88_1,1,16.06.1973,Вища,,,народний депутат України,народний депутат України,так,ні,НДУ Смерть
21089,71,mp-d89_1_skl9,9,Тимофійчук Володимир Ярославович,Володимир,Ярославович,Тимофійчук,В.Я.,,29.08.2019,,"Виборчий округ № 89, Івано-Франківська область",Виборчий округ № 89,89,26,Івано-Франківська область,,226,"ПОЛІТИЧНА ПАРТІЯ ""СЛУГА НАРОДУ""",,"освіта вища, директор, ПП ""Агро-Лідер"", член ПОЛІТИЧНОЇ ПАРТІЇ ""СЛУГА НАРОДУ"", судимість відсутня, суб'єкт висування – ПОЛІТИЧНА ПАРТІЯ ""СЛУГА НАРОДУ"".",http://itd.rada.gov.ua/mps/info/page/21089,http://static.rada.gov.ua/dep_img9/d89_1.jpg,d89_1,1,17.02.1986,Вища,,,директор,"ПП ""Агро-Лідер""",ні,так,
20974,72,mp-d90_1_skl9,9,Бабенко Микола Вікторович,Микола,Вікторович,Бабенко,М.В.,,29.08.2019,,"Виборчий округ № 90, Київська область",Виборчий округ № 90,90,32,Київська область,безпартійний,50,Безпартійний,,"освіта вища, директор, ТОВ ""Центр залучення інвестицій ""БЦ Інвест"", безпартійний, судимість відсутня, суб'єкт висування – Політична Партія ""Біла Церква разом"".",http://itd.rada.gov.ua/mps/info/page/20974,http://static.rada.gov.ua/dep_img9/d90_1.jpg,d90_1,1,17.09.1980,Вища,,,директор,"ТОВ ""Центр залучення інвестицій ""БЦ Інвест""",ні,так,
21042,73,mp-d91_1_skl9,9,Дунда Олег Андрійович,Олег,Андрійович,Дунда,О.А.,,29.08.2019,,"Виборчий округ № 91, Київська область",Виборчий округ № 91,91,32,Київська область,безпартійний,50,Безпартійний,,"освіта вища, директор, ТОВ ""А.В.С."", безпартійний, судимість відсутня, суб'єкт висування – ПОЛІТИЧНА ПАРТІЯ ""СЛУГА НАРОДУ"".",http://itd.rada.gov.ua/mps/info/page/21042,http://static.rada.gov.ua/dep_img9/d91_1.jpg,d91_1,1,06.03.1980,Вища,,,директор,"ТОВ ""А.В.С.""",ні,так,
21150,74,mp-d92_1_skl9,9,Колюх Валерій Вікторович,Валерій,Вікторович,Колюх,В.В.,,29.08.2019,,"Виборчий округ № 92, Київська область",Виборчий округ № 92,92,32,Київська область,безпартійний,50,Безпартійний,,"освіта вища, професор кафедри політичних наук, Київський національний університет ім. Тараса Шевченка, безпартійний, судимість відсутня, суб'єкт висування – ПОЛІТИЧНА ПАРТІЯ ""СЛУГА НАРОДУ"".",http://itd.rada.gov.ua/mps/info/page/21150,http://static.rada.gov.ua/dep_img9/d92_1.jpg,d92_1,1,18.04.1973,Вища,Київський національний університет ім. Тараса Шевченка,професор кафедри політичних наук,,"професор кафедри політичних наук, Київський національний університет ім. Тараса Шевченка",ні,так,
21147,75,mp-d93_1_skl9,9,Скороход Анна Костянтинівна,Анна,Костянтинівна,Скороход,А.К.,,29.08.2019,,"Виборчий округ № 93, Київська область",Виборчий округ № 93,93,32,Київська область,безпартійна,50,Безпартійний,,"освіта вища, заступник директора з організаційно-правових питань, ТОВ ""Будівельний комбінат ""Прогрес"", безпартійнa, судимість відсутня, суб'єкт висування – ПОЛІТИЧНА ПАРТІЯ ""СЛУГА НАРОДУ"".",http://itd.rada.gov.ua/mps/info/page/21147,http://static.rada.gov.ua/dep_img9/d93_1.jpg,d93_1,2,14.01.1990,Вища,,,заступник директора з організаційно-правових питань,"ТОВ ""Будівельний комбінат ""Прогрес""",ні,так,
21040,76,mp-d94_1_skl9,9,Дубінський Олександр Анатолійович,Олександр,Анатолійович,Дубінський,О.А.,,29.08.2019,,"Виборчий округ № 94, Київська область",Виборчий округ № 94,94,32,Київська область,безпартійний,50,Безпартійний,,"освіта вища, телеведучий, ІП ""1+1 Продакшн"", безпартійний, судимість відсутня, суб'єкт висування – ПОЛІТИЧНА ПАРТІЯ ""СЛУГА НАРОДУ"".",http://itd.rada.gov.ua/mps/info/page/21040,http://static.rada.gov.ua/dep_img9/d94_1.jpg,d94_1,1,18.04.1981,Вища,,,телеведучий,"ІП ""1+1 Продакшн""",ні,так,
14603,77,mp-d95_1_skl9,9,Горобець Олександр Сергійович,Олександр,Сергійович,Горобець,О.С.,,29.08.2019,,"Виборчий округ № 95, Київська область",Виборчий округ № 95,95,32,Київська область,безпартійний,50,Безпартійний,,"освіта вища, заступник генерального директора, ТОВ ""Сфера житлобуд"", безпартійний, судимість відсутня, суб'єкт висування – ПОЛІТИЧНА ПАРТІЯ ""СЛУГА НАРОДУ"".",http://itd.rada.gov.ua/mps/info/page/14603,http://static.rada.gov.ua/dep_img9/d95_1.jpg,d95_1,1,15.02.1978,Вища,,,заступник генерального директора,"ТОВ ""Сфера житлобуд""",ні,так,
20999,78,mp-d96_1_skl9,9,Василевська-Смаглюк Ольга Михайлівна,Ольга,Михайлівна,Василевська-Смаглюк,О.М.,,29.08.2019,,"Виборчий округ № 96, Київська область",Виборчий округ № 96,96,32,Київська область,безпартійна,50,Безпартійний,,"освіта вища, спеціальний кореспондент, ТОВ ""ТРК ""Студія 1+1"", безпартійнa, судимість відсутня, суб'єкт висування – ПОЛІТИЧНА ПАРТІЯ ""СЛУГА НАРОДУ"".",http://itd.rada.gov.ua/mps/info/page/20999,http://static.rada.gov.ua/dep_img9/d96_1.jpg,d96_1,2,23.06.1985,Вища,,,спеціальний кореспондент,"ТОВ ""ТРК ""Студія 1+1""",ні,так,
21018,79,mp-d97_1_skl9,9,Галушко Микола Леонідович,Микола,Леонідович,Галушко,М.Л.,,29.08.2019,,"Виборчий округ № 97, Київська область",Виборчий округ № 97,97,32,Київська область,безпартійний,50,Безпартійний,,"освіта вища, директор, ПП ""ГАЛІД"", безпартійний, судимість відсутня, суб'єкт висування – ПОЛІТИЧНА ПАРТІЯ ""СЛУГА НАРОДУ"".",http://itd.rada.gov.ua/mps/info/page/21018,http://static.rada.gov.ua/dep_img9/d97_1.jpg,d97_1,1,05.12.1979,Вища,,,директор,"ПП ""ГАЛІД""",ні,так,
20996,80,mp-d98_1_skl9,9,Бунін Сергій Валерійович,Сергій,Валерійович,Бунін,С.В.,,29.08.2019,,"Виборчий округ № 98, Київська область",Виборчий округ № 98,98,32,Київська область,безпартійний,50,Безпартійний,,"освіта вища, директор, ТОВ ""Грант"", безпартійний, судимість відсутня, суб'єкт висування – ПОЛІТИЧНА ПАРТІЯ ""СЛУГА НАРОДУ"".",http://itd.rada.gov.ua/mps/info/page/20996,http://static.rada.gov.ua/dep_img9/d98_1.jpg,d98_1,1,03.05.1971,Вища,,,директор,"ТОВ ""Грант""",ні,так,
21034,81,mp-d99_1_skl9,9,Дануца Олександр Анатолійович,Олександр,Анатолійович,Дануца,О.А.,,29.08.2019,,"Виборчий округ № 99, Кіровоградська область",Виборчий округ № 99,99,35,Кіровоградська область,,226,"ПОЛІТИЧНА ПАРТІЯ ""СЛУГА НАРОДУ""",,"освіта вища, генеральний директор, ТОВ ""Прайм-Тайм"", член ПОЛІТИЧНОЇ ПАРТІЇ ""СЛУГА НАРОДУ"", судимість відсутня, суб'єкт висування – ПОЛІТИЧНА ПАРТІЯ ""СЛУГА НАРОДУ"".",http://itd.rada.gov.ua/mps/info/page/21034,http://static.rada.gov.ua/dep_img9/d99_1.jpg,d99_1,1,29.01.1980,Вища,,,генеральний директор,"ТОВ ""Прайм-Тайм""",ні,так,
21250,82,mp-d100_1_skl9,9,Мурдій Ігор Юрійович,Ігор,Юрійович,Мурдій,І.Ю.,,29.08.2019,,"Виборчий округ № 100, Кіровоградська область",Виборчий округ № 100,100,35,Кіровоградська область,безпартійний,50,Безпартійний,,"освіта вища, директор, ПП ""Тек Центр"", безпартійний, судимість відсутня, суб'єкт висування – ПОЛІТИЧНА ПАРТІЯ ""СЛУГА НАРОДУ"".",http://itd.rada.gov.ua/mps/info/page/21250,http://static.rada.gov.ua/dep_img9/d100_1.jpg,d100_1,1,08.08.1982,Вища,,,директор,"ПП ""Тек Центр""",ні,так,
21168,83,mp-d101_1_skl9,9,Кузбит Юрій Михайлович,Юрій,Михайлович,Кузбит,Ю.М.,,29.08.2019,,"Виборчий округ № 101, Кіровоградська область",Виборчий округ № 101,101,35,Кіровоградська область,безпартійний,50,Безпартійний,,"освіта вища, директор, ТОВ ""АДВОКАТСЬКА ГРУПА ""ПРЕЦЕДЕНТ"", безпартійний, судимість відсутня, суб'єкт висування – ПОЛІТИЧНА ПАРТІЯ ""СЛУГА НАРОДУ"".",http://itd.rada.gov.ua/mps/info/page/21168,http://static.rada.gov.ua/dep_img9/d101_1.jpg,d101_1,1,29.03.1977,Вища,,,директор,"ТОВ ""АДВОКАТСЬКА ГРУПА ""ПРЕЦЕДЕНТ""",ні,так,
18086,84,mp-d102_1_skl9,9,Довгий Олесь Станіславович,Олесь,Станіславович,Довгий,О.С.,,29.08.2019,19.06.2025,"Виборчий округ № 102, Кіровоградська область",Виборчий округ № 102,102,35,Кіровоградська область,безпартійний,50,Безпартійний,,"освіта вища, народний депутат України, безпартійний, судимість відсутня, самовисування.",http://itd.rada.gov.ua/mps/info/page/18086,http://static.rada.gov.ua/dep_img9/d102_1.jpg,d102_1,1,01.11.1980,Вища,,,народний депутат України,народний депутат України,так,ні,НДУ Особиста письмова заява про складення повноважень
21015,85,mp-d103_1_skl9,9,Воронько Олег Євгенійович,Олег,Євгенійович,Воронько,О.Є.,,29.08.2019,,"Виборчий округ № 103, Кіровоградська область",Виборчий округ № 103,103,35,Кіровоградська область,безпартійний,50,Безпартійний,,"освіта вища, тимчасово не працює, безпартійний, судимість відсутня, суб'єкт висування – ПОЛІТИЧНА ПАРТІЯ ""СЛУГА НАРОДУ"".",http://itd.rada.gov.ua/mps/info/page/21015,http://static.rada.gov.ua/dep_img9/d103_1.jpg,d103_1,1,15.05.1974,Вища,,,тимчасово не працює,тимчасово не працює,ні,так,
21027,86,mp-d105_1_skl9,9,Гриб Вікторія Олександрівна,Вікторія,Олександрівна,Гриб,В.О.,,29.08.2019,,"Виборчий округ № 105, Луганська область",Виборчий округ № 105,105,44,Луганська область,безпартійна,50,Безпартійний,,"освіта вища, керівник напряму зі сталого розвитку, ТОВ ""ДТЕК ЕНЕРГО"", безпартійнa, судимість відсутня, суб'єкт висування – Політична партія ""ОПОЗИЦІЙНИЙ БЛОК"".",http://itd.rada.gov.ua/mps/info/page/21027,http://static.rada.gov.ua/dep_img9/d105_1.jpg,d105_1,2,19.06.1968,Вища,,,керівник напряму зі сталого розвитку,"ТОВ ""ДТЕК ЕНЕРГО""",ні,так,
21169,87,mp-d106_1_skl9,9,Кузнєцов Олексій Олександрович,Олексій,Олександрович,Кузнєцов,О.О.,,29.08.2019,,"Виборчий округ № 106, Луганська область",Виборчий округ № 106,106,44,Луганська область,безпартійний,50,Безпартійний,,"освіта вища, тимчасово не працює, безпартійний, судимість відсутня, суб'єкт висування – ПОЛІТИЧНА ПАРТІЯ ""СЛУГА НАРОДУ"".",http://itd.rada.gov.ua/mps/info/page/21169,http://static.rada.gov.ua/dep_img9/d106_1.jpg,d106_1,1,02.12.1979,Вища,,,тимчасово не працює,тимчасово не працює,ні,так,
21227,88,mp-d107_1_skl9,9,Сухов Олександр Сергійович,Олександр,Сергійович,Сухов,О.С.,,29.08.2019,,"Виборчий округ № 107, Луганська область",Виборчий округ № 107,107,44,Луганська область,,225,"ПОЛІТИЧНА ПАРТІЯ ""НАШ КРАЙ""",,"освіта вища, радник голови, благодійна організація ""Фонд Сергія Шахова"", член ПОЛІТИЧНОЇ ПАРТІЇ ""НАШ КРАЙ"", судимість відсутня, самовисування.",http://itd.rada.gov.ua/mps/info/page/21227,http://static.rada.gov.ua/dep_img9/d107_1.jpg,d107_1,1,20.05.1984,Вища,,,радник голови,"благодійна організація ""Фонд Сергія Шахова""",ні,так,
21007,89,mp-d112_1_skl9,9,Вельможний Сергій Анатолійович,Сергій,Анатолійович,Вельможний,С.А.,,29.08.2019,,"Виборчий округ № 112, Луганська область",Виборчий округ № 112,112,44,Луганська область,,225,"ПОЛІТИЧНА ПАРТІЯ ""НАШ КРАЙ""",,"освіта вища, радник голови, благодійна організація ""Фонд Сергія Шахова"", член ПОЛІТИЧНОЇ ПАРТІЇ ""НАШ КРАЙ"", судимість відсутня, самовисування.",http://itd.rada.gov.ua/mps/info/page/21007,http://static.rada.gov.ua/dep_img9/d112_1.jpg,d112_1,1,25.06.1976,Вища,,,радник голови,"благодійна організація ""Фонд Сергія Шахова""",ні,так,
21193,90,mp-d113_1_skl9,9,Лукашев Олександр Анатолійович,Олександр,Анатолійович,Лукашев,О.А.,,29.08.2019,,"Виборчий округ № 113, Луганська область",Виборчий округ № 113,113,44,Луганська область,,227,"Політична партія ""ОПОЗИЦІЙНА ПЛАТФОРМА - ЗА ЖИТТЯ""",,"освіта вища, керівник юридичного відділу, благодійна організація ""Фонд Сергія Шахова"", член Політичної партії ""ОПОЗИЦІЙНА ПЛАТФОРМА – ЗА ЖИТТЯ"", судимість відсутня, суб'єкт висування – Політична партія ""ОПОЗИЦІЙНА ПЛАТФОРМА – ЗА ЖИТТЯ"".",http://itd.rada.gov.ua/mps/info/page/21193,http://static.rada.gov.ua/dep_img9/d113_1.jpg,d113_1,1,01.04.1976,Вища,,,керівник юридичного відділу,"благодійна організація ""Фонд Сергія Шахова""",ні,так,
20106,91,mp-d114_1_skl9,9,Шахов Сергій Володимирович,Сергій,Володимирович,Шахов,С.В.,,29.08.2019,,"Виборчий округ № 114, Луганська область",Виборчий округ № 114,114,44,Луганська область,,225,"ПОЛІТИЧНА ПАРТІЯ ""НАШ КРАЙ""",,"освіта вища, народний депутат України, член ПОЛІТИЧНОЇ ПАРТІЇ ""НАШ КРАЙ"", судимість відсутня, самовисування.",http://itd.rada.gov.ua/mps/info/page/20106,http://static.rada.gov.ua/dep_img9/d114_1.jpg,d114_1,1,07.05.1975,Вища,,,народний депутат України,народний депутат України,так,ні,
21270,92,mp-d115_1_skl9,9,Піпа Наталія Романівна,Наталія,Романівна,Піпа,Н.Р.,,29.08.2019,,"Виборчий округ № 115, Львівська область",Виборчий округ № 115,115,46,Львівська область,безпартійна,50,Безпартійний,,"освіта вища, голова, ГО ""Кращий Сихів"", безпартійнa, судимість відсутня, суб'єкт висування – Політична Партія ""ГОЛОС"".",http://itd.rada.gov.ua/mps/info/page/21270,http://static.rada.gov.ua/dep_img9/d115_1.jpg,d115_1,2,12.10.1983,Вища,,,голова,"ГО ""Кращий Сихів""",ні,так,
15645,93,mp-d116_1_skl9,9,Княжицький Микола Леонідович,Микола,Леонідович,Княжицький,М.Л.,,29.08.2019,,"Виборчий округ № 116, Львівська область",Виборчий округ № 116,116,46,Львівська область,безпартійний,50,Безпартійний,,"освіта вища, народний депутат України, безпартійний, судимість відсутня, суб'єкт висування – Політична партія ""Європейська Солідарність"".",http://itd.rada.gov.ua/mps/info/page/15645,http://static.rada.gov.ua/dep_img9/d116_1.jpg,d116_1,1,02.06.1968,Вища,,,народний депутат України,народний депутат України,так,ні,
21213,94,mp-d117_1_skl9,9,Рущишин Ярослав Іванович,Ярослав,Іванович,Рущишин,Я.І.,,29.08.2019,24.07.2025,"Виборчий округ № 117, Львівська область",Виборчий округ № 117,117,46,Львівська область,безпартійний,50,Безпартійний,,"освіта вища, генеральний директор, АТ ""Троттола"", безпартійний, судимість відсутня, суб'єкт висування – Політична Партія ""ГОЛОС"".",http://itd.rada.gov.ua/mps/info/page/21213,http://static.rada.gov.ua/dep_img9/d117_1.jpg,d117_1,1,29.10.1967,Вища,,,генеральний директор,"АТ ""Троттола""",ні,так,НДУ Смерть
21004,95,mp-d118_1_skl9,9,Васильченко Галина Іванівна,Галина,Іванівна,Васильченко,Г.І.,,29.08.2019,,"Виборчий округ № 118, Львівська область",Виборчий округ № 118,118,46,Львівська область,безпартійна,50,Безпартійний,,"освіта вища, заступник директора з економічних питань, ПП ""Корбіз"", безпартійнa, судимість відсутня, суб'єкт висування – Політична Партія ""ГОЛОС"".",http://itd.rada.gov.ua/mps/info/page/21004,http://static.rada.gov.ua/dep_img9/d118_1.jpg,d118_1,2,24.10.1983,Вища,,,заступник директора з економічних питань,"ПП ""Корбіз""",ні,так,
18066,96,mp-d119_1_skl9,9,Бондар Михайло Леонтійович,Михайло,Леонтійович,Бондар,М.Л.,,29.08.2019,,"Виборчий округ № 119, Львівська область",Виборчий округ № 119,119,46,Львівська область,безпартійний,50,Безпартійний,,"освіта вища, народний депутат України, безпартійний, судимість відсутня, суб'єкт висування – Політична партія ""Європейська Солідарність"".",http://itd.rada.gov.ua/mps/info/page/18066,http://static.rada.gov.ua/dep_img9/d119_1.jpg,d119_1,1,17.11.1973,Вища,,,народний депутат України,народний депутат України,так,ні,
15790,97,mp-d120_1_skl9,9,Дубневич Ярослав Васильович,Ярослав,Васильович,Дубневич,Я.В.,,29.08.2019,,"Виборчий округ № 120, Львівська область",Виборчий округ № 120,120,46,Львівська область,безпартійний,50,Безпартійний,,"освіта вища, народний депутат України, безпартійний, судимість відсутня, самовисування.",http://itd.rada.gov.ua/mps/info/page/15790,http://static.rada.gov.ua/dep_img9/d120_1.jpg,d120_1,1,07.08.1969,Вища,,,народний депутат України,народний депутат України,так,ні,
21097,98,mp-d121_1_skl9,9,Саламаха Орест Ігорович,Орест,Ігорович,Саламаха,О.І.,,29.08.2019,25.01.2026,"Виборчий округ № 121, Львівська область",Виборчий округ № 121,121,46,Львівська область,безпартійний,50,Безпартійний,,"освіта вища, заступник директора з будівництва, ТОВ ""Буд Інвест Ком"", безпартійний, судимість відсутня, суб'єкт висування – ПОЛІТИЧНА ПАРТІЯ ""СЛУГА НАРОДУ"".",http://itd.rada.gov.ua/mps/info/page/21097,http://static.rada.gov.ua/dep_img9/d121_1.jpg,d121_1,1,25.03.1991,Вища,,,заступник директора з будівництва,"ТОВ ""Буд Інвест Ком""",ні,так,НДУ Смерть
20977,99,mp-d122_1_skl9,9,Бакунець Павло Андрійович,Павло,Андрійович,Бакунець,П.А.,,29.08.2019,,"Виборчий округ № 122, Львівська область",Виборчий округ № 122,122,46,Львівська область,безпартійний,50,Безпартійний,,"освіта вища, Яворівський міський голова, безпартійний, судимість відсутня, суб'єкт висування – Політична партія ""Об'єднання ""САМОПОМІЧ"".",http://itd.rada.gov.ua/mps/info/page/20977,http://static.rada.gov.ua/dep_img9/d122_1.jpg,d122_1,1,10.07.1987,Вища,,,Яворівський міський голова,Яворівський міський голова,ні,так,
18063,100,mp-d123_1_skl9,9,Батенко Тарас Іванович,Тарас,Іванович,Батенко,Т.І.,,29.08.2019,,"Виборчий округ № 123, Львівська область",Виборчий округ № 123,123,46,Львівська область,,224,"ПОЛІТИЧНА ПАРТІЯ ""УКРАЇНСЬКЕ ОБ'ЄДНАННЯ ПАТРІОТІВ – УКРОП""",,"освіта вища, народний депутат України, член ПОЛІТИЧНОЇ ПАРТІЇ ""УКРАЇНСЬКЕ ОБ'ЄДНАННЯ ПАТРІОТІВ – УКРОП"", судимість відсутня, самовисування.",http://itd.rada.gov.ua/mps/info/page/18063,http://static.rada.gov.ua/dep_img9/d123_1.jpg,d123_1,1,20.06.1974,Вища,,,народний депутат України,народний депутат України,так,ні,
21122,101,mp-d124_1_skl9,9,Камельчук Юрій Олександрович,Юрій,Олександрович,Камельчук,Ю.О.,,29.08.2019,,"Виборчий округ № 124, Львівська область",Виборчий округ № 124,124,46,Львівська область,безпартійний,50,Безпартійний,,"освіта вища, фізична особа – підприємець, безпартійний, судимість відсутня, суб'єкт висування – ПОЛІТИЧНА ПАРТІЯ ""СЛУГА НАРОДУ"".",http://itd.rada.gov.ua/mps/info/page/21122,http://static.rada.gov.ua/dep_img9/d124_1.jpg,d124_1,1,12.02.1980,Вища,,,фізична особа – підприємець,фізична особа – підприємець,ні,так,
8815,102,mp-d125_1_skl9,9,Лопушанський Андрій Ярославович,Андрій,Ярославович,Лопушанський,А.Я.,,29.08.2019,,"Виборчий округ № 125, Львівська область",Виборчий округ № 125,125,46,Львівська область,,220,Політична партія Конгрес Українських Націоналістів,,"освіта вища, народний депутат України, член політичної партії Конгрес Українських Націоналістів, судимість відсутня, самовисування.",http://itd.rada.gov.ua/mps/info/page/8815,http://static.rada.gov.ua/dep_img9/d125_1.jpg,d125_1,1,04.12.1962,Вища,,,народний депутат України,народний депутат України,так,ні,
18094,103,mp-d126_1_skl9,9,Кіт Андрій Богданович,Андрій,Богданович,Кіт,А.Б.,,29.08.2019,,"Виборчий округ № 126, Львівська область",Виборчий округ № 126,126,46,Львівська область,безпартійний,50,Безпартійний,,"освіта вища, народний депутат України, безпартійний, судимість відсутня, самовисування.",http://itd.rada.gov.ua/mps/info/page/18094,http://static.rada.gov.ua/dep_img9/d126_1.jpg,d126_1,1,02.11.1971,Вища,,,народний депутат України,народний депутат України,так,ні,
21251,104,mp-d127_1_skl9,9,Пасічний Олександр Станіславович,Олександр,Станіславович,Пасічний,О.С.,,29.08.2019,,"Виборчий округ № 127, Миколаївська область",Виборчий округ № 127,127,48,Миколаївська область,безпартійний,50,Безпартійний,,"освіта вища, фізична особа – підприємець, безпартійний, судимість відсутня, суб'єкт висування – ПОЛІТИЧНА ПАРТІЯ ""СЛУГА НАРОДУ"".",http://itd.rada.gov.ua/mps/info/page/21251,http://static.rada.gov.ua/dep_img9/d127_1.jpg,d127_1,1,03.11.1972,Вища,,,фізична особа – підприємець,фізична особа – підприємець,ні,так,
21016,105,mp-d128_1_skl9,9,Гайду Олександр Васильович,Олександр,Васильович,Гайду,О.В.,,29.08.2019,,"Виборчий округ № 128, Миколаївська область",Виборчий округ № 128,128,48,Миколаївська область,безпартійний,50,Безпартійний,,"освіта вища, виконавчий директор, ТОВ ""Вібо-Транс"", безпартійний, судимість відсутня, суб'єкт висування – ПОЛІТИЧНА ПАРТІЯ ""СЛУГА НАРОДУ"".",http://itd.rada.gov.ua/mps/info/page/21016,http://static.rada.gov.ua/dep_img9/d128_1.jpg,d128_1,1,28.01.1976,Вища,,,виконавчий директор,"ТОВ ""Вібо-Транс""",ні,так,
21152,106,mp-d129_1_skl9,9,Копитін Ігор Володимирович,Ігор,Володимирович,Копитін,І.В.,,29.08.2019,,"Виборчий округ № 129, Миколаївська область",Виборчий округ № 129,129,48,Миколаївська область,безпартійний,50,Безпартійний,,"освіта вища, директор, ТОВ ""Автомодерн"", безпартійний, судимість відсутня, суб'єкт висування – ПОЛІТИЧНА ПАРТІЯ ""СЛУГА НАРОДУ"".",http://itd.rada.gov.ua/mps/info/page/21152,http://static.rada.gov.ua/dep_img9/d129_1.jpg,d129_1,1,12.02.1981,Вища,,,директор,"ТОВ ""Автомодерн""",ні,так,
21258,107,mp-d130_1_skl9,9,Негулевський Ігор Петрович,Ігор,Петрович,Негулевський,І.П.,,29.08.2019,,"Виборчий округ № 130, Миколаївська область",Виборчий округ № 130,130,48,Миколаївська область,безпартійний,50,Безпартійний,,"освіта вища, директор, ТОВ ""Софія-Граніт"", безпартійний, судимість відсутня, суб'єкт висування – ПОЛІТИЧНА ПАРТІЯ ""СЛУГА НАРОДУ"".",http://itd.rada.gov.ua/mps/info/page/21258,http://static.rada.gov.ua/dep_img9/d130_1.jpg,d130_1,1,06.12.1983,Вища,,,директор,"ТОВ ""Софія-Граніт""",ні,так,
21074,108,mp-d131_1_skl9,9,Чорноморов Артем Олегович,Артем,Олегович,Чорноморов,А.О.,,29.08.2019,,"Виборчий округ № 131, Миколаївська область",Виборчий округ № 131,131,48,Миколаївська область,безпартійний,50,Безпартійний,,"освіта вища, генеральний директор, ТОВ ""СмартАгрі"", безпартійний, судимість відсутня, суб'єкт висування – ПОЛІТИЧНА ПАРТІЯ ""СЛУГА НАРОДУ"".",http://itd.rada.gov.ua/mps/info/page/21074,http://static.rada.gov.ua/dep_img9/d131_1.jpg,d131_1,1,10.03.1988,Вища,,,генеральний директор,"ТОВ ""СмартАгрі""",ні,так,
8358,109,mp-d132_1_skl9,9,Дирдін Максим Євгенович,Максим,Євгенович,Дирдін,М.Є.,,29.08.2019,,"Виборчий округ № 132, Миколаївська область",Виборчий округ № 132,132,48,Миколаївська область,безпартійний,50,Безпартійний,,"освіта вища, головний радник генерального директора, ПрАТ ""Санта Україна"", безпартійний, судимість відсутня, суб'єкт висування – ПОЛІТИЧНА ПАРТІЯ ""СЛУГА НАРОДУ"".",http://itd.rada.gov.ua/mps/info/page/8358,http://static.rada.gov.ua/dep_img9/d132_1.jpg,d132_1,1,11.10.1982,Вища,,,головний радник генерального директора,"ПрАТ ""Санта Україна""",ні,так,
21038,110,mp-d133_1_skl9,9,Дмитрук Артем Геннадійович,Артем,Геннадійович,Дмитрук,А.Г.,,29.08.2019,,"Виборчий округ № 133, Одеська область",Виборчий округ № 133,133,51,Одеська область,безпартійний,50,Безпартійний,,"освіта вища, керівник, ""Фітнес-центр"", безпартійний, судимість відсутня, суб'єкт висування – ПОЛІТИЧНА ПАРТІЯ ""СЛУГА НАРОДУ"".",http://itd.rada.gov.ua/mps/info/page/21038,http://static.rada.gov.ua/dep_img9/d133_1.jpg,d133_1,1,28.06.1993,Вища,,,керівник,"""Фітнес-центр""",ні,так,
21142,111,mp-d134_1_skl9,9,Колєв Олег Вікторович,Олег,Вікторович,Колєв,О.В.,,29.08.2019,,"Виборчий округ № 134, Одеська область",Виборчий округ № 134,134,51,Одеська область,безпартійний,50,Безпартійний,,"освіта вища, керівник, ПП ""РЕДАКЦІЯ ГАЗЕТИ ""ПРИДУНАЙСЬКІ ВІСТІ"", безпартійний, судимість відсутня, суб'єкт висування – ПОЛІТИЧНА ПАРТІЯ ""СЛУГА НАРОДУ"".",http://itd.rada.gov.ua/mps/info/page/21142,http://static.rada.gov.ua/dep_img9/d134_1.jpg,d134_1,1,09.05.1973,Вища,,,керівник,"ПП ""РЕДАКЦІЯ ГАЗЕТИ ""ПРИДУНАЙСЬКІ ВІСТІ""",ні,так,
21185,112,mp-d135_1_skl9,9,Леонов Олексій Олександрович,Олексій,Олександрович,Леонов,О.О.,,29.08.2019,,"Виборчий округ № 135, Одеська область",Виборчий округ № 135,135,51,Одеська область,безпартійний,50,Безпартійний,,"освіта професійно-технічна, освіта вища-2022р., комерційний директор, ТОВ ""ГРИЛИОН"", безпартійний, судимість відсутня, суб'єкт висування – ПОЛІТИЧНА ПАРТІЯ ""СЛУГА НАРОДУ"".",http://itd.rada.gov.ua/mps/info/page/21185,http://static.rada.gov.ua/dep_img9/d135_1.jpg,d135_1,1,26.02.1983,Професійно-технічна,,,освіта вища-2022р.,"комерційний директор, ТОВ ""ГРИЛИОН""",ні,так,
21026,113,mp-d136_1_skl9,9,Горенюк Олександр Олександрович,Олександр,Олександрович,Горенюк,О.О.,,29.08.2019,,"Виборчий округ № 136, Одеська область",Виборчий округ № 136,136,51,Одеська область,безпартійний,50,Безпартійний,,"освіта вища, фізична особа – підприємець, безпартійний, судимість відсутня, суб'єкт висування – ПОЛІТИЧНА ПАРТІЯ ""СЛУГА НАРОДУ"".",http://itd.rada.gov.ua/mps/info/page/21026,http://static.rada.gov.ua/dep_img9/d136_1.jpg,d136_1,1,08.08.1991,Вища,,,фізична особа – підприємець,фізична особа – підприємець,ні,так,
17984,114,mp-d137_1_skl9,9,Гончаренко Олексій Олексійович,Олексій,Олексійович,Гончаренко,О.О.,,29.08.2019,,"Виборчий округ № 137, Одеська область",Виборчий округ № 137,137,51,Одеська область,безпартійний,50,Безпартійний,,"освіта вища, народний депутат України, безпартійний, судимість відсутня, самовисування.",http://itd.rada.gov.ua/mps/info/page/17984,http://static.rada.gov.ua/dep_img9/d137_1.jpg,d137_1,1,16.09.1980,Вища,,,народний депутат України,народний депутат України,так,ні,
21069,115,mp-d138_1_skl9,9,Чернявський Степан Миколайович,Степан,Миколайович,Чернявський,С.М.,,29.08.2019,,"Виборчий округ № 138, Одеська область",Виборчий округ № 138,138,51,Одеська область,безпартійний,50,Безпартійний,,"освіта вища, фізична особа – підприємець, безпартійний, судимість відсутня, суб'єкт висування – ПОЛІТИЧНА ПАРТІЯ ""СЛУГА НАРОДУ"".",http://itd.rada.gov.ua/mps/info/page/21069,http://static.rada.gov.ua/dep_img9/d138_1.jpg,d138_1,1,04.05.1973,Вища,,,фізична особа – підприємець,фізична особа – підприємець,ні,так,
21003,116,mp-d139_1_skl9,9,Васильковський Ігор Ігорович,Ігор,Ігорович,Васильковський,І.І.,,29.08.2019,03.11.2022,"Виборчий округ № 139, Одеська область",Виборчий округ № 139,139,51,Одеська область,безпартійний,50,Безпартійний,,"освіта вища, член наглядової ради, ТОВ ""ПСГ ""Камбіо-Інвест"", безпартійний, судимість відсутня, суб'єкт висування – ПОЛІТИЧНА ПАРТІЯ ""СЛУГА НАРОДУ"".",http://itd.rada.gov.ua/mps/info/page/21003,http://static.rada.gov.ua/dep_img9/d139_1.jpg,d139_1,1,31.03.1985,Вища,,,член наглядової ради,"ТОВ ""ПСГ ""Камбіо-Інвест""",ні,так,НДУ п.4 частини 2 ст. 81 Конституції України
21141,117,mp-d140_1_skl9,9,Колебошин Сергій Валерійович,Сергій,Валерійович,Колебошин,С.В.,,29.08.2019,,"Виборчий округ № 140, Одеська область",Виборчий округ № 140,140,51,Одеська область,безпартійний,50,Безпартійний,,"освіта вища, заступник голови, Одеська обласна державна адміністрація, безпартійний, судимість відсутня, суб'єкт висування – ПОЛІТИЧНА ПАРТІЯ ""СЛУГА НАРОДУ"".",http://itd.rada.gov.ua/mps/info/page/21141,http://static.rada.gov.ua/dep_img9/d140_1.jpg,d140_1,1,22.11.1977,Вища,,,заступник голови,Одеська обласна державна адміністрація,ні,так,
21116,118,mp-d141_1_skl9,9,Ткаченко Олександр Михайлович,Олександр,Михайлович,Ткаченко,О.М.,,29.08.2019,,"Виборчий округ № 141, Одеська область",Виборчий округ № 141,141,51,Одеська область,безпартійний,50,Безпартійний,,"освіта вища, адвокат, ПП ""Медфарм груп"", безпартійний, судимість відсутня, суб'єкт висування – ПОЛІТИЧНА ПАРТІЯ ""СЛУГА НАРОДУ"".",http://itd.rada.gov.ua/mps/info/page/21116,http://static.rada.gov.ua/dep_img9/d141_1.jpg,d141_1,1,15.06.1984,Вища,,,адвокат,"ПП ""Медфарм груп""",ні,так,
7371,119,mp-d142_1_skl9,9,Кіссе Антон Іванович,Антон,Іванович,Кіссе,А.І.,,29.08.2019,,"Виборчий округ № 142, Одеська область",Виборчий округ № 142,142,51,Одеська область,безпартійний,50,Безпартійний,,"освіта вища, народний депутат України, безпартійний, судимість відсутня, самовисування.",http://itd.rada.gov.ua/mps/info/page/7371,http://static.rada.gov.ua/dep_img9/d142_1.jpg,d142_1,1,10.10.1958,Вища,,,народний депутат України,народний депутат України,так,ні,
21087,120,mp-d143_1_skl9,9,Урбанський Анатолій Ігорович,Анатолій,Ігорович,Урбанський,А.І.,,29.08.2019,,"Виборчий округ № 143, Одеська область",Виборчий округ № 143,143,51,Одеська область,безпартійний,50,Безпартійний,,"освіта вища, голова, Одеська обласна рада, безпартійний, судимість відсутня, самовисування.",http://itd.rada.gov.ua/mps/info/page/21087,http://static.rada.gov.ua/dep_img9/d143_1.jpg,d143_1,1,21.06.1975,Вища,,,голова,Одеська обласна рада,ні,так,
21256,121,mp-d144_1_skl9,9,Нальотов Дмитро Олександрович,Дмитро,Олександрович,Нальотов,Д.О.,,29.08.2019,,"Виборчий округ № 144, Полтавська область",Виборчий округ № 144,144,53,Полтавська область,безпартійний,50,Безпартійний,,"освіта вища, фізична особа – підприємець, безпартійний, судимість відсутня, суб'єкт висування – ПОЛІТИЧНА ПАРТІЯ ""СЛУГА НАРОДУ"".",http://itd.rada.gov.ua/mps/info/page/21256,http://static.rada.gov.ua/dep_img9/d144_1.jpg,d144_1,1,28.04.1985,Вища,,,фізична особа – підприємець,фізична особа – підприємець,ні,так,
20983,122,mp-d145_1_skl9,9,Боблях Андрій Ростиславович,Андрій,Ростиславович,Боблях,А.Р.,,29.08.2019,,"Виборчий округ № 145, Полтавська область",Виборчий округ № 145,145,53,Полтавська область,безпартійний,50,Безпартійний,,"освіта вища, фізична особа – підприємець, безпартійний, судимість відсутня, суб'єкт висування – ПОЛІТИЧНА ПАРТІЯ ""СЛУГА НАРОДУ"".",http://itd.rada.gov.ua/mps/info/page/20983,http://static.rada.gov.ua/dep_img9/d145_1.jpg,d145_1,1,05.03.1985,Вища,,,фізична особа – підприємець,фізична особа – підприємець,ні,так,
15803,123,mp-d146_1_skl9,9,Шаповалов Юрій Анатолійович,Юрій,Анатолійович,Шаповалов,Ю.А.,,29.08.2019,,"Виборчий округ № 146, Полтавська область",Виборчий округ № 146,146,53,Полтавська область,безпартійний,50,Безпартійний,,"освіта вища, народний депутат України, безпартійний, судимість відсутня, самовисування.",http://itd.rada.gov.ua/mps/info/page/15803,http://static.rada.gov.ua/dep_img9/d146_1.jpg,d146_1,1,14.03.1972,Вища,,,народний депутат України,народний депутат України,так,ні,
15804,124,mp-d147_1_skl9,9,Кулініч Олег Іванович,Олег,Іванович,Кулініч,О.І.,,29.08.2019,,"Виборчий округ № 147, Полтавська область",Виборчий округ № 147,147,53,Полтавська область,безпартійний,50,Безпартійний,,"освіта вища, народний депутат України, безпартійний, судимість відсутня, самовисування.",http://itd.rada.gov.ua/mps/info/page/15804,http://static.rada.gov.ua/dep_img9/d147_1.jpg,d147_1,1,25.11.1966,Вища,,,народний депутат України,народний депутат України,так,ні,
21195,125,mp-d148_1_skl9,9,Ляшенко Анастасія Олексіївна,Анастасія,Олексіївна,Ляшенко,А.О.,,29.08.2019,,"Виборчий округ № 148, Полтавська область",Виборчий округ № 148,148,53,Полтавська область,безпартійна,50,Безпартійний,,"освіта вища, фізична особа – підприємець, безпартійнa, судимість відсутня, суб'єкт висування – ПОЛІТИЧНА ПАРТІЯ ""СЛУГА НАРОДУ"".",http://itd.rada.gov.ua/mps/info/page/21195,http://static.rada.gov.ua/dep_img9/d148_1.jpg,d148_1,2,07.11.1986,Вища,,,фізична особа – підприємець,фізична особа – підприємець,ні,так,
21126,126,mp-d149_1_skl9,9,Касай Костянтин Іванович,Костянтин,Іванович,Касай,К.І.,,29.08.2019,,"Виборчий округ № 149, Полтавська область",Виборчий округ № 149,149,53,Полтавська область,безпартійний,50,Безпартійний,,"освіта вища, директор, ТОВ ""Полтавабудсервіс плюс"", безпартійний, судимість відсутня, суб'єкт висування – ПОЛІТИЧНА ПАРТІЯ ""СЛУГА НАРОДУ"".",http://itd.rada.gov.ua/mps/info/page/21126,http://static.rada.gov.ua/dep_img9/d149_1.jpg,d149_1,1,27.09.1979,Вища,,,директор,"ТОВ ""Полтавабудсервіс плюс""",ні,так,
21238,127,mp-d150_1_skl9,9,Мовчан Олексій Васильович,Олексій,Васильович,Мовчан,О.В.,,29.08.2019,,"Виборчий округ № 150, Полтавська область",Виборчий округ № 150,150,53,Полтавська область,безпартійний,50,Безпартійний,,"освіта вища, заступник начальника відділу управління проектами та програмами, ДП ""ПРОЗОРРО.ПРОДАЖІ"", безпартійний, судимість відсутня, суб'єкт висування – ПОЛІТИЧНА ПАРТІЯ ""СЛУГА НАРОДУ"".",http://itd.rada.gov.ua/mps/info/page/21238,http://static.rada.gov.ua/dep_img9/d150_1.jpg,d150_1,1,12.02.1994,Вища,,,заступник начальника відділу управління проектами та програмами,"ДП ""ПРОЗОРРО.ПРОДАЖІ""",ні,так,
20981,128,mp-d151_1_skl9,9,Березін Максим Юрійович,Максим,Юрійович,Березін,М.Ю.,,29.08.2019,,"Виборчий округ № 151, Полтавська область",Виборчий округ № 151,151,53,Полтавська область,безпартійний,50,Безпартійний,,"освіта вища, директор, КП ""Муніципальна варта"" Кременчуцької міської ради, безпартійний, судимість відсутня, суб'єкт висування – ПОЛІТИЧНА ПАРТІЯ ""СЛУГА НАРОДУ"".",http://itd.rada.gov.ua/mps/info/page/20981,http://static.rada.gov.ua/dep_img9/d151_1.jpg,d151_1,1,09.05.1984,Вища,,,директор,"КП ""Муніципальна варта"" Кременчуцької міської ради",ні,так,
14168,129,mp-d152_1_skl9,9,Ковальчук Олександр Володимирович,Олександр,Володимирович,Ковальчук,О.В.,,29.08.2019,,"Виборчий округ № 152, Рівненська область",Виборчий округ № 152,152,56,Рівненська область,безпартійний,50,Безпартійний,,"освіта вища, голова правління, ГО ""Платформа взаємодій ""ПРОСТІР"", безпартійний, судимість відсутня, суб'єкт висування – ПОЛІТИЧНА ПАРТІЯ ""СЛУГА НАРОДУ"".",http://itd.rada.gov.ua/mps/info/page/14168,http://static.rada.gov.ua/dep_img9/d152_1.jpg,d152_1,1,05.02.1974,Вища,,,голова правління,"ГО ""Платформа взаємодій ""ПРОСТІР""",ні,так,
21110,130,mp-d153_1_skl9,9,Іванісов Роман Валерійович,Роман,Валерійович,Іванісов,Р.В.,,29.08.2019,,"Виборчий округ № 153, Рівненська область",Виборчий округ № 153,153,56,Рівненська область,безпартійний,50,Безпартійний,,"освіта вища, головний юрист, ТОВ ""ПРОФ ДЕЗ КОНТРОЛЬ ПЛЮС"", безпартійний, судимість відсутня, суб'єкт висування – ПОЛІТИЧНА ПАРТІЯ ""СЛУГА НАРОДУ"".",http://itd.rada.gov.ua/mps/info/page/21110,http://static.rada.gov.ua/dep_img9/d153_1.jpg,d153_1,1,02.11.1978,Вища,,,головний юрист,"ТОВ ""ПРОФ ДЕЗ КОНТРОЛЬ ПЛЮС""",ні,так,
20965,131,mp-d154_1_skl9,9,Аліксійчук Олександр Васильович,Олександр,Васильович,Аліксійчук,О.В.,,29.08.2019,,"Виборчий округ № 154, Рівненська область",Виборчий округ № 154,154,56,Рівненська область,безпартійний,50,Безпартійний,,"освіта вища, фізична особа – підприємець, безпартійний, судимість відсутня, суб'єкт висування – ПОЛІТИЧНА ПАРТІЯ ""СЛУГА НАРОДУ"".",http://itd.rada.gov.ua/mps/info/page/20965,http://static.rada.gov.ua/dep_img9/d154_1.jpg,d154_1,1,06.03.1981,Вища,,,фізична особа – підприємець,фізична особа – підприємець,ні,так,
21252,132,mp-d155_1_skl9,9,М'ялик Віктор Ничипорович,Віктор,Ничипорович,М'ялик,В.Н.,,29.08.2019,,"Виборчий округ № 155, Рівненська область",Виборчий округ № 155,155,56,Рівненська область,безпартійний,50,Безпартійний,,"освіта вища, фінансовий директор, ТОВ ""МДС-Буд"", безпартійний, судимість відсутня, самовисування.",http://itd.rada.gov.ua/mps/info/page/21252,http://static.rada.gov.ua/dep_img9/d155_1.jpg,d155_1,1,10.05.1979,Вища,,,фінансовий директор,"ТОВ ""МДС-Буд""",ні,так,
21189,133,mp-d156_1_skl9,9,Литвиненко Сергій Анатолійович,Сергій,Анатолійович,Литвиненко,С.А.,,29.08.2019,,"Виборчий округ № 156, Рівненська область",Виборчий округ № 156,156,56,Рівненська область,безпартійний,50,Безпартійний,,"освіта вища, виконувач обов'язків директора, ДП ""Зірненський спиртовий завод"", безпартійний, судимість відсутня, суб'єкт висування – ПОЛІТИЧНА ПАРТІЯ ""СЛУГА НАРОДУ"".",http://itd.rada.gov.ua/mps/info/page/21189,http://static.rada.gov.ua/dep_img9/d156_1.jpg,d156_1,1,15.02.1968,Вища,,,виконувач обов'язків директора,"ДП ""Зірненський спиртовий завод""",ні,так,
21214,134|450,mp-d157_1_skl9,9,Скрипка Тетяна Василівна,Тетяна,Василівна,Скрипка,Т.В.,Рябуха Тетяна Василівна,29.08.2019,,"Виборчий округ № 157, Сумська область",Виборчий округ № 157,157,59,Сумська область,безпартійна,50,Безпартійний,,"освіта вища, учитель початкових класів, КУ Сумська спеціалізована школа І-ІІІ ступенів № 10, безпартійнa, судимість відсутня, суб'єкт висування – ПОЛІТИЧНА ПАРТІЯ ""СЛУГА НАРОДУ"".",http://itd.rada.gov.ua/mps/info/page/21214,http://static.rada.gov.ua/dep_img9/d157_1.jpg,d157_1,2,31.12.1984,Вища,,,учитель початкових класів,КУ Сумська спеціалізована школа І-ІІІ ступенів № 10,ні,так,
21002,135,mp-d158_1_skl9,9,Васильєв Ігор Сергійович,Ігор,Сергійович,Васильєв,І.С.,,29.08.2019,,"Виборчий округ № 158, Сумська область",Виборчий округ № 158,158,59,Сумська область,безпартійний,50,Безпартійний,,"освіта вища, фізична особа – підприємець, безпартійний, судимість відсутня, суб'єкт висування – ПОЛІТИЧНА ПАРТІЯ ""СЛУГА НАРОДУ"".",http://itd.rada.gov.ua/mps/info/page/21002,http://static.rada.gov.ua/dep_img9/d158_1.jpg,d158_1,1,25.08.1984,Вища,,,фізична особа – підприємець,фізична особа – підприємець,ні,так,
2284,136,mp-d159_1_skl9,9,Деркач Андрій Леонідович,Андрій,Леонідович,Деркач,А.Л.,,29.08.2019,13.01.2023,"Виборчий округ № 159, Сумська область",Виборчий округ № 159,159,59,Сумська область,безпартійний,50,Безпартійний,,"освіта вища, народний депутат України, безпартійний, судимість відсутня, самовисування.",http://itd.rada.gov.ua/mps/info/page/2284,http://static.rada.gov.ua/dep_img9/d159_1.jpg,d159_1,1,19.08.1967,Вища,,,народний депутат України,народний депутат України,так,ні,НДУ п.4 частини 2 ст. 81 Конституції України
15810,137,mp-d160_1_skl9,9,Молоток Ігор Федорович,Ігор,Федорович,Молоток,І.Ф.,,29.08.2019,,"Виборчий округ № 160, Сумська область",Виборчий округ № 160,160,59,Сумська область,безпартійний,50,Безпартійний,,"освіта вища, народний депутат України, безпартійний, судимість відсутня, самовисування.",http://itd.rada.gov.ua/mps/info/page/15810,http://static.rada.gov.ua/dep_img9/d160_1.jpg,d160_1,1,04.06.1967,Вища,,,народний депутат України,народний депутат України,так,ні,
21032,138,mp-d161_1_skl9,9,Гузенко Максим Васильович,Максим,Васильович,Гузенко,М.В.,,29.08.2019,,"Виборчий округ № 161, Сумська область",Виборчий округ № 161,161,59,Сумська область,безпартійний,50,Безпартійний,,"освіта вища, директор, ТОВ ""Агрохім-Партнер"", безпартійний, судимість відсутня, суб'єкт висування – ПОЛІТИЧНА ПАРТІЯ ""СЛУГА НАРОДУ"".",http://itd.rada.gov.ua/mps/info/page/21032,http://static.rada.gov.ua/dep_img9/d161_1.jpg,d161_1,1,08.06.1981,Вища,,,директор,"ТОВ ""Агрохім-Партнер""",ні,так,
21101,139,mp-d162_1_skl9,9,Задорожній Микола Миколайович,Микола,Миколайович,Задорожній,М.М.,,29.08.2019,,"Виборчий округ № 162, Сумська область",Виборчий округ № 162,162,59,Сумська область,безпартійний,50,Безпартійний,,"освіта вища, тимчасово не працює, безпартійний, судимість відсутня, суб'єкт висування – ПОЛІТИЧНА ПАРТІЯ ""СЛУГА НАРОДУ"".",http://itd.rada.gov.ua/mps/info/page/21101,http://static.rada.gov.ua/dep_img9/d162_1.jpg,d162_1,1,05.12.1984,Вища,,,тимчасово не працює,тимчасово не працює,ні,так,
20985,140,mp-d163_1_skl9,9,Богданець Андрій Володимирович,Андрій,Володимирович,Богданець,А.В.,,29.08.2019,,"Виборчий округ № 163, Тернопільська область",Виборчий округ № 163,163,61,Тернопільська область,безпартійний,50,Безпартійний,,"освіта вища, заступник генерального директора, ПрАТ ""Птахофабрика Тернопільська"", безпартійний, судимість відсутня, суб'єкт висування – ПОЛІТИЧНА ПАРТІЯ ""СЛУГА НАРОДУ"".",http://itd.rada.gov.ua/mps/info/page/20985,http://static.rada.gov.ua/dep_img9/d163_1.jpg,d163_1,1,13.07.1983,Вища,,,заступник генерального директора,"ПрАТ ""Птахофабрика Тернопільська""",ні,так,
21001,141,mp-d164_1_skl9,9,Василів Ігор Володимирович,Ігор,Володимирович,Василів,І.В.,,29.08.2019,,"Виборчий округ № 164, Тернопільська область",Виборчий округ № 164,164,61,Тернопільська область,безпартійний,50,Безпартійний,,"освіта вища, фізична особа – підприємець, безпартійний, судимість відсутня, суб'єкт висування – ПОЛІТИЧНА ПАРТІЯ ""СЛУГА НАРОДУ"".",http://itd.rada.gov.ua/mps/info/page/21001,http://static.rada.gov.ua/dep_img9/d164_1.jpg,d164_1,1,16.11.1979,Вища,,,фізична особа – підприємець,фізична особа – підприємець,ні,так,
21066,142,mp-d165_1_skl9,9,Чайківський Іван Адамович,Іван,Адамович,Чайківський,І.А.,,29.08.2019,,"Виборчий округ № 165, Тернопільська область",Виборчий округ № 165,165,61,Тернопільська область,,37,Аграрна партія України,,"освіта вища, директор, ТОВ ""Корпорація ""Агропродсервіс"", член Аграрної партії України, судимість відсутня, самовисування.",http://itd.rada.gov.ua/mps/info/page/21066,http://static.rada.gov.ua/dep_img9/d165_1.jpg,d165_1,1,29.05.1972,Вища,,,директор,"ТОВ ""Корпорація ""Агропродсервіс""",ні,так,
18117,143,mp-d166_1_skl9,9,Люшняк Микола Володимирович,Микола,Володимирович,Люшняк,М.В.,,29.08.2019,,"Виборчий округ № 166, Тернопільська область",Виборчий округ № 166,166,61,Тернопільська область,безпартійний,50,Безпартійний,,"освіта вища, народний депутат України, безпартійний, судимість відсутня, самовисування.",http://itd.rada.gov.ua/mps/info/page/18117,http://static.rada.gov.ua/dep_img9/d166_1.jpg,d166_1,1,08.02.1974,Вища,,,народний депутат України,народний депутат України,так,ні,
21019,144,mp-d167_1_skl9,9,Гевко Володимир Леонідович,Володимир,Леонідович,Гевко,В.Л.,,29.08.2019,,"Виборчий округ № 167, Тернопільська область",Виборчий округ № 167,167,61,Тернопільська область,безпартійний,50,Безпартійний,,"освіта вища, директор, ТОВ ""Навчально-консалтингова компанія ""Профі-Центр"", безпартійний, судимість відсутня, суб'єкт висування – ПОЛІТИЧНА ПАРТІЯ ""СЛУГА НАРОДУ"".",http://itd.rada.gov.ua/mps/info/page/21019,http://static.rada.gov.ua/dep_img9/d167_1.jpg,d167_1,1,20.08.1975,Вища,,,директор,"ТОВ ""Навчально-консалтингова компанія ""Профі-Центр""",ні,так,
21228,145|464,mp-d168_1_skl9,9,Мезенцева-Федоренко Марія Сергіївна,Марія,Сергіївна,Мезенцева-Федоренко,М.С.,Мезенцева Марія Сергіївна,29.08.2019,,"Виборчий округ № 168, Харківська область",Виборчий округ № 168,168,63,Харківська область,безпартійна,50,Безпартійний,,"освіта вища, фізична особа – підприємець, безпартійнa, судимість відсутня, суб'єкт висування – ПОЛІТИЧНА ПАРТІЯ ""СЛУГА НАРОДУ"".",http://itd.rada.gov.ua/mps/info/page/21228,http://static.rada.gov.ua/dep_img9/d168_1.jpg,d168_1,2,10.12.1989,Вища,,,фізична особа – підприємець,фізична особа – підприємець,ні,так,
21174,146,mp-d169_1_skl9,9,Куницький Олександр Олегович,Олександр,Олегович,Куницький,О.О.,,29.08.2019,,"Виборчий округ № 169, Харківська область",Виборчий округ № 169,169,63,Харківська область,безпартійний,50,Безпартійний,,"освіта професійно-технічна, фізична особа – підприємець, безпартійний, судимість відсутня, суб'єкт висування – ПОЛІТИЧНА ПАРТІЯ ""СЛУГА НАРОДУ"".",http://itd.rada.gov.ua/mps/info/page/21174,http://static.rada.gov.ua/dep_img9/d169_1.jpg,d169_1,1,25.08.1983,Професійно-технічна,,,фізична особа – підприємець,фізична особа – підприємець,ні,так,
21245,147,mp-d170_1_skl9,9,Одарченко Андрій Миколайович,Андрій,Миколайович,Одарченко,А.М.,,29.08.2019,10.10.2025,"Виборчий округ № 170, Харківська область",Виборчий округ № 170,170,63,Харківська область,безпартійний,50,Безпартійний,,"освіта вища, декан факультету управління торговельно-підприємницькою та митною діяльністю, Харківський державний університет харчування та торгівлі, безпартійний, судимість відсутня, суб'єкт висування – ПОЛІТИЧНА ПАРТІЯ ""СЛУГА НАРОДУ"".",http://itd.rada.gov.ua/mps/info/page/21245,http://static.rada.gov.ua/dep_img9/d170_1.jpg,d170_1,1,02.11.1978,Вища,,,декан факультету управління торговельно-підприємницькою та митною діяльністю,Харківський державний університет харчування та торгівлі,ні,так,НДУ п.2 частини 2 ст. 81 Конституції України
21132,148,mp-d171_1_skl9,9,Кінзбурська Вікторія Олександрівна,Вікторія,Олександрівна,Кінзбурська,В.О.,,29.08.2019,,"Виборчий округ № 171, Харківська область",Виборчий округ № 171,171,63,Харківська область,безпартійна,50,Безпартійний,,"освіта вища, завідувач сектору, департамент Державної архітектурно-будівельної інспекції у Харківській області, безпартійнa, судимість відсутня, суб'єкт висування – ПОЛІТИЧНА ПАРТІЯ ""СЛУГА НАРОДУ"".",http://itd.rada.gov.ua/mps/info/page/21132,http://static.rada.gov.ua/dep_img9/d171_1.jpg,d171_1,2,23.10.1980,Вища,,,завідувач сектору,департамент Державної архітектурно-будівельної інспекції у Харківській області,ні,так,
21105,149,mp-d172_1_skl9,9,Здебський Юрій Вікторович,Юрій,Вікторович,Здебський,Ю.В.,,29.08.2019,,"Виборчий округ № 172, Харківська область",Виборчий округ № 172,172,63,Харківська область,безпартійний,50,Безпартійний,,"освіта вища, тимчасово не працює, безпартійний, судимість відсутня, суб'єкт висування – ПОЛІТИЧНА ПАРТІЯ ""СЛУГА НАРОДУ"".",http://itd.rada.gov.ua/mps/info/page/21105,http://static.rada.gov.ua/dep_img9/d172_1.jpg,d172_1,1,24.12.1972,Вища,,,тимчасово не працює,тимчасово не працює,ні,так,
20976,150,mp-d173_1_skl9,9,Бакумов Олександр Сергійович,Олександр,Сергійович,Бакумов,О.С.,,29.08.2019,,"Виборчий округ № 173, Харківська область",Виборчий округ № 173,173,63,Харківська область,безпартійний,50,Безпартійний,,"освіта вища, проректор, Харківський національний університет внутрішніх справ, безпартійний, судимість відсутня, суб'єкт висування – ПОЛІТИЧНА ПАРТІЯ ""СЛУГА НАРОДУ"".",http://itd.rada.gov.ua/mps/info/page/20976,http://static.rada.gov.ua/dep_img9/d173_1.jpg,d173_1,1,25.04.1989,Вища,,,проректор,Харківський національний університет внутрішніх справ,ні,так,
5542,151,mp-d174_1_skl9,9,Фельдман Олександр Борисович,Олександр,Борисович,Фельдман,О.Б.,,29.08.2019,,"Виборчий округ № 174, Харківська область",Виборчий округ № 174,174,63,Харківська область,,225,"ПОЛІТИЧНА ПАРТІЯ ""НАШ КРАЙ""",,"освіта вища, народний депутат України, член ПОЛІТИЧНОЇ ПАРТІЇ ""НАШ КРАЙ"", судимість відсутня, самовисування.",http://itd.rada.gov.ua/mps/info/page/5542,http://static.rada.gov.ua/dep_img9/d174_1.jpg,d174_1,1,06.01.1960,Вища,,,народний депутат України,народний депутат України,так,ні,
21267,152,mp-d175_1_skl9,9,Пивоваров Євген Павлович,Євген,Павлович,Пивоваров,Є.П.,,29.08.2019,,"Виборчий округ № 175, Харківська область",Виборчий округ № 175,175,63,Харківська область,безпартійний,50,Безпартійний,,"освіта вища, професор кафедри технології харчування, Харківський державний університет харчування та торгівлі, безпартійний, судимість відсутня, суб'єкт висування – ПОЛІТИЧНА ПАРТІЯ ""СЛУГА НАРОДУ"".",http://itd.rada.gov.ua/mps/info/page/21267,http://static.rada.gov.ua/dep_img9/d175_1.jpg,d175_1,1,04.11.1978,Вища,Харківський державний університет харчування та торгівлі,професор кафедри технології харчування,,"професор кафедри технології харчування, Харківський державний університет харчування та торгівлі",ні,так,
8885,153,mp-d176_1_skl9,9,Шенцев Дмитро Олексійович,Дмитро,Олексійович,Шенцев,Д.О.,,29.08.2019,21.09.2022,"Виборчий округ № 176, Харківська область",Виборчий округ № 176,176,63,Харківська область,безпартійний,50,Безпартійний,,"освіта вища, народний депутат України, безпартійний, судимість відсутня, суб'єкт висування – Політична партія ""ОПОЗИЦІЙНИЙ БЛОК"".",http://itd.rada.gov.ua/mps/info/page/8885,http://static.rada.gov.ua/dep_img9/d176_1.jpg,d176_1,1,28.11.1964,Вища,,,народний депутат України,народний депутат України,так,ні,НДУ Особиста письмова заява про складення повноважень
21194,154,mp-d177_1_skl9,9,Любота Дмитро Валерійович,Дмитро,Валерійович,Любота,Д.В.,,29.08.2019,,"Виборчий округ № 177, Харківська область",Виборчий округ № 177,177,63,Харківська область,безпартійний,50,Безпартійний,,"освіта вища, директор, ТОВ Будівельне Підприємство ""ГРАДОСТРОЙ"", безпартійний, судимість відсутня, суб'єкт висування – ПОЛІТИЧНА ПАРТІЯ ""СЛУГА НАРОДУ"".",http://itd.rada.gov.ua/mps/info/page/21194,http://static.rada.gov.ua/dep_img9/d177_1.jpg,d177_1,1,09.01.1981,Вища,,,директор,"ТОВ Будівельне Підприємство ""ГРАДОСТРОЙ""",ні,так,
21190,155,mp-d178_1_skl9,9,Літвінов Олександр Миколайович,Олександр,Миколайович,Літвінов,О.М.,,29.08.2019,,"Виборчий округ № 178, Харківська область",Виборчий округ № 178,178,63,Харківська область,безпартійний,50,Безпартійний,,"освіта вища, голова, Балаклійська районна рада, безпартійний, судимість відсутня, суб'єкт висування – ПОЛІТИЧНА ПАРТІЯ ""СЛУГА НАРОДУ"".",http://itd.rada.gov.ua/mps/info/page/21190,http://static.rada.gov.ua/dep_img9/d178_1.jpg,d178_1,1,21.01.1972,Вища,,,голова,Балаклійська районна рада,ні,так,
21175,156,mp-d179_1_skl9,9,Кучер Олексій Володимирович,Олексій,Володимирович,Кучер,О.В.,,29.08.2019,03.12.2019,"Виборчий округ № 179, Харківська область",Виборчий округ № 179,179,63,Харківська область,безпартійний,50,Безпартійний,,"освіта вища, адвокат, безпартійний, судимість відсутня, суб'єкт висування – ПОЛІТИЧНА ПАРТІЯ ""СЛУГА НАРОДУ"".",http://itd.rada.gov.ua/mps/info/page/21175,http://static.rada.gov.ua/dep_img9/d179_1.jpg,d179_1,1,23.03.1985,Вища,,,адвокат,адвокат,ні,так,НДУ Особиста письмова заява про складення повноважень
21161,157,mp-d180_1_skl9,9,Красов Олексій Ігорович,Олексій,Ігорович,Красов,О.І.,,29.08.2019,,"Виборчий округ № 180, Харківська область",Виборчий округ № 180,180,63,Харківська область,безпартійний,50,Безпартійний,,"освіта вища, директор, ТОВ ""Ярко Інвест"", безпартійний, судимість відсутня, суб'єкт висування – ПОЛІТИЧНА ПАРТІЯ ""СЛУГА НАРОДУ"".",http://itd.rada.gov.ua/mps/info/page/21161,http://static.rada.gov.ua/dep_img9/d180_1.jpg,d180_1,1,13.11.1987,Вища,,,директор,"ТОВ ""Ярко Інвест""",ні,так,
21233,158,mp-d181_1_skl9,9,Микиша Дмитро Сергійович,Дмитро,Сергійович,Микиша,Д.С.,,29.08.2019,,"Виборчий округ № 181, Харківська область",Виборчий округ № 181,181,63,Харківська область,безпартійний,50,Безпартійний,,"освіта вища, заступник міського голови з питань діяльності виконавчих органів ради, виконавчий комітет Мереф'янської міської ради, безпартійний, судимість відсутня, суб'єкт висування – ПОЛІТИЧНА ПАРТІЯ ""СЛУГА НАРОДУ"".",http://itd.rada.gov.ua/mps/info/page/21233,http://static.rada.gov.ua/dep_img9/d181_1.jpg,d181_1,1,04.09.1985,Вища,,,заступник міського голови з питань діяльності виконавчих органів ради,виконавчий комітет Мереф'янської міської ради,ні,так,
21216,159,mp-d182_1_skl9,9,Павліш Павло Васильович,Павло,Васильович,Павліш,П.В.,,29.08.2019,,"Виборчий округ № 182, Херсонська область",Виборчий округ № 182,182,65,Херсонська область,безпартійний,50,Безпартійний,,"освіта вища, директор, ПП ""Юридична фірма ""Правочин"", безпартійний, судимість відсутня, суб'єкт висування – ПОЛІТИЧНА ПАРТІЯ ""СЛУГА НАРОДУ"".",http://itd.rada.gov.ua/mps/info/page/21216,http://static.rada.gov.ua/dep_img9/d182_1.jpg,d182_1,1,10.12.1979,Вища,,,директор,"ПП ""Юридична фірма ""Правочин""",ні,так,
20998,160,mp-d183_1_skl9,9,Вагнєр Вікторія Олександрівна,Вікторія,Олександрівна,Вагнєр,В.О.,,29.08.2019,,"Виборчий округ № 183, Херсонська область",Виборчий округ № 183,183,65,Херсонська область,безпартійна,50,Безпартійний,,"освіта вища, головний лікар, КЗ ""Обласна лікарня відновного лікування"" Херсонської обласної ради, безпартійнa, судимість відсутня, суб'єкт висування – ПОЛІТИЧНА ПАРТІЯ ""СЛУГА НАРОДУ"".",http://itd.rada.gov.ua/mps/info/page/20998,http://static.rada.gov.ua/dep_img9/d183_1.jpg,d183_1,2,21.05.1981,Вища,,,головний лікар,"КЗ ""Обласна лікарня відновного лікування"" Херсонської обласної ради",ні,так,
21143,161,mp-d184_1_skl9,9,Колихаєв Ігор Вікторович,Ігор,Вікторович,Колихаєв,І.В.,,29.08.2019,30.03.2021,"Виборчий округ № 184, Херсонська область",Виборчий округ № 184,184,65,Херсонська область,безпартійний,50,Безпартійний,,"освіта вища, директор, ТОВ ""ЛАНАПОДОВЕ-1"", ТОВ ""Українська продовольча корпорація"", ТОВ ""Торговий дім ""Продексім"", безпартійний, судимість відсутня, самовисування.",http://itd.rada.gov.ua/mps/info/page/21143,http://static.rada.gov.ua/dep_img9/d184_1.jpg,d184_1,1,08.05.1971,Вища,,,директор,"ТОВ ""ЛАНАПОДОВЕ-1"", ТОВ ""Українська продовольча корпорація"", ТОВ ""Торговий дім ""Продексім""",ні,так,НДУ Особиста письмова заява про складення повноважень
21112,162,mp-d185_1_skl9,9,Іванов Володимир Ілліч,Володимир,Ілліч,Іванов,В.І.,,29.08.2019,,"Виборчий округ № 185, Херсонська область",Виборчий округ № 185,185,65,Херсонська область,,226,"ПОЛІТИЧНА ПАРТІЯ ""СЛУГА НАРОДУ""",,"освіта вища, директор з виробництва, ТОВ ""Агропроект-Юг"", член ПОЛІТИЧНОЇ ПАРТІЇ ""СЛУГА НАРОДУ"", судимість відсутня, суб'єкт висування – ПОЛІТИЧНА ПАРТІЯ ""СЛУГА НАРОДУ"".",http://itd.rada.gov.ua/mps/info/page/21112,http://static.rada.gov.ua/dep_img9/d185_1.jpg,d185_1,1,14.07.1982,Вища,,,директор з виробництва,"ТОВ ""Агропроект-Юг""",ні,так,
21140,163,mp-d186_1_skl9,9,Ковальов Олексій Іванович,Олексій,Іванович,Ковальов,О.І.,,29.08.2019,28.08.2022,"Виборчий округ № 186, Херсонська область",Виборчий округ № 186,186,65,Херсонська область,безпартійний,50,Безпартійний,,"освіта вища, директор, ПП ""ЛК-АГРО"", безпартійний, судимість відсутня, суб'єкт висування – ПОЛІТИЧНА ПАРТІЯ ""СЛУГА НАРОДУ"".",http://itd.rada.gov.ua/mps/info/page/21140,http://static.rada.gov.ua/dep_img9/d186_1.jpg,d186_1,1,19.01.1989,Вища,,,директор,"ПП ""ЛК-АГРО""",ні,так,НДУ Смерть
21210,164,mp-d187_1_skl9,9,Стефанчук Микола Олексійович,Микола,Олексійович,Стефанчук,М.О.,,29.08.2019,,"Виборчий округ № 187, Хмельницька область",Виборчий округ № 187,187,68,Хмельницька область,безпартійний,50,Безпартійний,,"освіта вища, начальник юридичного відділу, державна організація ""Національний офіс інтелектуальної власності"", безпартійний, судимість відсутня, суб'єкт висування – ПОЛІТИЧНА ПАРТІЯ ""СЛУГА НАРОДУ"".",http://itd.rada.gov.ua/mps/info/page/21210,http://static.rada.gov.ua/dep_img9/d187_1.jpg,d187_1,1,04.05.1981,Вища,,,начальник юридичного відділу,"державна організація ""Національний офіс інтелектуальної власності""",ні,так,
15824,165,mp-d188_1_skl9,9,Лабазюк Сергій Петрович,Сергій,Петрович,Лабазюк,С.П.,,29.08.2019,,"Виборчий округ № 188, Хмельницька область",Виборчий округ № 188,188,68,Хмельницька область,безпартійний,50,Безпартійний,,"освіта вища, народний депутат України, безпартійний, судимість відсутня, самовисування.",http://itd.rada.gov.ua/mps/info/page/15824,http://static.rada.gov.ua/dep_img9/d188_1.jpg,d188_1,1,04.06.1980,Вища,,,народний депутат України,народний депутат України,так,ні,
21151,166,mp-d189_1_skl9,9,Копанчук Олена Євгенівна,Олена,Євгенівна,Копанчук,О.Є.,,29.08.2019,,"Виборчий округ № 189, Хмельницька область",Виборчий округ № 189,189,68,Хмельницька область,безпартійна,50,Безпартійний,,"освіта вища, адвокат, адвокатське об'єднання ""Копанчук та Партнери"", безпартійнa, судимість відсутня, суб'єкт висування – ПОЛІТИЧНА ПАРТІЯ ""СЛУГА НАРОДУ"".",http://itd.rada.gov.ua/mps/info/page/21151,http://static.rada.gov.ua/dep_img9/d189_1.jpg,d189_1,2,01.11.1978,Вища,,,адвокат,"адвокатське об'єднання ""Копанчук та Партнери""",ні,так,
15304,167,mp-d190_1_skl9,9,Жмеренецький Олексій Сергійович,Олексій,Сергійович,Жмеренецький,О.С.,,29.08.2019,,"Виборчий округ № 190, Хмельницька область",Виборчий округ № 190,190,68,Хмельницька область,безпартійний,50,Безпартійний,,"освіта вища, заступник голови правління, благодійна організація ""Благодійний фонд ""КОЛО"", безпартійний, судимість відсутня, суб'єкт висування – ПОЛІТИЧНА ПАРТІЯ ""СЛУГА НАРОДУ"".",http://itd.rada.gov.ua/mps/info/page/15304,http://static.rada.gov.ua/dep_img9/d190_1.jpg,d190_1,1,28.10.1986,Вища,,,заступник голови правління,"благодійна організація ""Благодійний фонд ""КОЛО""",ні,так,
15826,168,mp-d191_1_skl9,9,Бондар Віктор Васильович,Віктор,Васильович,Бондар,В.В.,,29.08.2019,,"Виборчий округ № 191, Хмельницька область",Виборчий округ № 191,191,68,Хмельницька область,безпартійний,50,Безпартійний,,"освіта вища, народний депутат України, безпартійний, судимість відсутня, самовисування.",http://itd.rada.gov.ua/mps/info/page/15826,http://static.rada.gov.ua/dep_img9/d191_1.jpg,d191_1,1,05.11.1975,Вища,,,народний депутат України,народний депутат України,так,ні,
15827,169,mp-d192_1_skl9,9,Герега Олександр Володимирович,Олександр,Володимирович,Герега,О.В.,,29.08.2019,,"Виборчий округ № 192, Хмельницька область",Виборчий округ № 192,192,68,Хмельницька область,,230,"ПОЛІТИЧНА ПАРТІЯ ""ЗА КОНКРЕТНІ СПРАВИ""",,"освіта вища, народний депутат України, член ПОЛІТИЧНОЇ ПАРТІЇ ""ЗА КОНКРЕТНІ СПРАВИ"", судимість відсутня, самовисування.",http://itd.rada.gov.ua/mps/info/page/15827,http://static.rada.gov.ua/dep_img9/d192_1.jpg,d192_1,1,27.06.1967,Вища,,,народний депутат України,народний депутат України,так,ні,
21221,170,mp-d193_1_skl9,9,Марчук Ігор Петрович,Ігор,Петрович,Марчук,І.П.,,29.08.2019,,"Виборчий округ № 193, Хмельницька область",Виборчий округ № 193,193,68,Хмельницька область,безпартійний,50,Безпартійний,,"освіта вища, директор, ТОВ ""М-ЕНД-С"", безпартійний, судимість відсутня, суб'єкт висування – ПОЛІТИЧНА ПАРТІЯ ""СЛУГА НАРОДУ"".",http://itd.rada.gov.ua/mps/info/page/21221,http://static.rada.gov.ua/dep_img9/d193_1.jpg,d193_1,1,17.02.1969,Вища,,,директор,"ТОВ ""М-ЕНД-С""",ні,так,
21070,171,mp-d194_1_skl9,9,Шпак Любов Олександрівна,Любов,Олександрівна,Шпак,Л.О.,,29.08.2019,,"Виборчий округ № 194, Черкаська область",Виборчий округ № 194,194,71,Черкаська область,безпартійна,50,Безпартійний,,"освіта вища, ректор, Східноєвропейський університет економіки і менеджменту, безпартійнa, судимість відсутня, суб'єкт висування – ПОЛІТИЧНА ПАРТІЯ ""СЛУГА НАРОДУ"".",http://itd.rada.gov.ua/mps/info/page/21070,http://static.rada.gov.ua/dep_img9/d194_1.jpg,d194_1,2,19.07.1980,Вища,Східноєвропейський університет економіки і менеджменту,ректор,,"ректор, Східноєвропейський університет економіки і менеджменту",ні,так,
20971,172,mp-d195_1_skl9,9,Арсенюк Олег Олексійович,Олег,Олексійович,Арсенюк,О.О.,,29.08.2019,,"Виборчий округ № 195, Черкаська область",Виборчий округ № 195,195,71,Черкаська область,безпартійний,50,Безпартійний,,"освіта вища, комерційний директор, ТОВ ""Берег-2007"", безпартійний, судимість відсутня, суб'єкт висування – ПОЛІТИЧНА ПАРТІЯ ""СЛУГА НАРОДУ"".",http://itd.rada.gov.ua/mps/info/page/20971,http://static.rada.gov.ua/dep_img9/d195_1.jpg,d195_1,1,21.08.1986,Вища,,,комерційний директор,"ТОВ ""Берег-2007""",ні,так,
21222,173,mp-d196_1_skl9,9,Стріхарський Андрій Петрович,Андрій,Петрович,Стріхарський,А.П.,,29.08.2019,,"Виборчий округ № 196, Черкаська область",Виборчий округ № 196,196,71,Черкаська область,безпартійний,50,Безпартійний,,"освіта вища, директор, ТОВ ""Компанія ""Статус Групп"", безпартійний, судимість відсутня, суб'єкт висування – ПОЛІТИЧНА ПАРТІЯ ""СЛУГА НАРОДУ"".",http://itd.rada.gov.ua/mps/info/page/21222,http://static.rada.gov.ua/dep_img9/d196_1.jpg,d196_1,1,04.08.1981,Вища,,,директор,"ТОВ ""Компанія ""Статус Групп""",ні,так,
21146,174,mp-d197_1_skl9,9,Скічко Олександр Олександрович,Олександр,Олександрович,Скічко,О.О.,,29.08.2019,30.03.2021,"Виборчий округ № 197, Черкаська область",Виборчий округ № 197,197,71,Черкаська область,безпартійний,50,Безпартійний,,"освіта вища, фізична особа – підприємець, безпартійний, судимість відсутня, суб'єкт висування – ПОЛІТИЧНА ПАРТІЯ ""СЛУГА НАРОДУ"".",http://itd.rada.gov.ua/mps/info/page/21146,http://static.rada.gov.ua/dep_img9/d197_1.jpg,d197_1,1,28.04.1991,Вища,,,фізична особа – підприємець,фізична особа – підприємець,ні,так,НДУ Особиста письмова заява про складення повноважень
21255,176,mp-d199_1_skl9,9,Нагорняк Сергій Володимирович,Сергій,Володимирович,Нагорняк,С.В.,,29.08.2019,,"Виборчий округ № 199, Черкаська область",Виборчий округ № 199,199,71,Черкаська область,безпартійний,50,Безпартійний,,"освіта вища, директор, ТОВ ""Євроінвестгруп ЛТД"", безпартійний, судимість відсутня, суб'єкт висування – ПОЛІТИЧНА ПАРТІЯ ""СЛУГА НАРОДУ"".",http://itd.rada.gov.ua/mps/info/page/21255,http://static.rada.gov.ua/dep_img9/d199_1.jpg,d199_1,1,13.05.1982,Вища,,,директор,"ТОВ ""Євроінвестгруп ЛТД""",ні,так,
4339,177,mp-d200_1_skl9,9,Яценко Антон Володимирович,Антон,Володимирович,Яценко,А.В.,,29.08.2019,,"Виборчий округ № 200, Черкаська область",Виборчий округ № 200,200,71,Черкаська область,безпартійний,50,Безпартійний,,"освіта вища, народний депутат України, безпартійний, судимість відсутня, самовисування.",http://itd.rada.gov.ua/mps/info/page/4339,http://static.rada.gov.ua/dep_img9/d200_1.jpg,d200_1,1,13.07.1977,Вища,,,народний депутат України,народний депутат України,так,ні,
21187,178,mp-d201_1_skl9,9,Лис Олена Георгіївна,Олена,Георгіївна,Лис,О.Г.,,29.08.2019,,"Виборчий округ № 201, Чернівецька область",Виборчий округ № 201,201,73,Чернівецька область,безпартійна,50,Безпартійний,,"освіта вища, вчитель, Чернівецька гімназія № 2 Чернівецької міської ради, безпартійнa, судимість відсутня, суб'єкт висування – ПОЛІТИЧНА ПАРТІЯ ""СЛУГА НАРОДУ"".",http://itd.rada.gov.ua/mps/info/page/21187,http://static.rada.gov.ua/dep_img9/d201_1.jpg,d201_1,2,15.06.1971,Вища,,,вчитель,Чернівецька гімназія № 2 Чернівецької міської ради,ні,так,
21102,179,mp-d202_1_skl9,9,Заремський Максим Валентинович,Максим,Валентинович,Заремський,М.В.,,29.08.2019,,"Виборчий округ № 202, Чернівецька область",Виборчий округ № 202,202,73,Чернівецька область,безпартійний,50,Безпартійний,,"освіта вища, начальник відділу планування, оперативного чергування, зв'язку та оповіщення, управління цивільного захисту населення Чернівецької обласної державної адміністрації, безпартійний, судимість відсутня, суб'єкт висування – ПОЛІТИЧНА ПАРТІЯ ""СЛУГА НАРОДУ"".",http://itd.rada.gov.ua/mps/info/page/21102,http://static.rada.gov.ua/dep_img9/d202_1.jpg,d202_1,1,26.09.1991,Вища,,,начальник відділу планування,"оперативного чергування, зв'язку та оповіщення, управління цивільного захисту населення Чернівецької обласної державної адміністрації",ні,так,
21198,180,mp-d203_1_skl9,9,Мазурашу Георгій Георгійович,Георгій,Георгійович,Мазурашу,Г.Г.,,29.08.2019,,"Виборчий округ № 203, Чернівецька область",Виборчий округ № 203,203,73,Чернівецька область,безпартійний,50,Безпартійний,,"освіта вища, директор, КЗ ""Чернівецький обласний центр фізичного здоров'я населення ""Спорт для всіх"", безпартійний, судимість відсутня, суб'єкт висування – ПОЛІТИЧНА ПАРТІЯ ""СЛУГА НАРОДУ"".",http://itd.rada.gov.ua/mps/info/page/21198,http://static.rada.gov.ua/dep_img9/d203_1.jpg,d203_1,1,17.04.1971,Вища,,,директор,"КЗ ""Чернівецький обласний центр фізичного здоров'я населення ""Спорт для всіх""",ні,так,
20987,181,mp-d204_1_skl9,9,Божик Валерій Іванович,Валерій,Іванович,Божик,В.І.,,29.08.2019,,"Виборчий округ № 204, Чернівецька область",Виборчий округ № 204,204,73,Чернівецька область,безпартійний,50,Безпартійний,,"освіта вища, адвокат, безпартійний, судимість відсутня, суб'єкт висування – ПОЛІТИЧНА ПАРТІЯ ""СЛУГА НАРОДУ"".",http://itd.rada.gov.ua/mps/info/page/20987,http://static.rada.gov.ua/dep_img9/d204_1.jpg,d204_1,1,27.03.1971,Вища,,,адвокат,адвокат,ні,так,
21100,182,mp-d205_1_skl9,9,Семінський Олег Валерійович,Олег,Валерійович,Семінський,О.В.,,29.08.2019,,"Виборчий округ № 205, Чернігівська область",Виборчий округ № 205,205,74,Чернігівська область,безпартійний,50,Безпартійний,,"освіта вища, директор, ТОВ ""Ділайс"", безпартійний, судимість відсутня, суб'єкт висування – ПОЛІТИЧНА ПАРТІЯ ""СЛУГА НАРОДУ"".",http://itd.rada.gov.ua/mps/info/page/21100,http://static.rada.gov.ua/dep_img9/d205_1.jpg,d205_1,1,20.12.1973,Вища,,,директор,"ТОВ ""Ділайс""",ні,так,
21273,183,mp-d206_1_skl9,9,Поляков Антон Едуардович,Антон,Едуардович,Поляков,А.Е.,,29.08.2019,08.10.2021,"Виборчий округ № 206, Чернігівська область",Виборчий округ № 206,206,74,Чернігівська область,безпартійний,50,Безпартійний,,"освіта загальна середня, фізична особа – підприємець, безпартійний, судимість відсутня, суб'єкт висування – ПОЛІТИЧНА ПАРТІЯ ""СЛУГА НАРОДУ"".",http://itd.rada.gov.ua/mps/info/page/21273,http://static.rada.gov.ua/dep_img9/d206_1.jpg,d206_1,1,11.11.1987,Загальна середня,,,фізична особа – підприємець,фізична особа – підприємець,ні,так,НДУ Смерть
21108,184,mp-d207_1_skl9,9,Зуєв Максим Сергійович,Максим,Сергійович,Зуєв,М.С.,,29.08.2019,,"Виборчий округ № 207, Чернігівська область",Виборчий округ № 207,207,74,Чернігівська область,безпартійний,50,Безпартійний,,"освіта загальна середня, керівник, ТОВ ""Артмедіа АДВ"", безпартійний, судимість відсутня, суб'єкт висування – ПОЛІТИЧНА ПАРТІЯ ""СЛУГА НАРОДУ"".",http://itd.rada.gov.ua/mps/info/page/21108,http://static.rada.gov.ua/dep_img9/d207_1.jpg,d207_1,1,14.04.1982,Загальна середня,,,керівник,"ТОВ ""Артмедіа АДВ""",ні,так,
18079,185,mp-d208_1_skl9,9,Давиденко Валерій Миколайович,Валерій,Миколайович,Давиденко,В.М.,,29.08.2019,23.05.2020,"Виборчий округ № 208, Чернігівська область",Виборчий округ № 208,208,74,Чернігівська область,безпартійний,50,Безпартійний,,"освіта вища, народний депутат України, безпартійний, судимість відсутня, самовисування.",http://itd.rada.gov.ua/mps/info/page/18079,http://static.rada.gov.ua/dep_img9/d208_1.jpg,d208_1,1,16.03.1973,Вища,,,народний депутат України,народний депутат України,так,ні,НДУ Смерть
21107,186,mp-d209_1_skl9,9,Зуб Валерій Олексійович,Валерій,Олексійович,Зуб,В.О.,,29.08.2019,,"Виборчий округ № 209, Чернігівська область",Виборчий округ № 209,209,74,Чернігівська область,безпартійний,50,Безпартійний,,"освіта вища, генеральний директор, КНП ""Чернігівський медичний центр сучасної онкології"", безпартійний, судимість відсутня, суб'єкт висування – ПОЛІТИЧНА ПАРТІЯ ""СЛУГА НАРОДУ"".",http://itd.rada.gov.ua/mps/info/page/21107,http://static.rada.gov.ua/dep_img9/d209_1.jpg,d209_1,1,04.03.1970,Вища,,,генеральний директор,"КНП ""Чернігівський медичний центр сучасної онкології""",ні,так,
21282,187,mp-d210_1_skl9,9,Приходько Борис Вікторович,Борис,Вікторович,Приходько,Б.В.,,29.08.2019,,"Виборчий округ № 210, Чернігівська область",Виборчий округ № 210,210,74,Чернігівська область,безпартійний,50,Безпартійний,,"освіта вища, радник, ТОВ ""Кредитна установа ""Кредит-Комерц"", безпартійний, судимість відсутня, самовисування.",http://itd.rada.gov.ua/mps/info/page/21282,http://static.rada.gov.ua/dep_img9/d210_1.jpg,d210_1,1,23.01.1973,Вища,,,радник,"ТОВ ""Кредитна установа ""Кредит-Комерц""",ні,так,
21063,188,mp-d211_1_skl9,9,Юрченко Олександр Миколайович,Олександр,Миколайович,Юрченко,О.М.,,29.08.2019,,"Виборчий округ № 211, м. Київ",Виборчий округ № 211,211,80,м. Київ,безпартійний,50,Безпартійний,,"освіта вища, тимчасово не працює, безпартійний, судимість відсутня, суб'єкт висування – ПОЛІТИЧНА ПАРТІЯ ""СЛУГА НАРОДУ"".",http://itd.rada.gov.ua/mps/info/page/21063,http://static.rada.gov.ua/dep_img9/d211_1.jpg,d211_1,1,23.07.1988,Вища,,,тимчасово не працює,тимчасово не працює,ні,так,
21265,189,mp-d212_1_skl9,9,Перебийніс Максим Вікторович,Максим,Вікторович,Перебийніс,М.В.,,29.08.2019,,"Виборчий округ № 212, м. Київ",Виборчий округ № 212,212,80,м. Київ,безпартійний,50,Безпартійний,,"освіта вища, завідувач відділення, медичний центр ТОВ ""Борис"", безпартійний, судимість відсутня, суб'єкт висування – ПОЛІТИЧНА ПАРТІЯ ""СЛУГА НАРОДУ"".",http://itd.rada.gov.ua/mps/info/page/21265,http://static.rada.gov.ua/dep_img9/d212_1.jpg,d212_1,1,11.12.1974,Вища,,,завідувач відділення,"медичний центр ТОВ ""Борис""",ні,так,
21041,190,mp-d213_1_skl9,9,Дубнов Артем Васильович,Артем,Васильович,Дубнов,А.В.,,29.08.2019,,"Виборчий округ № 213, м. Київ",Виборчий округ № 213,213,80,м. Київ,безпартійний,50,Безпартійний,,"освіта вища, лікар хірург-стоматолог, ТОВ ""Клініка Дубнової Стоматолог і Я"", безпартійний, судимість відсутня, суб'єкт висування – ПОЛІТИЧНА ПАРТІЯ ""СЛУГА НАРОДУ"".",http://itd.rada.gov.ua/mps/info/page/21041,http://static.rada.gov.ua/dep_img9/d213_1.jpg,d213_1,1,30.08.1988,Вища,,,лікар хірург-стоматолог,"ТОВ ""Клініка Дубнової Стоматолог і Я""",ні,так,
21059,191,mp-d214_1_skl9,9,Швець Сергій Федорович,Сергій,Федорович,Швець,С.Ф.,,29.08.2019,28.05.2025,"Виборчий округ № 214, м. Київ",Виборчий округ № 214,214,80,м. Київ,безпартійний,50,Безпартійний,,"освіта вища, ведучий ранкового випуску, ТОВ ТРК ""Студія 1+1"", безпартійний, судимість відсутня, суб'єкт висування – ПОЛІТИЧНА ПАРТІЯ ""СЛУГА НАРОДУ"".",http://itd.rada.gov.ua/mps/info/page/21059,http://static.rada.gov.ua/dep_img9/d214_1.jpg,d214_1,1,13.06.1976,Вища,,,ведучий ранкового випуску,"ТОВ ТРК ""Студія 1+1""",ні,так,НДУ Смерть
21054,192,mp-d215_1_skl9,9,Яременко Богдан Васильович,Богдан,Васильович,Яременко,Б.В.,,29.08.2019,,"Виборчий округ № 215, м. Київ",Виборчий округ № 215,215,80,м. Київ,безпартійний,50,Безпартійний,,"освіта вища, голова правління, благодійний фонд ""Майдан закордонних справ"", безпартійний, судимість відсутня, суб'єкт висування – ПОЛІТИЧНА ПАРТІЯ ""СЛУГА НАРОДУ"".",http://itd.rada.gov.ua/mps/info/page/21054,http://static.rada.gov.ua/dep_img9/d215_1.jpg,d215_1,1,25.09.1971,Вища,,,голова правління,"благодійний фонд ""Майдан закордонних справ""",ні,так,
21047,193,mp-d216_1_skl9,9,Забуранна Леся Валентинівна,Леся,Валентинівна,Забуранна,Л.В.,,29.08.2019,,"Виборчий округ № 216, м. Київ",Виборчий округ № 216,216,80,м. Київ,безпартійна,50,Безпартійний,,"освіта вища, професор кафедри менеджменту ім. професора Й.С. Завадського, Національний університет біоресурсів і природокористування України, безпартійнa, судимість відсутня, суб'єкт висування – ПОЛІТИЧНА ПАРТІЯ ""СЛУГА НАРОДУ"".",http://itd.rada.gov.ua/mps/info/page/21047,http://static.rada.gov.ua/dep_img9/d216_1.jpg,d216_1,2,22.08.1981,Вища,Національний університет біоресурсів і природокористування України,професор кафедри менеджменту ім. професора Й.С. Завадського,,"професор кафедри менеджменту ім. професора Й.С. Завадського, Національний університет біоресурсів і природокористування України",ні,так,
20979,194,mp-d217_1_skl9,9,Безугла Мар'яна Володимирівна,Мар'яна,Володимирівна,Безугла,М.В.,,29.08.2019,,"Виборчий округ № 217, м. Київ",Виборчий округ № 217,217,80,м. Київ,безпартійна,50,Безпартійний,,"освіта вища, старший інспектор з контролю за виконанням доручень відділу цивільних експертів, Центр забезпечення службової діяльності Міністерства оборони України та Генерального штабу Збройних Сил України, безпартійнa, судимість відсутня, суб'єкт висування – ПОЛІТИЧНА ПАРТІЯ ""СЛУГА НАРОДУ"".",http://itd.rada.gov.ua/mps/info/page/20979,http://static.rada.gov.ua/dep_img9/d217_1.jpg,d217_1,2,17.05.1988,Вища,,,старший інспектор з контролю за виконанням доручень відділу цивільних експертів,Центр забезпечення службової діяльності Міністерства оборони України та Генерального штабу Збройних Сил України,ні,так,
21033,195,mp-d218_1_skl9,9,Гурін Дмитро Олександрович,Дмитро,Олександрович,Гурін,Д.О.,,29.08.2019,,"Виборчий округ № 218, м. Київ",Виборчий округ № 218,218,80,м. Київ,безпартійний,50,Безпартійний,,"освіта вища, фізична особа – підприємець, безпартійний, судимість відсутня, суб'єкт висування – ПОЛІТИЧНА ПАРТІЯ ""СЛУГА НАРОДУ"".",http://itd.rada.gov.ua/mps/info/page/21033,http://static.rada.gov.ua/dep_img9/d218_1.jpg,d218_1,1,24.03.1982,Вища,,,фізична особа – підприємець,фізична особа – підприємець,ні,так,
21091,196,mp-d219_1_skl9,9,Тищенко Микола Миколайович,Микола,Миколайович,Тищенко,М.М.,,29.08.2019,,"Виборчий округ № 219, м. Київ",Виборчий округ № 219,219,80,м. Київ,,226,"ПОЛІТИЧНА ПАРТІЯ ""СЛУГА НАРОДУ""",,"освіта вища, генеральний директор, ТОВ ""ВКФ ""РИМІД"", член ПОЛІТИЧНОЇ ПАРТІЇ ""СЛУГА НАРОДУ"", судимість відсутня, суб'єкт висування – ПОЛІТИЧНА ПАРТІЯ ""СЛУГА НАРОДУ"".",http://itd.rada.gov.ua/mps/info/page/21091,http://static.rada.gov.ua/dep_img9/d219_1.jpg,d219_1,1,17.05.1972,Вища,,,генеральний директор,"ТОВ ""ВКФ ""РИМІД""",ні,так,
20988,197,mp-d220_1_skl9,9,Бондар Ганна Вячеславівна,Ганна,Вячеславівна,Бондар,Г.В.,,29.08.2019,,"Виборчий округ № 220, м. Київ",Виборчий округ № 220,220,80,м. Київ,безпартійна,50,Безпартійний,,"освіта вища, генеральний директор Директорату технічного регулювання в будівництві, Міністерство регіонального розвитку, будівництва та житлово-комунального господарства України, безпартійнa, судимість відсутня, суб'єкт висування – ПОЛІТИЧНА ПАРТІЯ ""СЛУГА НАРОДУ"".",http://itd.rada.gov.ua/mps/info/page/20988,http://static.rada.gov.ua/dep_img9/d220_1.jpg,d220_1,2,23.02.1975,Вища,,,генеральний директор Директорату технічного регулювання в будівництві,"Міністерство регіонального розвитку, будівництва та житлово-комунального господарства України",ні,так,
21279,198,mp-d221_1_skl9,9,Пуртова Анна Анатоліївна,Анна,Анатоліївна,Пуртова,А.А.,,29.08.2019,,"Виборчий округ № 221, м. Київ",Виборчий округ № 221,221,80,м. Київ,,226,"ПОЛІТИЧНА ПАРТІЯ ""СЛУГА НАРОДУ""",,"освіта вища, голова правління, громадська організація ""ДІДЖИТАЛ ОСВІТА"", член ПОЛІТИЧНОЇ ПАРТІЇ ""СЛУГА НАРОДУ"", судимість відсутня, суб'єкт висування – ПОЛІТИЧНА ПАРТІЯ ""СЛУГА НАРОДУ"".",http://itd.rada.gov.ua/mps/info/page/21279,http://static.rada.gov.ua/dep_img9/d221_1.jpg,d221_1,2,15.04.1982,Вища,,,голова правління,"громадська організація ""ДІДЖИТАЛ ОСВІТА""",ні,так,
21031,199,mp-d222_1_skl9,9,Грищук Роман Павлович,Роман,Павлович,Грищук,Р.П.,,29.08.2019,,"Виборчий округ № 222, м. Київ",Виборчий округ № 222,222,80,м. Київ,безпартійний,50,Безпартійний,,"освіта вища, директор, ТОВ ""МХ шоу"", безпартійний, судимість відсутня, суб'єкт висування – ПОЛІТИЧНА ПАРТІЯ ""СЛУГА НАРОДУ"".",http://itd.rada.gov.ua/mps/info/page/21031,http://static.rada.gov.ua/dep_img9/d222_1.jpg,d222_1,1,27.08.1989,Вища,,,директор,"ТОВ ""МХ шоу""",ні,так,
20994,200,mp-d223_1_skl9,9,Буймістер Людмила Анатоліївна,Людмила,Анатоліївна,Буймістер,Л.А.,,29.08.2019,,"Виборчий округ № 223, м. Київ",Виборчий округ № 223,223,80,м. Київ,безпартійна,50,Безпартійний,,"освіта вища, член наглядової ради, Металургійний завод Дунаферр (Угорщина), безпартійнa, судимість відсутня, суб'єкт висування – ПОЛІТИЧНА ПАРТІЯ ""СЛУГА НАРОДУ"".",http://itd.rada.gov.ua/mps/info/page/20994,http://static.rada.gov.ua/dep_img9/d223_1.jpg,d223_1,2,05.11.1985,Вища,,,член наглядової ради,Металургійний завод Дунаферр (Угорщина),ні,так,
21205,201,mp-sn1_skl9,9,Разумков Дмитро Олександрович,Дмитро,Олександрович,Разумков,Д.О.,,29.08.2019,,"Багатомандатний загальнодержавний виборчий округ, ПОЛІТИЧНА ПАРТІЯ ""СЛУГА НАРОДУ"" /№ у списку - 1/",,,0,,"ПОЛІТИЧНА ПАРТІЯ ""СЛУГА НАРОДУ""",226,"ПОЛІТИЧНА ПАРТІЯ ""СЛУГА НАРОДУ""",1,"освіта вища, голова, ПОЛІТИЧНА ПАРТІЯ ""СЛУГА НАРОДУ"", член ПОЛІТИЧНОЇ ПАРТІЇ ""СЛУГА НАРОДУ"", судимість відсутня, включений до виборчого списку під № 1.",http://itd.rada.gov.ua/mps/info/page/21205,http://static.rada.gov.ua/dep_img9/sn1.jpg,sn1,1,08.10.1983,Вища,,,голова,"ПОЛІТИЧНА ПАРТІЯ ""СЛУГА НАРОДУ""",ні,так,
21211,202,mp-sn2_skl9,9,Стефанчук Руслан Олексійович,Руслан,Олексійович,Стефанчук,Р.О.,,29.08.2019,,"Багатомандатний загальнодержавний виборчий округ, ПОЛІТИЧНА ПАРТІЯ ""СЛУГА НАРОДУ"" /№ у списку - 2/",,,0,,"ПОЛІТИЧНА ПАРТІЯ ""СЛУГА НАРОДУ""",50,Безпартійний,2,"освіта вища, Радник Президента України – Представник Президента України у Верховній Раді України, Адміністрація Президента України, безпартійний, судимість відсутня, включений до виборчого списку під № 2.",http://itd.rada.gov.ua/mps/info/page/21211,http://static.rada.gov.ua/dep_img9/sn2.jpg,sn2,1,29.10.1975,Вища,,,Радник Президента України – Представник Президента України у Верховній Раді України,Адміністрація Президента України,ні,так,
21008,203,mp-sn3_skl9,9,Венедіктова Ірина Валентинівна,Ірина,Валентинівна,Венедіктова,І.В.,,29.08.2019,14.01.2020,"Багатомандатний загальнодержавний виборчий округ, ПОЛІТИЧНА ПАРТІЯ ""СЛУГА НАРОДУ"" /№ у списку - 3/",,,0,,"ПОЛІТИЧНА ПАРТІЯ ""СЛУГА НАРОДУ""",50,Безпартійний,3,"освіта вища, завідувач кафедри цивільно-правових дисциплін, Харківський національний університет імені В.Н. Каразіна, безпартійнa, судимість відсутня, включена до виборчого списку під № 3.",http://itd.rada.gov.ua/mps/info/page/21008,http://static.rada.gov.ua/dep_img9/sn3.jpg,sn3,2,21.09.1978,Вища,Харківський національний університет імені В.Н. Каразіна,завідувач кафедри цивільно-правових дисциплін,,"завідувач кафедри цивільно-правових дисциплін, Харківський національний університет імені В.Н. Каразіна",ні,так,НДУ Особиста письмова заява про складення повноважень
20969,204,mp-sn4_skl9,9,Арахамія Давид Георгійович,Давид,Георгійович,Арахамія,Д.Г.,,29.08.2019,,"Багатомандатний загальнодержавний виборчий округ, ПОЛІТИЧНА ПАРТІЯ ""СЛУГА НАРОДУ"" /№ у списку - 4/",,,0,,"ПОЛІТИЧНА ПАРТІЯ ""СЛУГА НАРОДУ""",50,Безпартійний,4,"освіта вища, фізична особа – підприємець, безпартійний, судимість відсутня, включений до виборчого списку під № 4.",http://itd.rada.gov.ua/mps/info/page/20969,http://static.rada.gov.ua/dep_img9/sn4.jpg,sn4,1,23.05.1979,Вища,,,фізична особа – підприємець,фізична особа – підприємець,ні,так,
21055,205,mp-sn5_skl9,9,Янченко Галина Ігорівна,Галина,Ігорівна,Янченко,Г.І.,,29.08.2019,,"Багатомандатний загальнодержавний виборчий округ, ПОЛІТИЧНА ПАРТІЯ ""СЛУГА НАРОДУ"" /№ у списку - 5/",,,0,,"ПОЛІТИЧНА ПАРТІЯ ""СЛУГА НАРОДУ""",50,Безпартійний,5,"освіта вища, фізична особа – підприємець, безпартійнa, судимість відсутня, включена до виборчого списку під № 5.",http://itd.rada.gov.ua/mps/info/page/21055,http://static.rada.gov.ua/dep_img9/sn5.jpg,sn5,2,29.04.1988,Вища,,,фізична особа – підприємець,фізична особа – підприємець,ні,так,
21082,206,mp-sn6_skl9,9,Федоров Михайло Альбертович,Михайло,Альбертович,Федоров,М.А.,,29.08.2019,29.08.2019,"Багатомандатний загальнодержавний виборчий округ, ПОЛІТИЧНА ПАРТІЯ ""СЛУГА НАРОДУ"" /№ у списку - 6/",,,0,,"ПОЛІТИЧНА ПАРТІЯ ""СЛУГА НАРОДУ""",50,Безпартійний,6,"освіта вища, директор, ТОВ ""ЕСЕМЕМСТУДІО"", безпартійний, судимість відсутня, включений до виборчого списку під № 6.",http://itd.rada.gov.ua/mps/info/page/21082,http://static.rada.gov.ua/dep_img9/sn6.jpg,sn6,1,21.01.1991,Вища,,,директор,"ТОВ ""ЕСЕМЕМСТУДІО""",ні,так,НДУ Особиста письмова заява про складення повноважень
21153,207,mp-sn7_skl9,9,Корнієнко Олександр Сергійович,Олександр,Сергійович,Корнієнко,О.С.,,29.08.2019,,"Багатомандатний загальнодержавний виборчий округ, ПОЛІТИЧНА ПАРТІЯ ""СЛУГА НАРОДУ"" /№ у списку - 7/",,,0,,"ПОЛІТИЧНА ПАРТІЯ ""СЛУГА НАРОДУ""",226,"ПОЛІТИЧНА ПАРТІЯ ""СЛУГА НАРОДУ""",7,"освіта вища, фізична особа – підприємець, член ПОЛІТИЧНОЇ ПАРТІЇ ""СЛУГА НАРОДУ"", судимість відсутня, включений до виборчого списку під № 7.",http://itd.rada.gov.ua/mps/info/page/21153,http://static.rada.gov.ua/dep_img9/sn7.jpg,sn7,1,12.05.1984,Вища,,,фізична особа – підприємець,фізична особа – підприємець,ні,так,
21160,208|438,mp-sn8_skl9,9,Радіна Анастасія Олегівна,Анастасія,Олегівна,Радіна,А.О.,Красносільська Анастасія Олегівна,29.08.2019,,"Багатомандатний загальнодержавний виборчий округ, ПОЛІТИЧНА ПАРТІЯ ""СЛУГА НАРОДУ"" /№ у списку - 8/",,,0,,"ПОЛІТИЧНА ПАРТІЯ ""СЛУГА НАРОДУ""",50,Безпартійний,8,"освіта вища, фізична особа – підприємець, безпартійнa, судимість відсутня, включена до виборчого списку під № 8.",http://itd.rada.gov.ua/mps/info/page/21160,http://static.rada.gov.ua/dep_img9/sn8.jpg,sn8,2,23.06.1984,Вища,,,фізична особа – підприємець,фізична особа – підприємець,ні,так,
21111,209,mp-sn9_skl9,9,Ткаченко Олександр Владиславович,Олександр,Владиславович,Ткаченко,О.В.,,29.08.2019,04.06.2020,"Багатомандатний загальнодержавний виборчий округ, ПОЛІТИЧНА ПАРТІЯ ""СЛУГА НАРОДУ"" /№ у списку - 9/",,,0,,"ПОЛІТИЧНА ПАРТІЯ ""СЛУГА НАРОДУ""",50,Безпартійний,9,"освіта вища, генеральний директор, ТОВ ""Телерадіокомпанія ""Студія 1+1"""""", безпартійний, судимість відсутня, включений до виборчого списку під № 9.",http://itd.rada.gov.ua/mps/info/page/21111,http://static.rada.gov.ua/dep_img9/sn9.jpg,sn9,1,22.01.1966,Вища,,,генеральний директор,"ТОВ ""Телерадіокомпанія ""Студія 1+1""""""",ні,так,НДУ Особиста письмова заява про складення повноважень
20980,210,mp-sn10_skl9,9,Беленюк Жан Венсанович,Жан,Венсанович,Беленюк,Ж.В.,,29.08.2019,,"Багатомандатний загальнодержавний виборчий округ, ПОЛІТИЧНА ПАРТІЯ ""СЛУГА НАРОДУ"" /№ у списку - 10/",,,0,,"ПОЛІТИЧНА ПАРТІЯ ""СЛУГА НАРОДУ""",50,Безпартійний,10,"освіта вища, спортсмен-інструктор, ЦСКА ЗСУ, безпартійний, судимість відсутня, включений до виборчого списку під № 10.",http://itd.rada.gov.ua/mps/info/page/20980,http://static.rada.gov.ua/dep_img9/sn10.jpg,sn10,1,24.01.1991,Вища,,,спортсмен-інструктор,ЦСКА ЗСУ,ні,так,
20972,211,mp-sn11_skl9,9,Бабак Сергій Віталійович,Сергій,Віталійович,Бабак,С.В.,,29.08.2019,,"Багатомандатний загальнодержавний виборчий округ, ПОЛІТИЧНА ПАРТІЯ ""СЛУГА НАРОДУ"" /№ у списку - 11/",,,0,,"ПОЛІТИЧНА ПАРТІЯ ""СЛУГА НАРОДУ""",50,Безпартійний,11,"освіта вища, заступник директора, державна наукова установа ""Центр морської геології, геоекології та осадового рудоутворення НАН України"", безпартійний, судимість відсутня, включений до виборчого списку під № 11.",http://itd.rada.gov.ua/mps/info/page/20972,http://static.rada.gov.ua/dep_img9/sn11.jpg,sn11,1,31.07.1978,Вища,,,заступник директора,"державна наукова установа ""Центр морської геології, геоекології та осадового рудоутворення НАН України""",ні,так,
21165,212,mp-sn12_skl9,9,Криклій Владислав Артурович,Владислав,Артурович,Криклій,В.А.,,29.08.2019,29.08.2019,"Багатомандатний загальнодержавний виборчий округ, ПОЛІТИЧНА ПАРТІЯ ""СЛУГА НАРОДУ"" /№ у списку - 12/",,,0,,"ПОЛІТИЧНА ПАРТІЯ ""СЛУГА НАРОДУ""",50,Безпартійний,12,"освіта вища, начальник, Головний сервісний центр МВС України, безпартійний, судимість відсутня, включений до виборчого списку під № 12.",http://itd.rada.gov.ua/mps/info/page/21165,http://static.rada.gov.ua/dep_img9/sn12.jpg,sn12,1,23.11.1986,Вища,,,начальник,Головний сервісний центр МВС України,ні,так,НДУ Особиста письмова заява про складення повноважень
21075,213,mp-sn13_skl9,9,Шуляк Олена Олексіївна,Олена,Олексіївна,Шуляк,О.О.,,29.08.2019,,"Багатомандатний загальнодержавний виборчий округ, ПОЛІТИЧНА ПАРТІЯ ""СЛУГА НАРОДУ"" /№ у списку - 13/",,,0,,"ПОЛІТИЧНА ПАРТІЯ ""СЛУГА НАРОДУ""",50,Безпартійний,13,"освіта вища, генеральний директор, ТОВ ""Мідланд Девелопмент Україна"", безпартійнa, судимість відсутня, включена до виборчого списку під № 13.",http://itd.rada.gov.ua/mps/info/page/21075,http://static.rada.gov.ua/dep_img9/sn13.jpg,sn13,2,24.01.1976,Вища,,,генеральний директор,"ТОВ ""Мідланд Девелопмент Україна""",ні,так,
21257,214,mp-sn14_skl9,9,Наталуха Дмитро Андрійович,Дмитро,Андрійович,Наталуха,Д.А.,,29.08.2019,14.01.2026,"Багатомандатний загальнодержавний виборчий округ, ПОЛІТИЧНА ПАРТІЯ ""СЛУГА НАРОДУ"" /№ у списку - 14/",,,0,,"ПОЛІТИЧНА ПАРТІЯ ""СЛУГА НАРОДУ""",50,Безпартійний,14,"освіта вища, керівник, ТОВ ""Лід/Ог'юрі"", безпартійний, судимість відсутня, включений до виборчого списку під № 14.",http://itd.rada.gov.ua/mps/info/page/21257,http://static.rada.gov.ua/dep_img9/sn14.jpg,sn14,1,15.09.1987,Вища,,,керівник,"ТОВ ""Лід/Ог'юрі""",ні,так,НДУ Особиста письмова заява про складення повноважень
21053,215,mp-sn15_skl9,9,Ясько Єлизавета Олексіївна,Єлизавета,Олексіївна,Ясько,Є.О.,,29.08.2019,,"Багатомандатний загальнодержавний виборчий округ, ПОЛІТИЧНА ПАРТІЯ ""СЛУГА НАРОДУ"" /№ у списку - 15/",,,0,,"ПОЛІТИЧНА ПАРТІЯ ""СЛУГА НАРОДУ""",50,Безпартійний,15,"освіта вища, фізична особа – підприємець, безпартійнa, судимість відсутня, включена до виборчого списку під № 15.",http://itd.rada.gov.ua/mps/info/page/21053,http://static.rada.gov.ua/dep_img9/sn15.jpg,sn15,2,17.10.1990,Вища,,,фізична особа – підприємець,фізична особа – підприємець,ні,так,
21247,216,mp-sn16_skl9,9,Оржель Олексій Анатолійович,Олексій,Анатолійович,Оржель,О.А.,,29.08.2019,29.08.2019,"Багатомандатний загальнодержавний виборчий округ, ПОЛІТИЧНА ПАРТІЯ ""СЛУГА НАРОДУ"" /№ у списку - 16/",,,0,,"ПОЛІТИЧНА ПАРТІЯ ""СЛУГА НАРОДУ""",50,Безпартійний,16,"освіта вища, керівник профільного енергетичного сектору, Офіс ефективного регулювання, безпартійний, судимість відсутня, включений до виборчого списку під № 16.",http://itd.rada.gov.ua/mps/info/page/21247,http://static.rada.gov.ua/dep_img9/sn16.jpg,sn16,1,26.01.1984,Вища,,,керівник профільного енергетичного сектору,Офіс ефективного регулювання,ні,так,НДУ Особиста письмова заява про складення повноважень
21022,217,mp-sn17_skl9,9,Герус Андрій Михайлович,Андрій,Михайлович,Герус,А.М.,,29.08.2019,,"Багатомандатний загальнодержавний виборчий округ, ПОЛІТИЧНА ПАРТІЯ ""СЛУГА НАРОДУ"" /№ у списку - 17/",,,0,,"ПОЛІТИЧНА ПАРТІЯ ""СЛУГА НАРОДУ""",50,Безпартійний,17,"освіта вища, голова, громадська організація ""Асоціація споживачів енергетики та комунальних послуг"", безпартійний, судимість відсутня, включений до виборчого списку під № 17.",http://itd.rada.gov.ua/mps/info/page/21022,http://static.rada.gov.ua/dep_img9/sn17.jpg,sn17,1,18.03.1982,Вища,,,голова,"громадська організація ""Асоціація споживачів енергетики та комунальних послуг""",ні,так,
21204,218,mp-sn18_skl9,9,Радуцький Михайло Борисович,Михайло,Борисович,Радуцький,М.Б.,,29.08.2019,,"Багатомандатний загальнодержавний виборчий округ, ПОЛІТИЧНА ПАРТІЯ ""СЛУГА НАРОДУ"" /№ у списку - 18/",,,0,,"ПОЛІТИЧНА ПАРТІЯ ""СЛУГА НАРОДУ""",50,Безпартійний,18,"освіта вища, президент клініки, ТОВ ""Борис"", безпартійний, судимість відсутня, включений до виборчого списку під № 18.",http://itd.rada.gov.ua/mps/info/page/21204,http://static.rada.gov.ua/dep_img9/sn18.jpg,sn18,1,05.12.1968,Вища,,,президент клініки,"ТОВ ""Борис""",ні,так,
21241,219,mp-sn19_skl9,9,Монастирський Денис Анатолійович,Денис,Анатолійович,Монастирський,Д.А.,,29.08.2019,16.07.2021,"Багатомандатний загальнодержавний виборчий округ, ПОЛІТИЧНА ПАРТІЯ ""СЛУГА НАРОДУ"" /№ у списку - 19/",,,0,,"ПОЛІТИЧНА ПАРТІЯ ""СЛУГА НАРОДУ""",50,Безпартійний,19,"освіта вища, експерт з питань реформування правоохоронної та судової систем, Аналітичний центр ""Український інститут майбутнього"", безпартійний, судимість відсутня, включений до виборчого списку під № 19.",http://itd.rada.gov.ua/mps/info/page/21241,http://static.rada.gov.ua/dep_img9/sn19.jpg,sn19,1,12.06.1980,Вища,,,експерт з питань реформування правоохоронної та судової систем,"Аналітичний центр ""Український інститут майбутнього""",ні,так,НДУ Особиста письмова заява про складення повноважень
21023,220,mp-sn20_skl9,9,Гетманцев Данило Олександрович,Данило,Олександрович,Гетманцев,Д.О.,,29.08.2019,,"Багатомандатний загальнодержавний виборчий округ, ПОЛІТИЧНА ПАРТІЯ ""СЛУГА НАРОДУ"" /№ у списку - 20/",,,0,,"ПОЛІТИЧНА ПАРТІЯ ""СЛУГА НАРОДУ""",50,Безпартійний,20,"освіта вища, професор кафедри фінансового права юридичного факультету, Київський національний університет імені Тараса Шевченка, безпартійний, судимість відсутня, включений до виборчого списку під № 20.",http://itd.rada.gov.ua/mps/info/page/21023,http://static.rada.gov.ua/dep_img9/sn20.jpg,sn20,1,26.04.1978,Вища,Київський національний університет імені Тараса Шевченка,професор кафедри фінансового права юридичного факультету,,"професор кафедри фінансового права юридичного факультету, Київський національний університет імені Тараса Шевченка",ні,так,
21202,221,mp-sn21_skl9,9,Малюська Денис Леонтійович,Денис,Леонтійович,Малюська,Д.Л.,,29.08.2019,29.08.2019,"Багатомандатний загальнодержавний виборчий округ, ПОЛІТИЧНА ПАРТІЯ ""СЛУГА НАРОДУ"" /№ у списку - 21/",,,0,,"ПОЛІТИЧНА ПАРТІЯ ""СЛУГА НАРОДУ""",50,Безпартійний,21,"освіта вища, фахівець з розвитку приватного сектору, Група Світового банку, безпартійний, судимість відсутня, включений до виборчого списку під № 21.",http://itd.rada.gov.ua/mps/info/page/21202,http://static.rada.gov.ua/dep_img9/sn21.jpg,sn21,1,19.11.1981,Вища,,,фахівець з розвитку приватного сектору,Група Світового банку,ні,так,НДУ Особиста письмова заява про складення повноважень
21081,222,mp-sn22_skl9,9,Холодов Андрій Іванович,Андрій,Іванович,Холодов,А.І.,,29.08.2019,09.08.2023,"Багатомандатний загальнодержавний виборчий округ, ПОЛІТИЧНА ПАРТІЯ ""СЛУГА НАРОДУ"" /№ у списку - 22/",,,0,,"ПОЛІТИЧНА ПАРТІЯ ""СЛУГА НАРОДУ""",50,Безпартійний,22,"освіта вища, заступник директора, ТОВ ""Текам Плюс"", безпартійний, судимість відсутня, включений до виборчого списку під № 22.",http://itd.rada.gov.ua/mps/info/page/21081,http://static.rada.gov.ua/dep_img9/sn22.jpg,sn22,1,20.08.1972,Вища,,,заступник директора,"ТОВ ""Текам Плюс""",ні,так,НДУ Особиста письмова заява про складення повноважень
21186,223,mp-sn23_skl9,9,Лерос Гео Багратович,Гео,Багратович,Лерос,Г.Б.,,29.08.2019,,"Багатомандатний загальнодержавний виборчий округ, ПОЛІТИЧНА ПАРТІЯ ""СЛУГА НАРОДУ"" /№ у списку - 23/",,,0,,"ПОЛІТИЧНА ПАРТІЯ ""СЛУГА НАРОДУ""",50,Безпартійний,23,"освіта вища, режисер, арт-проект ""Арт Юнайтед Юз"", безпартійний, судимість відсутня, включений до виборчого списку під № 23.",http://itd.rada.gov.ua/mps/info/page/21186,http://static.rada.gov.ua/dep_img9/sn23.jpg,sn23,1,24.04.1989,Вища,,,режисер,"арт-проект ""Арт Юнайтед Юз""",ні,так,
21120,224,mp-sn24_skl9,9,Кальченко Сергій Віталійович,Сергій,Віталійович,Кальченко,С.В.,,29.08.2019,,"Багатомандатний загальнодержавний виборчий округ, ПОЛІТИЧНА ПАРТІЯ ""СЛУГА НАРОДУ"" /№ у списку - 24/",,,0,,"ПОЛІТИЧНА ПАРТІЯ ""СЛУГА НАРОДУ""",50,Безпартійний,24,"освіта вища, адвокат, адвокатське об'єднання ""Хіллмонт Партнерс"", безпартійний, судимість відсутня, включений до виборчого списку під № 24.",http://itd.rada.gov.ua/mps/info/page/21120,http://static.rada.gov.ua/dep_img9/sn24.jpg,sn24,1,30.12.1964,Вища,,,адвокат,"адвокатське об'єднання ""Хіллмонт Партнерс""",ні,так,
21109,225,mp-sn25_skl9,9,Ткаченко Максим Миколайович,Максим,Миколайович,Ткаченко,М.М.,,29.08.2019,,"Багатомандатний загальнодержавний виборчий округ, ПОЛІТИЧНА ПАРТІЯ ""СЛУГА НАРОДУ"" /№ у списку - 25/",,,0,,"ПОЛІТИЧНА ПАРТІЯ ""СЛУГА НАРОДУ""",226,"ПОЛІТИЧНА ПАРТІЯ ""СЛУГА НАРОДУ""",25,"освіта вища, керівник, ТОВ ""Квартал-Концерт"", член ПОЛІТИЧНОЇ ПАРТІЇ ""СЛУГА НАРОДУ"", судимість відсутня, включений до виборчого списку під № 25.",http://itd.rada.gov.ua/mps/info/page/21109,http://static.rada.gov.ua/dep_img9/sn25.jpg,sn25,1,24.01.1983,Вища,,,керівник,"ТОВ ""Квартал-Концерт""",ні,так,
21068,226,mp-sn26_skl9,9,Чернєв Єгор Володимирович,Єгор,Володимирович,Чернєв,Є.В.,,29.08.2019,,"Багатомандатний загальнодержавний виборчий округ, ПОЛІТИЧНА ПАРТІЯ ""СЛУГА НАРОДУ"" /№ у списку - 26/",,,0,,"ПОЛІТИЧНА ПАРТІЯ ""СЛУГА НАРОДУ""",50,Безпартійний,26,"освіта вища, фізична особа – підприємець, безпартійний, судимість відсутня, включений до виборчого списку під № 26.",http://itd.rada.gov.ua/mps/info/page/21068,http://static.rada.gov.ua/dep_img9/sn26.jpg,sn26,1,05.02.1985,Вища,,,фізична особа – підприємець,фізична особа – підприємець,ні,так,
21061,227,mp-sn27_skl9,9,Юраш Святослав Андрійович,Святослав,Андрійович,Юраш,С.А.,,29.08.2019,,"Багатомандатний загальнодержавний виборчий округ, ПОЛІТИЧНА ПАРТІЯ ""СЛУГА НАРОДУ"" /№ у списку - 27/",,,0,,"ПОЛІТИЧНА ПАРТІЯ ""СЛУГА НАРОДУ""",50,Безпартійний,27,"освіта загальна середня, тимчасово не працює, безпартійний, судимість відсутня, включений до виборчого списку під № 27.",http://itd.rada.gov.ua/mps/info/page/21061,http://static.rada.gov.ua/dep_img9/sn27.jpg,sn27,1,16.02.1996,Загальна середня,,,тимчасово не працює,тимчасово не працює,ні,так,
21229,228,mp-sn28_skl9,9,Сушко Павло Миколайович,Павло,Миколайович,Сушко,П.М.,,29.08.2019,,"Багатомандатний загальнодержавний виборчий округ, ПОЛІТИЧНА ПАРТІЯ ""СЛУГА НАРОДУ"" /№ у списку - 28/",,,0,,"ПОЛІТИЧНА ПАРТІЯ ""СЛУГА НАРОДУ""",226,"ПОЛІТИЧНА ПАРТІЯ ""СЛУГА НАРОДУ""",28,"освіта вища, директор, ТОВ ""Прайм Сторі Пікчерс"", член ПОЛІТИЧНОЇ ПАРТІЇ ""СЛУГА НАРОДУ"", судимість відсутня, включений до виборчого списку під № 28.",http://itd.rada.gov.ua/mps/info/page/21229,http://static.rada.gov.ua/dep_img9/sn28.jpg,sn28,1,16.11.1979,Вища,,,директор,"ТОВ ""Прайм Сторі Пікчерс""",ні,так,
21010,229,mp-sn29_skl9,9,Верещук Ірина Андріївна,Ірина,Андріївна,Верещук,І.А.,,29.08.2019,04.11.2021,"Багатомандатний загальнодержавний виборчий округ, ПОЛІТИЧНА ПАРТІЯ ""СЛУГА НАРОДУ"" /№ у списку - 29/",,,0,,"ПОЛІТИЧНА ПАРТІЯ ""СЛУГА НАРОДУ""",50,Безпартійний,29,"освіта вища, президент, громадська організація ""Міжнародний центр балтійсько-чорноморських досліджень та консенсусних практик. Центр політичного діалогу"", безпартійнa, судимість відсутня, включена до виборчого списку під № 29.",http://itd.rada.gov.ua/mps/info/page/21010,http://static.rada.gov.ua/dep_img9/sn29.jpg,sn29,2,30.11.1979,Вища,,,президент,"громадська організація ""Міжнародний центр балтійсько-чорноморських досліджень та консенсусних практик. Центр політичного діалогу""",ні,так,НДУ Особиста письмова заява про складення повноважень
21167,230,mp-sn30_skl9,9,Кубраков Олександр Миколайович,Олександр,Миколайович,Кубраков,О.М.,,29.08.2019,03.12.2019,"Багатомандатний загальнодержавний виборчий округ, ПОЛІТИЧНА ПАРТІЯ ""СЛУГА НАРОДУ"" /№ у списку - 30/",,,0,,"ПОЛІТИЧНА ПАРТІЯ ""СЛУГА НАРОДУ""",50,Безпартійний,30,"освіта вища, керівник сектору телекомунікацій та Ай-Ті, Офіс ефективного регулювання, безпартійний, судимість відсутня, включений до виборчого списку під № 30.",http://itd.rada.gov.ua/mps/info/page/21167,http://static.rada.gov.ua/dep_img9/sn30.jpg,sn30,1,20.08.1982,Вища,,,керівник сектору телекомунікацій та Ай-Ті,Офіс ефективного регулювання,ні,так,НДУ Особиста письмова заява про складення повноважень
21036,231,mp-sn32_skl9,9,Діденко Юлія Олександрівна,Юлія,Олександрівна,Діденко,Ю.О.,,29.08.2019,,"Багатомандатний загальнодержавний виборчий округ, ПОЛІТИЧНА ПАРТІЯ ""СЛУГА НАРОДУ"" /№ у списку - 32/",,,0,,"ПОЛІТИЧНА ПАРТІЯ ""СЛУГА НАРОДУ""",50,Безпартійний,32,"освіта вища, комерційний директор, ТОВ ""Рекламне агентство ""ВМЄСТЄ"", безпартійнa, судимість відсутня, включена до виборчого списку під № 32.",http://itd.rada.gov.ua/mps/info/page/21036,http://static.rada.gov.ua/dep_img9/sn32.jpg,sn32,2,08.05.1978,Вища,,,комерційний директор,"ТОВ ""Рекламне агентство ""ВМЄСТЄ""",ні,так,
21180,232,mp-sn33_skl9,9,Соломчук Дмитро Вікторович,Дмитро,Вікторович,Соломчук,Д.В.,,29.08.2019,,"Багатомандатний загальнодержавний виборчий округ, ПОЛІТИЧНА ПАРТІЯ ""СЛУГА НАРОДУ"" /№ у списку - 33/",,,0,,"ПОЛІТИЧНА ПАРТІЯ ""СЛУГА НАРОДУ""",50,Безпартійний,33,"освіта вища, директор, ПП ""ФІРМА ""АГРО-ЦЕНТР"", безпартійний, судимість відсутня, включений до виборчого списку під № 33.",http://itd.rada.gov.ua/mps/info/page/21180,http://static.rada.gov.ua/dep_img9/sn33.jpg,sn33,1,01.10.1980,Вища,,,директор,"ПП ""ФІРМА ""АГРО-ЦЕНТР""",ні,так,
20967,233,mp-sn34_skl9,9,Ананченко Михайло Олегович,Михайло,Олегович,Ананченко,М.О.,,29.08.2019,,"Багатомандатний загальнодержавний виборчий округ, ПОЛІТИЧНА ПАРТІЯ ""СЛУГА НАРОДУ"" /№ у списку - 34/",,,0,,"ПОЛІТИЧНА ПАРТІЯ ""СЛУГА НАРОДУ""",226,"ПОЛІТИЧНА ПАРТІЯ ""СЛУГА НАРОДУ""",34,"освіта вища, помічник міського голови, виконавчий комітет Сумської міської ради, член ПОЛІТИЧНОЇ ПАРТІЇ ""СЛУГА НАРОДУ"", судимість відсутня, включений до виборчого списку під № 34.",http://itd.rada.gov.ua/mps/info/page/20967,http://static.rada.gov.ua/dep_img9/sn34.jpg,sn34,1,17.11.1994,Вища,,,помічник міського голови,виконавчий комітет Сумської міської ради,ні,так,
21259,235,mp-sn36_skl9,9,Неклюдов Владлен Михайлович,Владлен,Михайлович,Неклюдов,В.М.,,29.08.2019,,"Багатомандатний загальнодержавний виборчий округ, ПОЛІТИЧНА ПАРТІЯ ""СЛУГА НАРОДУ"" /№ у списку - 36/",,,0,,"ПОЛІТИЧНА ПАРТІЯ ""СЛУГА НАРОДУ""",50,Безпартійний,36,"освіта вища, прокурор відділу нагляду за додержанням законів органами, які ведуть боротьбу з організованою злочинністю, Прокуратура Дніпропетровської області, безпартійний, судимість відсутня, включений до виборчого списку під № 36.",http://itd.rada.gov.ua/mps/info/page/21259,http://static.rada.gov.ua/dep_img9/sn36.jpg,sn36,1,13.10.1973,Вища,,,прокурор відділу нагляду за додержанням законів органами,"які ведуть боротьбу з організованою злочинністю, Прокуратура Дніпропетровської області",ні,так,
21164,236,mp-sn37_skl9,9,Кривошеєв Ігор Сергійович,Ігор,Сергійович,Кривошеєв,І.С.,,29.08.2019,,"Багатомандатний загальнодержавний виборчий округ, ПОЛІТИЧНА ПАРТІЯ ""СЛУГА НАРОДУ"" /№ у списку - 37/",,,0,,"ПОЛІТИЧНА ПАРТІЯ ""СЛУГА НАРОДУ""",226,"ПОЛІТИЧНА ПАРТІЯ ""СЛУГА НАРОДУ""",37,"освіта загальна середня, фізична особа – підприємець, член ПОЛІТИЧНОЇ ПАРТІЇ ""СЛУГА НАРОДУ"", судимість відсутня, включений до виборчого списку під № 37.",http://itd.rada.gov.ua/mps/info/page/21164,http://static.rada.gov.ua/dep_img9/sn37.jpg,sn37,1,02.06.1985,Загальна середня,,,фізична особа – підприємець,фізична особа – підприємець,ні,так,
21113,237,mp-sn38_skl9,9,Іонушас Сергій Костянтинович,Сергій,Костянтинович,Іонушас,С.К.,,29.08.2019,,"Багатомандатний загальнодержавний виборчий округ, ПОЛІТИЧНА ПАРТІЯ ""СЛУГА НАРОДУ"" /№ у списку - 38/",,,0,,"ПОЛІТИЧНА ПАРТІЯ ""СЛУГА НАРОДУ""",50,Безпартійний,38,"освіта вища, фізична особа – підприємець, безпартійний, судимість відсутня, включений до виборчого списку під № 38.",http://itd.rada.gov.ua/mps/info/page/21113,http://static.rada.gov.ua/dep_img9/sn38.jpg,sn38,1,18.10.1979,Вища,,,фізична особа – підприємець,фізична особа – підприємець,ні,так,
21048,238,mp-sn39_skl9,9,Завітневич Олександр Михайлович,Олександр,Михайлович,Завітневич,О.М.,,29.08.2019,,"Багатомандатний загальнодержавний виборчий округ, ПОЛІТИЧНА ПАРТІЯ ""СЛУГА НАРОДУ"" /№ у списку - 39/",,,0,,"ПОЛІТИЧНА ПАРТІЯ ""СЛУГА НАРОДУ""",50,Безпартійний,39,"освіта вища, директор, ТОВ ""Смілянський Ливарний Завод"", безпартійний, судимість відсутня, включений до виборчого списку під № 39.",http://itd.rada.gov.ua/mps/info/page/21048,http://static.rada.gov.ua/dep_img9/sn39.jpg,sn39,1,19.04.1973,Вища,,,директор,"ТОВ ""Смілянський Ливарний Завод""",ні,так,
21224,239,mp-sn40_skl9,9,Струневич Вадим Олегович,Вадим,Олегович,Струневич,В.О.,,29.08.2019,,"Багатомандатний загальнодержавний виборчий округ, ПОЛІТИЧНА ПАРТІЯ ""СЛУГА НАРОДУ"" /№ у списку - 40/",,,0,,"ПОЛІТИЧНА ПАРТІЯ ""СЛУГА НАРОДУ""",50,Безпартійний,40,"освіта вища, директор, ДП ""Виробничо-технічна агенція"", безпартійний, судимість відсутня, включений до виборчого списку під № 40.",http://itd.rada.gov.ua/mps/info/page/21224,http://static.rada.gov.ua/dep_img9/sn40.jpg,sn40,1,24.11.1982,Вища,,,директор,"ДП ""Виробничо-технічна агенція""",ні,так,
21014,240,mp-sn41_skl9,9,Воронов Володимир Анатолійович,Володимир,Анатолійович,Воронов,В.А.,,29.08.2019,,"Багатомандатний загальнодержавний виборчий округ, ПОЛІТИЧНА ПАРТІЯ ""СЛУГА НАРОДУ"" /№ у списку - 41/",,,0,,"ПОЛІТИЧНА ПАРТІЯ ""СЛУГА НАРОДУ""",226,"ПОЛІТИЧНА ПАРТІЯ ""СЛУГА НАРОДУ""",41,"освіта вища, генеральний директор, брендінгове міжнародне агентство Воронова Володимира, член ПОЛІТИЧНОЇ ПАРТІЇ ""СЛУГА НАРОДУ"", судимість відсутня, включений до виборчого списку під № 41.",http://itd.rada.gov.ua/mps/info/page/21014,http://static.rada.gov.ua/dep_img9/sn41.jpg,sn41,1,23.08.1978,Вища,,,генеральний директор,брендінгове міжнародне агентство Воронова Володимира,ні,так,
20970,241,mp-sn42_skl9,9,Арістов Юрій Юрійович,Юрій,Юрійович,Арістов,Ю.Ю.,,29.08.2019,27.07.2023,"Багатомандатний загальнодержавний виборчий округ, ПОЛІТИЧНА ПАРТІЯ ""СЛУГА НАРОДУ"" /№ у списку - 42/",,,0,,"ПОЛІТИЧНА ПАРТІЯ ""СЛУГА НАРОДУ""",50,Безпартійний,42,"освіта вища, генеральний директор, ТОВ ""АТЛАНТІК-ЮММА"", безпартійний, судимість відсутня, включений до виборчого списку під № 42.",http://itd.rada.gov.ua/mps/info/page/20970,http://static.rada.gov.ua/dep_img9/sn42.jpg,sn42,1,01.07.1975,Вища,,,генеральний директор,"ТОВ ""АТЛАНТІК-ЮММА""",ні,так,НДУ Особиста письмова заява про складення повноважень
21133,242,mp-sn43_skl9,9,Кісєль Юрій Григорович,Юрій,Григорович,Кісєль,Ю.Г.,,29.08.2019,,"Багатомандатний загальнодержавний виборчий округ, ПОЛІТИЧНА ПАРТІЯ ""СЛУГА НАРОДУ"" /№ у списку - 43/",,,0,,"ПОЛІТИЧНА ПАРТІЯ ""СЛУГА НАРОДУ""",50,Безпартійний,43,"освіта вища, директор, ТОВ ""Растро"", безпартійний, судимість відсутня, включений до виборчого списку під № 43.",http://itd.rada.gov.ua/mps/info/page/21133,http://static.rada.gov.ua/dep_img9/sn43.jpg,sn43,1,28.02.1963,Вища,,,директор,"ТОВ ""Растро""",ні,так,
21017,243,mp-sn44_skl9,9,Галайчук Вадим Сергійович,Вадим,Сергійович,Галайчук,В.С.,,29.08.2019,,"Багатомандатний загальнодержавний виборчий округ, ПОЛІТИЧНА ПАРТІЯ ""СЛУГА НАРОДУ"" /№ у списку - 44/",,,0,,"ПОЛІТИЧНА ПАРТІЯ ""СЛУГА НАРОДУ""",50,Безпартійний,44,"освіта вища, директор, ТОВ ""Хіллмонт Партнерс"", безпартійний, судимість відсутня, включений до виборчого списку під № 44.",http://itd.rada.gov.ua/mps/info/page/21017,http://static.rada.gov.ua/dep_img9/sn44.jpg,sn44,1,14.02.1971,Вища,,,директор,"ТОВ ""Хіллмонт Партнерс""",ні,так,
21138,244,mp-sn45_skl9,9,Ковальов Артем Володимирович,Артем,Володимирович,Ковальов,А.В.,,29.08.2019,,"Багатомандатний загальнодержавний виборчий округ, ПОЛІТИЧНА ПАРТІЯ ""СЛУГА НАРОДУ"" /№ у списку - 45/",,,0,,"ПОЛІТИЧНА ПАРТІЯ ""СЛУГА НАРОДУ""",50,Безпартійний,45,"освіта вища, генеральний директор, ТОВ ""УНІАН"", безпартійний, судимість відсутня, включений до виборчого списку під № 45.",http://itd.rada.gov.ua/mps/info/page/21138,http://static.rada.gov.ua/dep_img9/sn45.jpg,sn45,1,02.03.1984,Вища,,,генеральний директор,"ТОВ ""УНІАН""",ні,так,
21183,245,mp-sn46_skl9,9,Стернійчук Валерій Олександрович,Валерій,Олександрович,Стернійчук,В.О.,,29.08.2019,,"Багатомандатний загальнодержавний виборчий округ, ПОЛІТИЧНА ПАРТІЯ ""СЛУГА НАРОДУ"" /№ у списку - 46/",,,0,,"ПОЛІТИЧНА ПАРТІЯ ""СЛУГА НАРОДУ""",226,"ПОЛІТИЧНА ПАРТІЯ ""СЛУГА НАРОДУ""",46,"освіта вища, завідувач клубу, Підгайцівська сільська рада Луцького району Волинської області, член ПОЛІТИЧНОЇ ПАРТІЇ ""СЛУГА НАРОДУ"", судимість відсутня, включений до виборчого списку під № 46.",http://itd.rada.gov.ua/mps/info/page/21183,http://static.rada.gov.ua/dep_img9/sn46.jpg,sn46,1,18.06.1981,Вища,,,завідувач клубу,Підгайцівська сільська рада Луцького району Волинської області,ні,так,
21236,246,mp-sn47_skl9,9,Михайлюк Галина Олегівна,Галина,Олегівна,Михайлюк,Г.О.,,29.08.2019,,"Багатомандатний загальнодержавний виборчий округ, ПОЛІТИЧНА ПАРТІЯ ""СЛУГА НАРОДУ"" /№ у списку - 47/",,,0,,"ПОЛІТИЧНА ПАРТІЯ ""СЛУГА НАРОДУ""",50,Безпартійний,47,"освіта вища, радник з питань підготовки законів, Консультативна місія Європейського Союзу в Україні, безпартійнa, судимість відсутня, включена до виборчого списку під № 47.",http://itd.rada.gov.ua/mps/info/page/21236,http://static.rada.gov.ua/dep_img9/sn47.jpg,sn47,2,14.06.1987,Вища,,,радник з питань підготовки законів,Консультативна місія Європейського Союзу в Україні,ні,так,
20975,247,mp-sn48_skl9,9,Бабій Роман Вячеславович,Роман,Вячеславович,Бабій,Р.В.,,29.08.2019,,"Багатомандатний загальнодержавний виборчий округ, ПОЛІТИЧНА ПАРТІЯ ""СЛУГА НАРОДУ"" /№ у списку - 48/",,,0,,"ПОЛІТИЧНА ПАРТІЯ ""СЛУГА НАРОДУ""",50,Безпартійний,48,"освіта вища, директор, ТОВ ""Гельд-Енергія"", безпартійний, судимість відсутня, включений до виборчого списку під № 48.",http://itd.rada.gov.ua/mps/info/page/20975,http://static.rada.gov.ua/dep_img9/sn48.jpg,sn48,1,06.07.1977,Вища,,,директор,"ТОВ ""Гельд-Енергія""",ні,так,
21127,248,mp-sn49_skl9,9,Качура Олександр Анатолійович,Олександр,Анатолійович,Качура,О.А.,,29.08.2019,,"Багатомандатний загальнодержавний виборчий округ, ПОЛІТИЧНА ПАРТІЯ ""СЛУГА НАРОДУ"" /№ у списку - 49/",,,0,,"ПОЛІТИЧНА ПАРТІЯ ""СЛУГА НАРОДУ""",226,"ПОЛІТИЧНА ПАРТІЯ ""СЛУГА НАРОДУ""",49,"освіта вища, директор, адвокатське бюро ""КАЧУРА ЛОЄРС"", член ПОЛІТИЧНОЇ ПАРТІЇ ""СЛУГА НАРОДУ"", судимість відсутня, включений до виборчого списку під № 49.",http://itd.rada.gov.ua/mps/info/page/21127,http://static.rada.gov.ua/dep_img9/sn49.jpg,sn49,1,18.08.1990,Вища,,,директор,"адвокатське бюро ""КАЧУРА ЛОЄРС""",ні,так,
21264,249,mp-sn50_skl9,9,Новосад Ганна Ігорівна,Ганна,Ігорівна,Новосад,Г.І.,,29.08.2019,29.08.2019,"Багатомандатний загальнодержавний виборчий округ, ПОЛІТИЧНА ПАРТІЯ ""СЛУГА НАРОДУ"" /№ у списку - 50/",,,0,,"ПОЛІТИЧНА ПАРТІЯ ""СЛУГА НАРОДУ""",50,Безпартійний,50,"освіта вища, генеральний директор директорату стратегічного планування та євроінтеграції, Міністерство освіти і науки України, безпартійнa, судимість відсутня, включена до виборчого списку під № 50.",http://itd.rada.gov.ua/mps/info/page/21264,http://static.rada.gov.ua/dep_img9/sn50.jpg,sn50,2,28.07.1990,Вища,,,генеральний директор директорату стратегічного планування та євроінтеграції,Міністерство освіти і науки України,ні,так,НДУ Особиста письмова заява про складення повноважень
21172,250,mp-sn51_skl9,9,Культенко Артем Валерійович,Артем,Валерійович,Культенко,А.В.,,29.08.2019,,"Багатомандатний загальнодержавний виборчий округ, ПОЛІТИЧНА ПАРТІЯ ""СЛУГА НАРОДУ"" /№ у списку - 51/",,,0,,"ПОЛІТИЧНА ПАРТІЯ ""СЛУГА НАРОДУ""",50,Безпартійний,51,"освіта вища, тимчасово не працює, безпартійний, судимість відсутня, включений до виборчого списку під № 51.",http://itd.rada.gov.ua/mps/info/page/21172,http://static.rada.gov.ua/dep_img9/sn51.jpg,sn51,1,08.01.1984,Вища,,,тимчасово не працює,тимчасово не працює,ні,так,
21219,251,mp-sn52_skl9,9,Марусяк Олег Романович,Олег,Романович,Марусяк,О.Р.,,29.08.2019,,"Багатомандатний загальнодержавний виборчий округ, ПОЛІТИЧНА ПАРТІЯ ""СЛУГА НАРОДУ"" /№ у списку - 52/",,,0,,"ПОЛІТИЧНА ПАРТІЯ ""СЛУГА НАРОДУ""",50,Безпартійний,52,"освіта вища, директор, ПП ""Гаразд"", безпартійний, судимість відсутня, включений до виборчого списку під № 52.",http://itd.rada.gov.ua/mps/info/page/21219,http://static.rada.gov.ua/dep_img9/sn52.jpg,sn52,1,24.09.1968,Вища,,,директор,"ПП ""Гаразд""",ні,так,
21129,252,mp-sn53_skl9,9,Кириченко Микола Олександрович,Микола,Олександрович,Кириченко,М.О.,,29.08.2019,,"Багатомандатний загальнодержавний виборчий округ, ПОЛІТИЧНА ПАРТІЯ ""СЛУГА НАРОДУ"" /№ у списку - 53/",,,0,,"ПОЛІТИЧНА ПАРТІЯ ""СЛУГА НАРОДУ""",50,Безпартійний,53,"освіта вища, фізична особа – підприємець, безпартійний, судимість відсутня, включений до виборчого списку під № 53.",http://itd.rada.gov.ua/mps/info/page/21129,http://static.rada.gov.ua/dep_img9/sn53.jpg,sn53,1,12.12.1983,Вища,,,фізична особа – підприємець,фізична особа – підприємець,ні,так,
21121,253,mp-sn54_skl9,9,Третьякова Галина Миколаївна,Галина,Миколаївна,Третьякова,Г.М.,,29.08.2019,,"Багатомандатний загальнодержавний виборчий округ, ПОЛІТИЧНА ПАРТІЯ ""СЛУГА НАРОДУ"" /№ у списку - 54/",,,0,,"ПОЛІТИЧНА ПАРТІЯ ""СЛУГА НАРОДУ""",50,Безпартійний,54,"освіта вища, керівник, громадська організація ""Інститут Громадянських Свобод"", безпартійнa, судимість відсутня, включена до виборчого списку під № 54.",http://itd.rada.gov.ua/mps/info/page/21121,http://static.rada.gov.ua/dep_img9/sn54.jpg,sn54,2,21.01.1963,Вища,,,керівник,"громадська організація ""Інститут Громадянських Свобод""",ні,так,
21078,254,mp-sn55_skl9,9,Халімон Павло Віталійович,Павло,Віталійович,Халімон,П.В.,,29.08.2019,,"Багатомандатний загальнодержавний виборчий округ, ПОЛІТИЧНА ПАРТІЯ ""СЛУГА НАРОДУ"" /№ у списку - 55/",,,0,,"ПОЛІТИЧНА ПАРТІЯ ""СЛУГА НАРОДУ""",226,"ПОЛІТИЧНА ПАРТІЯ ""СЛУГА НАРОДУ""",55,"освіта вища, фінансовий директор, ТОВ ""ПРОМЕТЕЙ-ГАЗ 1"", член ПОЛІТИЧНОЇ ПАРТІЇ ""СЛУГА НАРОДУ"", судимість відсутня, включений до виборчого списку під № 55.",http://itd.rada.gov.ua/mps/info/page/21078,http://static.rada.gov.ua/dep_img9/sn55.jpg,sn55,1,10.06.1983,Вища,,,фінансовий директор,"ТОВ ""ПРОМЕТЕЙ-ГАЗ 1""",ні,так,
21246,255,mp-sn56_skl9,9,Мошенець Олена Володимирівна,Олена,Володимирівна,Мошенець,О.В.,,29.08.2019,,"Багатомандатний загальнодержавний виборчий округ, ПОЛІТИЧНА ПАРТІЯ ""СЛУГА НАРОДУ"" /№ у списку - 56/",,,0,,"ПОЛІТИЧНА ПАРТІЯ ""СЛУГА НАРОДУ""",50,Безпартійний,56,"освіта вища, шеф-редактор, ТОВ ""Комунікаційниий хаб ""Економіка"", безпартійнa, судимість відсутня, включена до виборчого списку під № 56.",http://itd.rada.gov.ua/mps/info/page/21246,http://static.rada.gov.ua/dep_img9/sn56.jpg,sn56,2,06.03.1983,Вища,,,шеф-редактор,"ТОВ ""Комунікаційниий хаб ""Економіка""",ні,так,
21096,256,mp-sn57_skl9,9,Саладуха Ольга Валеріївна,Ольга,Валеріївна,Саладуха,О.В.,,29.08.2019,,"Багатомандатний загальнодержавний виборчий округ, ПОЛІТИЧНА ПАРТІЯ ""СЛУГА НАРОДУ"" /№ у списку - 57/",,,0,,"ПОЛІТИЧНА ПАРТІЯ ""СЛУГА НАРОДУ""",50,Безпартійний,57,"освіта вища, спортсмен-інструктор, Державна прикордонна служба України, безпартійнa, судимість відсутня, включена до виборчого списку під № 57.",http://itd.rada.gov.ua/mps/info/page/21096,http://static.rada.gov.ua/dep_img9/sn57.jpg,sn57,2,04.06.1983,Вища,,,спортсмен-інструктор,Державна прикордонна служба України,ні,так,
21137,257,mp-sn58_skl9,9,Коваль Ольга Володимирівна,Ольга,Володимирівна,Коваль,О.В.,,29.08.2019,,"Багатомандатний загальнодержавний виборчий округ, ПОЛІТИЧНА ПАРТІЯ ""СЛУГА НАРОДУ"" /№ у списку - 58/",,,0,,"ПОЛІТИЧНА ПАРТІЯ ""СЛУГА НАРОДУ""",226,"ПОЛІТИЧНА ПАРТІЯ ""СЛУГА НАРОДУ""",58,"освіта вища, доцент, Національний університет харчових технологій, член ПОЛІТИЧНОЇ ПАРТІЇ ""СЛУГА НАРОДУ"", судимість відсутня, включена до виборчого списку під № 58.",http://itd.rada.gov.ua/mps/info/page/21137,http://static.rada.gov.ua/dep_img9/sn58.jpg,sn58,2,17.06.1991,Вища,Національний університет харчових технологій,доцент,,"доцент, Національний університет харчових технологій",ні,так,
10826,258,mp-sn59_skl9,9,Загоруйко Аліна Леонідівна,Аліна,Леонідівна,Загоруйко,А.Л.,,29.08.2019,,"Багатомандатний загальнодержавний виборчий округ, ПОЛІТИЧНА ПАРТІЯ ""СЛУГА НАРОДУ"" /№ у списку - 59/",,,0,,"ПОЛІТИЧНА ПАРТІЯ ""СЛУГА НАРОДУ""",50,Безпартійний,59,"освіта вища, юрисконсульт, ПП ""Українська консультаційна група"", безпартійнa, судимість відсутня, включена до виборчого списку під № 59.",http://itd.rada.gov.ua/mps/info/page/10826,http://static.rada.gov.ua/dep_img9/sn59.jpg,sn59,2,11.04.1984,Вища,,,юрисконсульт,"ПП ""Українська консультаційна група""",ні,так,
20989,259,mp-sn60_skl9,9,Бондаренко Олег Володимирович,Олег,Володимирович,Бондаренко,О.В.,,29.08.2019,,"Багатомандатний загальнодержавний виборчий округ, ПОЛІТИЧНА ПАРТІЯ ""СЛУГА НАРОДУ"" /№ у списку - 60/",,,0,,"ПОЛІТИЧНА ПАРТІЯ ""СЛУГА НАРОДУ""",50,Безпартійний,60,"освіта вища, директор, ТОВ ""Інвестплюс"", безпартійний, судимість відсутня, включений до виборчого списку під № 60.",http://itd.rada.gov.ua/mps/info/page/20989,http://static.rada.gov.ua/dep_img9/sn60.jpg,sn60,1,03.11.1975,Вища,,,директор,"ТОВ ""Інвестплюс""",ні,так,
21166,260,mp-sn61_skl9,9,Крячко Михайло Валерійович,Михайло,Валерійович,Крячко,М.В.,,29.08.2019,,"Багатомандатний загальнодержавний виборчий округ, ПОЛІТИЧНА ПАРТІЯ ""СЛУГА НАРОДУ"" /№ у списку - 61/",,,0,,"ПОЛІТИЧНА ПАРТІЯ ""СЛУГА НАРОДУ""",226,"ПОЛІТИЧНА ПАРТІЯ ""СЛУГА НАРОДУ""",61,"освіта вища, операційний директор, ТОВ ""ЕСЕМЕМСТУДІО"", член ПОЛІТИЧНОЇ ПАРТІЇ ""СЛУГА НАРОДУ"", судимість відсутня, включений до виборчого списку під № 61.",http://itd.rada.gov.ua/mps/info/page/21166,http://static.rada.gov.ua/dep_img9/sn61.jpg,sn61,1,24.05.1980,Вища,,,операційний директор,"ТОВ ""ЕСЕМЕМСТУДІО""",ні,так,
19958,261,mp-sn62_skl9,9,Бардіна Марина Олегівна,Марина,Олегівна,Бардіна,М.О.,,29.08.2019,,"Багатомандатний загальнодержавний виборчий округ, ПОЛІТИЧНА ПАРТІЯ ""СЛУГА НАРОДУ"" /№ у списку - 62/",,,0,,"ПОЛІТИЧНА ПАРТІЯ ""СЛУГА НАРОДУ""",50,Безпартійний,62,"освіта вища, помічник народного депутата України, безпартійнa, судимість відсутня, включена до виборчого списку під № 62.",http://itd.rada.gov.ua/mps/info/page/19958,http://static.rada.gov.ua/dep_img9/sn62.jpg,sn62,2,17.12.1992,Вища,,,помічник народного депутата України,помічник народного депутата України,ні,так,
21220,262,mp-sn63_skl9,9,Марченко Людмила Іванівна,Людмила,Іванівна,Марченко,Л.І.,,29.08.2019,,"Багатомандатний загальнодержавний виборчий округ, ПОЛІТИЧНА ПАРТІЯ ""СЛУГА НАРОДУ"" /№ у списку - 63/",,,0,,"ПОЛІТИЧНА ПАРТІЯ ""СЛУГА НАРОДУ""",226,"ПОЛІТИЧНА ПАРТІЯ ""СЛУГА НАРОДУ""",63,"освіта вища, провідний фахівець департаменту навчання і розвитку персоналу, ТОВ ""Епіцентр К"", член ПОЛІТИЧНОЇ ПАРТІЇ ""СЛУГА НАРОДУ"", судимість відсутня, включена до виборчого списку під № 63.",http://itd.rada.gov.ua/mps/info/page/21220,http://static.rada.gov.ua/dep_img9/sn63.jpg,sn63,2,28.03.1983,Вища,,,провідний фахівець департаменту навчання і розвитку персоналу,"ТОВ ""Епіцентр К""",ні,так,
21060,263,mp-sn64_skl9,9,Юнаков Іван Сергійович,Іван,Сергійович,Юнаков,І.С.,,29.08.2019,,"Багатомандатний загальнодержавний виборчий округ, ПОЛІТИЧНА ПАРТІЯ ""СЛУГА НАРОДУ"" /№ у списку - 64/",,,0,,"ПОЛІТИЧНА ПАРТІЯ ""СЛУГА НАРОДУ""",50,Безпартійний,64,"освіта вища, фізична особа – підприємець, безпартійний, судимість відсутня, включений до виборчого списку під № 64.",http://itd.rada.gov.ua/mps/info/page/21060,http://static.rada.gov.ua/dep_img9/sn64.jpg,sn64,1,28.01.1984,Вища,,,фізична особа – підприємець,фізична особа – підприємець,ні,так,
21012,264,mp-sn65_skl9,9,Володіна Дар'я Артемівна,Дар'я,Артемівна,Володіна,Д.А.,,29.08.2019,08.04.2026,"Багатомандатний загальнодержавний виборчий округ, ПОЛІТИЧНА ПАРТІЯ ""СЛУГА НАРОДУ"" /№ у списку - 65/",,,0,,"ПОЛІТИЧНА ПАРТІЯ ""СЛУГА НАРОДУ""",50,Безпартійний,65,"освіта вища, фізична особа – підприємець, безпартійнa, судимість відсутня, включена до виборчого списку під № 65.",http://itd.rada.gov.ua/mps/info/page/21012,http://static.rada.gov.ua/dep_img9/sn65.jpg,sn65,2,16.04.1991,Вища,,,фізична особа – підприємець,фізична особа – підприємець,ні,так,НДУ Особиста письмова заява про складення повноважень
21094,265,mp-sn66_skl9,9,Савченко Ольга Станіславівна,Ольга,Станіславівна,Савченко,О.С.,,29.08.2019,,"Багатомандатний загальнодержавний виборчий округ, ПОЛІТИЧНА ПАРТІЯ ""СЛУГА НАРОДУ"" /№ у списку - 66/",,,0,,"ПОЛІТИЧНА ПАРТІЯ ""СЛУГА НАРОДУ""",50,Безпартійний,66,"освіта вища, фізична особа – підприємець, безпартійнa, судимість відсутня, включена до виборчого списку під № 66.",http://itd.rada.gov.ua/mps/info/page/21094,http://static.rada.gov.ua/dep_img9/sn66.jpg,sn66,2,07.06.1989,Вища,,,фізична особа – підприємець,фізична особа – підприємець,ні,так,
21029,266,mp-sn67_skl9,9,Гринчук Оксана Анатоліївна,Оксана,Анатоліївна,Гринчук,О.А.,,29.08.2019,,"Багатомандатний загальнодержавний виборчий округ, ПОЛІТИЧНА ПАРТІЯ ""СЛУГА НАРОДУ"" /№ у списку - 67/",,,0,,"ПОЛІТИЧНА ПАРТІЯ ""СЛУГА НАРОДУ""",50,Безпартійний,67,"освіта вища, менеджер готельного бізнесу, ТОВ ""Бізнес-центр ""Буковина"", безпартійнa, судимість відсутня, включена до виборчого списку під № 67.",http://itd.rada.gov.ua/mps/info/page/21029,http://static.rada.gov.ua/dep_img9/sn67.jpg,sn67,2,20.06.1979,Вища,,,менеджер готельного бізнесу,"ТОВ ""Бізнес-центр ""Буковина""",ні,так,
16818,267,mp-sn68_skl9,9,Козак Володимир Васильович,Володимир,Васильович,Козак,В.В.,,29.08.2019,,"Багатомандатний загальнодержавний виборчий округ, ПОЛІТИЧНА ПАРТІЯ ""СЛУГА НАРОДУ"" /№ у списку - 68/",,,0,,"ПОЛІТИЧНА ПАРТІЯ ""СЛУГА НАРОДУ""",50,Безпартійний,68,"освіта вища, фізична особа – підприємець, безпартійний, судимість відсутня, включений до виборчого списку під № 68.",http://itd.rada.gov.ua/mps/info/page/16818,http://static.rada.gov.ua/dep_img9/sn68.jpg,sn68,1,09.06.1984,Вища,,,фізична особа – підприємець,фізична особа – підприємець,ні,так,
21281,268,mp-sn129_skl9,9,Хоменко Олена Вікторівна,Олена,Вікторівна,Хоменко,О.В.,,29.08.2019,,"Багатомандатний загальнодержавний виборчий округ, ПОЛІТИЧНА ПАРТІЯ ""СЛУГА НАРОДУ"" /№ у списку - 129/",,,0,,"ПОЛІТИЧНА ПАРТІЯ ""СЛУГА НАРОДУ""",226,"ПОЛІТИЧНА ПАРТІЯ ""СЛУГА НАРОДУ""",129,"освіта вища, директор з управління та розвитку цифрових продуктів, ТОВ ""Квартал 95"", член ПОЛІТИЧНОЇ ПАРТІЇ ""СЛУГА НАРОДУ"", судимість відсутня, включена до виборчого списку під № 129.",http://itd.rada.gov.ua/mps/info/page/21281,http://static.rada.gov.ua/dep_img9/sn129.jpg,sn129,2,07.12.1975,Вища,,,директор з управління та розвитку цифрових продуктів,"ТОВ ""Квартал 95""",ні,так,
21177,269,mp-sn70_skl9,9,Сова Олександр Георгійович,Олександр,Георгійович,Сова,О.Г.,,29.08.2019,,"Багатомандатний загальнодержавний виборчий округ, ПОЛІТИЧНА ПАРТІЯ ""СЛУГА НАРОДУ"" /№ у списку - 70/",,,0,,"ПОЛІТИЧНА ПАРТІЯ ""СЛУГА НАРОДУ""",50,Безпартійний,70,"освіта загальна середня, фізична особа – підприємець, безпартійний, судимість відсутня, включений до виборчого списку під № 70.",http://itd.rada.gov.ua/mps/info/page/21177,http://static.rada.gov.ua/dep_img9/sn70.jpg,sn70,1,29.05.1972,Загальна середня,,,фізична особа – підприємець,фізична особа – підприємець,ні,так,
21005,270,mp-sn72_skl9,9,Ватрас Володимир Антонович,Володимир,Антонович,Ватрас,В.А.,,29.08.2019,,"Багатомандатний загальнодержавний виборчий округ, ПОЛІТИЧНА ПАРТІЯ ""СЛУГА НАРОДУ"" /№ у списку - 72/",,,0,,"ПОЛІТИЧНА ПАРТІЯ ""СЛУГА НАРОДУ""",50,Безпартійний,72,"освіта вища, професор кафедри цивільного права та процесу, Хмельницький університет управління та права імені Леоніда Юзькова, безпартійний, судимість відсутня, включений до виборчого списку під № 72.",http://itd.rada.gov.ua/mps/info/page/21005,http://static.rada.gov.ua/dep_img9/sn72.jpg,sn72,1,12.02.1980,Вища,Хмельницький університет управління та права імені Леоніда Юзькова,професор кафедри цивільного права та процесу,,"професор кафедри цивільного права та процесу, Хмельницький університет управління та права імені Леоніда Юзькова",ні,так,
21248,271,mp-sn73_skl9,9,Мулик Роман Миронович,Роман,Миронович,Мулик,Р.М.,,29.08.2019,,"Багатомандатний загальнодержавний виборчий округ, ПОЛІТИЧНА ПАРТІЯ ""СЛУГА НАРОДУ"" /№ у списку - 73/",,,0,,"ПОЛІТИЧНА ПАРТІЯ ""СЛУГА НАРОДУ""",50,Безпартійний,73,"освіта вища, фізична особа – підприємець, безпартійний, судимість відсутня, включений до виборчого списку під № 73.",http://itd.rada.gov.ua/mps/info/page/21248,http://static.rada.gov.ua/dep_img9/sn73.jpg,sn73,1,18.06.1973,Вища,,,фізична особа – підприємець,фізична особа – підприємець,ні,так,
21088,272,mp-sn74_skl9,9,Тарасов Олег Сергійович,Олег,Сергійович,Тарасов,О.С.,,29.08.2019,,"Багатомандатний загальнодержавний виборчий округ, ПОЛІТИЧНА ПАРТІЯ ""СЛУГА НАРОДУ"" /№ у списку - 74/",,,0,,"ПОЛІТИЧНА ПАРТІЯ ""СЛУГА НАРОДУ""",50,Безпартійний,74,"освіта вища, заступник директора із зовнішньоекономічної діяльності, ПП ""Агроекстра"", безпартійний, судимість відсутня, включений до виборчого списку під № 74.",http://itd.rada.gov.ua/mps/info/page/21088,http://static.rada.gov.ua/dep_img9/sn74.jpg,sn74,1,26.02.1984,Вища,,,заступник директора із зовнішньоекономічної діяльності,"ПП ""Агроекстра""",ні,так,
21158,273,mp-sn75_skl9,9,Костюх Анатолій Вячеславович,Анатолій,Вячеславович,Костюх,А.В.,,29.08.2019,,"Багатомандатний загальнодержавний виборчий округ, ПОЛІТИЧНА ПАРТІЯ ""СЛУГА НАРОДУ"" /№ у списку - 75/",,,0,,"ПОЛІТИЧНА ПАРТІЯ ""СЛУГА НАРОДУ""",226,"ПОЛІТИЧНА ПАРТІЯ ""СЛУГА НАРОДУ""",75,"освіта вища, тимчасово не працює, член ПОЛІТИЧНОЇ ПАРТІЇ ""СЛУГА НАРОДУ"", судимість відсутня, включений до виборчого списку під № 75.",http://itd.rada.gov.ua/mps/info/page/21158,http://static.rada.gov.ua/dep_img9/sn75.jpg,sn75,1,25.03.1988,Вища,,,тимчасово не працює,тимчасово не працює,ні,так,
20992,274,mp-sn76_skl9,9,Брагар Євгеній Вадимович,Євгеній,Вадимович,Брагар,Є.В.,,29.08.2019,,"Багатомандатний загальнодержавний виборчий округ, ПОЛІТИЧНА ПАРТІЯ ""СЛУГА НАРОДУ"" /№ у списку - 76/",,,0,,"ПОЛІТИЧНА ПАРТІЯ ""СЛУГА НАРОДУ""",50,Безпартійний,76,"освіта вища, аспірант, Київський національний університет імені Тараса Шевченка, безпартійний, судимість відсутня, включений до виборчого списку під № 76.",http://itd.rada.gov.ua/mps/info/page/20992,http://static.rada.gov.ua/dep_img9/sn76.jpg,sn76,1,30.05.1994,Вища,,,аспірант,Київський національний університет імені Тараса Шевченка,ні,так,
20978,275,mp-sn77_skl9,9,Безгін Віталій Юрійович,Віталій,Юрійович,Безгін,В.Ю.,,29.08.2019,16.07.2026,"Багатомандатний загальнодержавний виборчий округ, ПОЛІТИЧНА ПАРТІЯ ""СЛУГА НАРОДУ"" /№ у списку - 77/",,,0,,"ПОЛІТИЧНА ПАРТІЯ ""СЛУГА НАРОДУ""",50,Безпартійний,77,"освіта вища, експерт з комунікацій та дизайну, Офіс ефективного регулювання, безпартійний, судимість відсутня, включений до виборчого списку під № 77.",http://itd.rada.gov.ua/mps/info/page/20978,http://static.rada.gov.ua/dep_img9/sn77.jpg,sn77,1,18.04.1990,Вища,,,експерт з комунікацій та дизайну,Офіс ефективного регулювання,ні,так,НДУ Особиста письмова заява про складення повноважень
21098,276,mp-sn79_skl9,9,Салійчук Олександр В'ячеславович,Олександр,В'ячеславович,Салійчук,О.В.,,29.08.2019,,"Багатомандатний загальнодержавний виборчий округ, ПОЛІТИЧНА ПАРТІЯ ""СЛУГА НАРОДУ"" /№ у списку - 79/",,,0,,"ПОЛІТИЧНА ПАРТІЯ ""СЛУГА НАРОДУ""",50,Безпартійний,79,"освіта вища, директор, ТОВ ""Перша м'ясна хата"" ТМ ""Гощанські ковбаси"", безпартійний, судимість відсутня, включений до виборчого списку під № 79.",http://itd.rada.gov.ua/mps/info/page/21098,http://static.rada.gov.ua/dep_img9/sn79.jpg,sn79,1,25.02.1987,Вища,,,директор,"ТОВ ""Перша м'ясна хата"" ТМ ""Гощанські ковбаси""",ні,так,
21207,277,mp-sn80_skl9,9,Рєпіна Елла Анатоліївна,Елла,Анатоліївна,Рєпіна,Е.А.,,29.08.2019,,"Багатомандатний загальнодержавний виборчий округ, ПОЛІТИЧНА ПАРТІЯ ""СЛУГА НАРОДУ"" /№ у списку - 80/",,,0,,"ПОЛІТИЧНА ПАРТІЯ ""СЛУГА НАРОДУ""",50,Безпартійний,80,"освіта вища, тимчасово не працює, безпартійнa, судимість відсутня, включена до виборчого списку під № 80.",http://itd.rada.gov.ua/mps/info/page/21207,http://static.rada.gov.ua/dep_img9/sn80.jpg,sn80,2,17.11.1973,Вища,,,тимчасово не працює,тимчасово не працює,ні,так,
20772,278,mp-sn81_skl9,9,Пушкаренко Арсеній Михайлович,Арсеній,Михайлович,Пушкаренко,А.М.,,29.08.2019,,"Багатомандатний загальнодержавний виборчий округ, ПОЛІТИЧНА ПАРТІЯ ""СЛУГА НАРОДУ"" /№ у списку - 81/",,,0,,"ПОЛІТИЧНА ПАРТІЯ ""СЛУГА НАРОДУ""",50,Безпартійний,81,"освіта вища, помічник-консультант народного депутата України, безпартійний, судимість відсутня, включений до виборчого списку під № 81.",http://itd.rada.gov.ua/mps/info/page/20772,http://static.rada.gov.ua/dep_img9/sn81.jpg,sn81,1,10.10.1992,Вища,,,помічник-консультант народного депутата України,помічник-консультант народного депутата України,ні,так,
21045,279,mp-sn82_skl9,9,Заблоцький Мар'ян Богданович,Мар'ян,Богданович,Заблоцький,М.Б.,,29.08.2019,,"Багатомандатний загальнодержавний виборчий округ, ПОЛІТИЧНА ПАРТІЯ ""СЛУГА НАРОДУ"" /№ у списку - 82/",,,0,,"ПОЛІТИЧНА ПАРТІЯ ""СЛУГА НАРОДУ""",50,Безпартійний,82,"освіта вища, голова правління, Українська аграрна асоціація, безпартійний, судимість відсутня, включений до виборчого списку під № 82.",http://itd.rada.gov.ua/mps/info/page/21045,http://static.rada.gov.ua/dep_img9/sn82.jpg,sn82,1,21.09.1985,Вища,,,голова правління,Українська аграрна асоціація,ні,так,
21135,280,mp-sn83_skl9,9,Клочко Андрій Андрійович,Андрій,Андрійович,Клочко,А.А.,,29.08.2019,,"Багатомандатний загальнодержавний виборчий округ, ПОЛІТИЧНА ПАРТІЯ ""СЛУГА НАРОДУ"" /№ у списку - 83/",,,0,,"ПОЛІТИЧНА ПАРТІЯ ""СЛУГА НАРОДУ""",50,Безпартійний,83,"освіта вища, кризис-менеджер, Київський національний університет будівництва та архітектури, безпартійний, судимість відсутня, включений до виборчого списку під № 83.",http://itd.rada.gov.ua/mps/info/page/21135,http://static.rada.gov.ua/dep_img9/sn83.jpg,sn83,1,16.03.1981,Вища,,,кризис-менеджер,Київський національний університет будівництва та архітектури,ні,так,
21242,281,mp-sn84_skl9,9,Овчинникова Юлія Юріївна,Юлія,Юріївна,Овчинникова,Ю.Ю.,,29.08.2019,,"Багатомандатний загальнодержавний виборчий округ, ПОЛІТИЧНА ПАРТІЯ ""СЛУГА НАРОДУ"" /№ у списку - 84/",,,0,,"ПОЛІТИЧНА ПАРТІЯ ""СЛУГА НАРОДУ""",50,Безпартійний,84,"освіта вища, виконувач обов'язків декана біологічного факультету, Донецький національний університет імені Василя Стуса, безпартійнa, судимість відсутня, включена до виборчого списку під № 84.",http://itd.rada.gov.ua/mps/info/page/21242,http://static.rada.gov.ua/dep_img9/sn84.jpg,sn84,2,24.03.1985,Вища,,,виконувач обов'язків декана біологічного факультету,Донецький національний університет імені Василя Стуса,ні,так,
21232,282,mp-sn85_skl9,9,Мережко Олександр Олександрович,Олександр,Олександрович,Мережко,О.О.,,29.08.2019,,"Багатомандатний загальнодержавний виборчий округ, ПОЛІТИЧНА ПАРТІЯ ""СЛУГА НАРОДУ"" /№ у списку - 85/",,,0,,"ПОЛІТИЧНА ПАРТІЯ ""СЛУГА НАРОДУ""",50,Безпартійний,85,"освіта вища, професор кафедри права, Київський національний лінгвістичний університет, безпартійний, судимість відсутня, включений до виборчого списку під № 85.",http://itd.rada.gov.ua/mps/info/page/21232,http://static.rada.gov.ua/dep_img9/sn85.jpg,sn85,1,14.02.1971,Вища,Київський національний лінгвістичний університет,професор кафедри права,,"професор кафедри права, Київський національний лінгвістичний університет",ні,так,
21090,283,mp-sn86_skl9,9,Устенко Олексій Олегович,Олексій,Олегович,Устенко,О.О.,,29.08.2019,,"Багатомандатний загальнодержавний виборчий округ, ПОЛІТИЧНА ПАРТІЯ ""СЛУГА НАРОДУ"" /№ у списку - 86/",,,0,,"ПОЛІТИЧНА ПАРТІЯ ""СЛУГА НАРОДУ""",50,Безпартійний,86,"освіта вища, голова інвестиційного напрямку, ТОВ ""Агродженерейшн"", безпартійний, судимість відсутня, включений до виборчого списку під № 86.",http://itd.rada.gov.ua/mps/info/page/21090,http://static.rada.gov.ua/dep_img9/sn86.jpg,sn86,1,07.04.1994,Вища,,,голова інвестиційного напрямку,"ТОВ ""Агродженерейшн""",ні,так,
21115,284,mp-sn87_skl9,9,Кабанов Олександр Євгенійович,Олександр,Євгенійович,Кабанов,О.Є.,,29.08.2019,12.01.2026,"Багатомандатний загальнодержавний виборчий округ, ПОЛІТИЧНА ПАРТІЯ ""СЛУГА НАРОДУ"" /№ у списку - 87/",,,0,,"ПОЛІТИЧНА ПАРТІЯ ""СЛУГА НАРОДУ""",226,"ПОЛІТИЧНА ПАРТІЯ ""СЛУГА НАРОДУ""",87,"освіта вища, сценарист, ТОВ ""Квартал 95"", член ПОЛІТИЧНОЇ ПАРТІЇ ""СЛУГА НАРОДУ"", судимість відсутня, включений до виборчого списку під № 87.",http://itd.rada.gov.ua/mps/info/page/21115,http://static.rada.gov.ua/dep_img9/sn87.jpg,sn87,1,06.08.1973,Вища,,,сценарист,"ТОВ ""Квартал 95""",ні,так,НДУ Смерть
21009,285,mp-sn88_skl9,9,Веніславський Федір Володимирович,Федір,Володимирович,Веніславський,Ф.В.,,29.08.2019,,"Багатомандатний загальнодержавний виборчий округ, ПОЛІТИЧНА ПАРТІЯ ""СЛУГА НАРОДУ"" /№ у списку - 88/",,,0,,"ПОЛІТИЧНА ПАРТІЯ ""СЛУГА НАРОДУ""",50,Безпартійний,88,"освіта вища, доцент кафедри конституційного права України, Національний юридичний університет імені Ярослава Мудрого, безпартійний, судимість відсутня, включений до виборчого списку під № 88.",http://itd.rada.gov.ua/mps/info/page/21009,http://static.rada.gov.ua/dep_img9/sn88.jpg,sn88,1,16.05.1969,Вища,Національний юридичний університет імені Ярослава Мудрого,доцент кафедри конституційного права України,,"доцент кафедри конституційного права України, Національний юридичний університет імені Ярослава Мудрого",ні,так,
20995,286,mp-sn89_skl9,9,Булах Лада Валентинівна,Лада,Валентинівна,Булах,Л.В.,,29.08.2019,,"Багатомандатний загальнодержавний виборчий округ, ПОЛІТИЧНА ПАРТІЯ ""СЛУГА НАРОДУ"" /№ у списку - 89/",,,0,,"ПОЛІТИЧНА ПАРТІЯ ""СЛУГА НАРОДУ""",50,Безпартійний,89,"освіта вища, виконавчий директор, благодійна організація ""100 % життя. Київський регіон"", безпартійнa, судимість відсутня, включена до виборчого списку під № 89.",http://itd.rada.gov.ua/mps/info/page/20995,http://static.rada.gov.ua/dep_img9/sn89.jpg,sn89,2,11.02.1976,Вища,,,виконавчий директор,"благодійна організація ""100 % життя. Київський регіон""",ні,так,
21266,287,mp-sn90_skl9,9,Петруняк Євген Васильович,Євген,Васильович,Петруняк,Є.В.,,29.08.2019,,"Багатомандатний загальнодержавний виборчий округ, ПОЛІТИЧНА ПАРТІЯ ""СЛУГА НАРОДУ"" /№ у списку - 90/",,,0,,"ПОЛІТИЧНА ПАРТІЯ ""СЛУГА НАРОДУ""",50,Безпартійний,90,"освіта вища, адвокат, безпартійний, судимість відсутня, включений до виборчого списку під № 90.",http://itd.rada.gov.ua/mps/info/page/21266,http://static.rada.gov.ua/dep_img9/sn90.jpg,sn90,1,24.07.1977,Вища,,,адвокат,адвокат,ні,так,
21218,288,mp-sn91_skl9,9,Маріковський Олександр Валерійович,Олександр,Валерійович,Маріковський,О.В.,,29.08.2019,,"Багатомандатний загальнодержавний виборчий округ, ПОЛІТИЧНА ПАРТІЯ ""СЛУГА НАРОДУ"" /№ у списку - 91/",,,0,,"ПОЛІТИЧНА ПАРТІЯ ""СЛУГА НАРОДУ""",50,Безпартійний,91,"освіта вища, генеральний директор, ТОВ ""Медіатека"", безпартійний, судимість відсутня, включений до виборчого списку під № 91.",http://itd.rada.gov.ua/mps/info/page/21218,http://static.rada.gov.ua/dep_img9/sn91.jpg,sn91,1,18.09.1982,Вища,,,генеральний директор,"ТОВ ""Медіатека""",ні,так,
21080,289,mp-sn92_skl9,9,Федієнко Олександр Павлович,Олександр,Павлович,Федієнко,О.П.,,29.08.2019,,"Багатомандатний загальнодержавний виборчий округ, ПОЛІТИЧНА ПАРТІЯ ""СЛУГА НАРОДУ"" /№ у списку - 92/",,,0,,"ПОЛІТИЧНА ПАРТІЯ ""СЛУГА НАРОДУ""",50,Безпартійний,92,"освіта вища, директор, ТОВ ""ІМК"", безпартійний, судимість відсутня, включений до виборчого списку під № 92.",http://itd.rada.gov.ua/mps/info/page/21080,http://static.rada.gov.ua/dep_img9/sn92.jpg,sn92,1,20.04.1972,Вища,,,директор,"ТОВ ""ІМК""",ні,так,
21244,290,mp-sn93_skl9,9,Мотовиловець Андрій Вікторович,Андрій,Вікторович,Мотовиловець,А.В.,,29.08.2019,,"Багатомандатний загальнодержавний виборчий округ, ПОЛІТИЧНА ПАРТІЯ ""СЛУГА НАРОДУ"" /№ у списку - 93/",,,0,,"ПОЛІТИЧНА ПАРТІЯ ""СЛУГА НАРОДУ""",50,Безпартійний,93,"освіта вища, перший заступник директора, ДП ""Прозорро.Продажі"", безпартійний, судимість відсутня, включений до виборчого списку під № 93.",http://itd.rada.gov.ua/mps/info/page/21244,http://static.rada.gov.ua/dep_img9/sn93.jpg,sn93,1,29.04.1982,Вища,,,перший заступник директора,"ДП ""Прозорро.Продажі""",ні,так,
21144,291,mp-sn94_skl9,9,Колісник Анна Сергіївна,Анна,Сергіївна,Колісник,А.С.,,29.08.2019,21.10.2025,"Багатомандатний загальнодержавний виборчий округ, ПОЛІТИЧНА ПАРТІЯ ""СЛУГА НАРОДУ"" /№ у списку - 94/",,,0,,"ПОЛІТИЧНА ПАРТІЯ ""СЛУГА НАРОДУ""",50,Безпартійний,94,"освіта вища, тимчасово не працює, безпартійнa, судимість відсутня, включена до виборчого списку під № 94.",http://itd.rada.gov.ua/mps/info/page/21144,http://static.rada.gov.ua/dep_img9/sn94.jpg,sn94,2,24.10.1994,Вища,,,тимчасово не працює,тимчасово не працює,ні,так,НДУ Особиста письмова заява про складення повноважень
20986,292,mp-sn95_skl9,9,Богуцька Єлізавета Петрівна,Єлізавета,Петрівна,Богуцька,Є.П.,,29.08.2019,,"Багатомандатний загальнодержавний виборчий округ, ПОЛІТИЧНА ПАРТІЯ ""СЛУГА НАРОДУ"" /№ у списку - 95/",,,0,,"ПОЛІТИЧНА ПАРТІЯ ""СЛУГА НАРОДУ""",50,Безпартійний,95,"освіта вища, тимчасово не працює, безпартійнa, судимість відсутня, включена до виборчого списку під № 95.",http://itd.rada.gov.ua/mps/info/page/20986,http://static.rada.gov.ua/dep_img9/sn95.jpg,sn95,2,14.04.1964,Вища,,,тимчасово не працює,тимчасово не працює,ні,так,
21254,293,mp-sn96_skl9,9,Нагаєвський Артем Сергійович,Артем,Сергійович,Нагаєвський,А.С.,,29.08.2019,,"Багатомандатний загальнодержавний виборчий округ, ПОЛІТИЧНА ПАРТІЯ ""СЛУГА НАРОДУ"" /№ у списку - 96/",,,0,,"ПОЛІТИЧНА ПАРТІЯ ""СЛУГА НАРОДУ""",226,"ПОЛІТИЧНА ПАРТІЯ ""СЛУГА НАРОДУ""",96,"освіта вища, заступник голови правління, ПАТ АТП 13058, член ПОЛІТИЧНОЇ ПАРТІЇ ""СЛУГА НАРОДУ"", судимість відсутня, включений до виборчого списку під № 96.",http://itd.rada.gov.ua/mps/info/page/21254,http://static.rada.gov.ua/dep_img9/sn96.jpg,sn96,1,24.01.1983,Вища,,,заступник голови правління,ПАТ АТП 13058,ні,так,
21274,294,mp-sn97_skl9,9,Потураєв Микита Русланович,Микита,Русланович,Потураєв,М.Р.,,29.08.2019,,"Багатомандатний загальнодержавний виборчий округ, ПОЛІТИЧНА ПАРТІЯ ""СЛУГА НАРОДУ"" /№ у списку - 97/",,,0,,"ПОЛІТИЧНА ПАРТІЯ ""СЛУГА НАРОДУ""",50,Безпартійний,97,"освіта вища, директор, ТОВ ""Фокус Медіа"", безпартійний, судимість відсутня, включений до виборчого списку під № 97.",http://itd.rada.gov.ua/mps/info/page/21274,http://static.rada.gov.ua/dep_img9/sn97.jpg,sn97,1,04.09.1970,Вища,,,директор,"ТОВ ""Фокус Медіа""",ні,так,
21058,295,mp-sn98_skl9,9,Якименко Павло Віталійович,Павло,Віталійович,Якименко,П.В.,,29.08.2019,,"Багатомандатний загальнодержавний виборчий округ, ПОЛІТИЧНА ПАРТІЯ ""СЛУГА НАРОДУ"" /№ у списку - 98/",,,0,,"ПОЛІТИЧНА ПАРТІЯ ""СЛУГА НАРОДУ""",50,Безпартійний,98,"освіта вища, директор, ТОВ ""Інтерплєкс"", безпартійний, судимість відсутня, включений до виборчого списку під № 98.",http://itd.rada.gov.ua/mps/info/page/21058,http://static.rada.gov.ua/dep_img9/sn98.jpg,sn98,1,08.11.1989,Вища,,,директор,"ТОВ ""Інтерплєкс""",ні,так,
21173,296,mp-sn100_skl9,9,Кунаєв Артем Юрійович,Артем,Юрійович,Кунаєв,А.Ю.,,29.08.2019,,"Багатомандатний загальнодержавний виборчий округ, ПОЛІТИЧНА ПАРТІЯ ""СЛУГА НАРОДУ"" /№ у списку - 100/",,,0,,"ПОЛІТИЧНА ПАРТІЯ ""СЛУГА НАРОДУ""",50,Безпартійний,100,"освіта вища, заступник керівника управління з маркетингу та продажів вертолітної техніки, АТ ""Мотор Січ"", безпартійний, судимість відсутня, включений до виборчого списку під № 100.",http://itd.rada.gov.ua/mps/info/page/21173,http://static.rada.gov.ua/dep_img9/sn100.jpg,sn100,1,29.04.1992,Вища,,,заступник керівника управління з маркетингу та продажів вертолітної техніки,"АТ ""Мотор Січ""",ні,так,
21275,297,mp-sn101_skl9,9,Припутень Дмитро Сергійович,Дмитро,Сергійович,Припутень,Д.С.,,29.08.2019,,"Багатомандатний загальнодержавний виборчий округ, ПОЛІТИЧНА ПАРТІЯ ""СЛУГА НАРОДУ"" /№ у списку - 101/",,,0,,"ПОЛІТИЧНА ПАРТІЯ ""СЛУГА НАРОДУ""",50,Безпартійний,101,"освіта вища, доцент кафедри загально-правових дисциплін, Дніпропетровський державний університет внутрішніх справ України, безпартійний, судимість відсутня, включений до виборчого списку під № 101.",http://itd.rada.gov.ua/mps/info/page/21275,http://static.rada.gov.ua/dep_img9/sn101.jpg,sn101,1,23.05.1986,Вища,Дніпропетровський державний університет внутрішніх справ України,доцент кафедри загально-правових дисциплін,,"доцент кафедри загально-правових дисциплін, Дніпропетровський державний університет внутрішніх справ України",ні,так,
21240,298,mp-sn102_skl9,9,Павлюк Максим Васильович,Максим,Васильович,Павлюк,М.В.,,29.08.2019,,"Багатомандатний загальнодержавний виборчий округ, ПОЛІТИЧНА ПАРТІЯ ""СЛУГА НАРОДУ"" /№ у списку - 102/",,,0,,"ПОЛІТИЧНА ПАРТІЯ ""СЛУГА НАРОДУ""",50,Безпартійний,102,"освіта вища, заступник військового прокурора, Військова прокуратура Дарницького гарнізону Центрального регіону України, безпартійний, судимість відсутня, включений до виборчого списку під № 102.",http://itd.rada.gov.ua/mps/info/page/21240,http://static.rada.gov.ua/dep_img9/sn102.jpg,sn102,1,03.06.1992,Вища,,,заступник військового прокурора,Військова прокуратура Дарницького гарнізону Центрального регіону України,ні,так,
21239,299,mp-sn103_skl9,9,Мокан Василь Іванович,Василь,Іванович,Мокан,В.І.,,29.08.2019,,"Багатомандатний загальнодержавний виборчий округ, ПОЛІТИЧНА ПАРТІЯ ""СЛУГА НАРОДУ"" /№ у списку - 103/",,,0,,"ПОЛІТИЧНА ПАРТІЯ ""СЛУГА НАРОДУ""",50,Безпартійний,103,"освіта вища, заступник директора, ТОВ ""Українська Політконсалтингова Група"", безпартійний, судимість відсутня, включений до виборчого списку під № 103.",http://itd.rada.gov.ua/mps/info/page/21239,http://static.rada.gov.ua/dep_img9/sn103.jpg,sn103,1,19.04.1985,Вища,,,заступник директора,"ТОВ ""Українська Політконсалтингова Група""",ні,так,
21269,300,mp-sn104_skl9,9,Підласа Роксолана Андріївна,Роксолана,Андріївна,Підласа,Р.А.,,29.08.2019,,"Багатомандатний загальнодержавний виборчий округ, ПОЛІТИЧНА ПАРТІЯ ""СЛУГА НАРОДУ"" /№ у списку - 104/",,,0,,"ПОЛІТИЧНА ПАРТІЯ ""СЛУГА НАРОДУ""",50,Безпартійний,104,"освіта вища, радник міністра, Міністерство економічного розвитку і торгівлі України, безпартійнa, судимість відсутня, включена до виборчого списку під № 104.",http://itd.rada.gov.ua/mps/info/page/21269,http://static.rada.gov.ua/dep_img9/sn104.jpg,sn104,2,25.01.1994,Вища,,,радник міністра,Міністерство економічного розвитку і торгівлі України,ні,так,
21118,301,mp-sn105_skl9,9,Торохтій Богдан Григорович,Богдан,Григорович,Торохтій,Б.Г.,,29.08.2019,,"Багатомандатний загальнодержавний виборчий округ, ПОЛІТИЧНА ПАРТІЯ ""СЛУГА НАРОДУ"" /№ у списку - 105/",,,0,,"ПОЛІТИЧНА ПАРТІЯ ""СЛУГА НАРОДУ""",50,Безпартійний,105,"освіта вища, юрисконсульт, філія ПАД ""Державна продовольчо-зернова корпорація України ""Одеський зерновий термінал"", безпартійний, судимість відсутня, включений до виборчого списку під № 105.",http://itd.rada.gov.ua/mps/info/page/21118,http://static.rada.gov.ua/dep_img9/sn105.jpg,sn105,1,09.06.1984,Вища,,,юрисконсульт,"філія ПАД ""Державна продовольчо-зернова корпорація України ""Одеський зерновий термінал""",ні,так,
21037,302,mp-sn106_skl9,9,Дмитрієва Оксана Олександрівна,Оксана,Олександрівна,Дмитрієва,О.О.,,29.08.2019,,"Багатомандатний загальнодержавний виборчий округ, ПОЛІТИЧНА ПАРТІЯ ""СЛУГА НАРОДУ"" /№ у списку - 106/",,,0,,"ПОЛІТИЧНА ПАРТІЯ ""СЛУГА НАРОДУ""",50,Безпартійний,106,"освіта вища, головний лікар, ТОВ ""Статус Дент"", безпартійнa, судимість відсутня, включена до виборчого списку під № 106.",http://itd.rada.gov.ua/mps/info/page/21037,http://static.rada.gov.ua/dep_img9/sn106.jpg,sn106,2,26.04.1980,Вища,,,головний лікар,"ТОВ ""Статус Дент""",ні,так,
21067,303,mp-sn107_skl9,9,Шол Маргарита Віталіївна,Маргарита,Віталіївна,Шол,М.В.,,29.08.2019,,"Багатомандатний загальнодержавний виборчий округ, ПОЛІТИЧНА ПАРТІЯ ""СЛУГА НАРОДУ"" /№ у списку - 107/",,,0,,"ПОЛІТИЧНА ПАРТІЯ ""СЛУГА НАРОДУ""",50,Безпартійний,107,"освіта вища, тимчасово не працює, безпартійнa, судимість відсутня, включена до виборчого списку під № 107.",http://itd.rada.gov.ua/mps/info/page/21067,http://static.rada.gov.ua/dep_img9/sn107.jpg,sn107,2,15.09.1988,Вища,,,тимчасово не працює,тимчасово не працює,ні,так,
21156,304,mp-sn108_skl9,9,Костін Андрій Євгенович,Андрій,Євгенович,Костін,А.Є.,,29.08.2019,27.07.2022,"Багатомандатний загальнодержавний виборчий округ, ПОЛІТИЧНА ПАРТІЯ ""СЛУГА НАРОДУ"" /№ у списку - 108/",,,0,,"ПОЛІТИЧНА ПАРТІЯ ""СЛУГА НАРОДУ""",50,Безпартійний,108,"освіта вища, заступник голови, Рада адвокатів Одеської області, безпартійний, судимість відсутня, включений до виборчого списку під № 108.",http://itd.rada.gov.ua/mps/info/page/21156,http://static.rada.gov.ua/dep_img9/sn108.jpg,sn108,1,17.04.1973,Вища,,,заступник голови,Рада адвокатів Одеської області,ні,так,НДУ Особиста письмова заява про складення повноважень
21025,305,mp-sn109_skl9,9,Горбенко Руслан Олександрович,Руслан,Олександрович,Горбенко,Р.О.,,29.08.2019,,"Багатомандатний загальнодержавний виборчий округ, ПОЛІТИЧНА ПАРТІЯ ""СЛУГА НАРОДУ"" /№ у списку - 109/",,,0,,"ПОЛІТИЧНА ПАРТІЯ ""СЛУГА НАРОДУ""",50,Безпартійний,109,"освіта вища, директор, ТОВ ""Інтершина УА"", безпартійний, судимість відсутня, включений до виборчого списку під № 109.",http://itd.rada.gov.ua/mps/info/page/21025,http://static.rada.gov.ua/dep_img9/sn109.jpg,sn109,1,12.03.1979,Вища,,,директор,"ТОВ ""Інтершина УА""",ні,так,
21044,306,mp-sn110_skl9,9,Жупанин Андрій Вікторович,Андрій,Вікторович,Жупанин,А.В.,,29.08.2019,,"Багатомандатний загальнодержавний виборчий округ, ПОЛІТИЧНА ПАРТІЯ ""СЛУГА НАРОДУ"" /№ у списку - 110/",,,0,,"ПОЛІТИЧНА ПАРТІЯ ""СЛУГА НАРОДУ""",50,Безпартійний,110,"освіта вища, юрист, ТОВ ""Ді Ел Ей Пайпер України"", безпартійний, судимість відсутня, включений до виборчого списку під № 110.",http://itd.rada.gov.ua/mps/info/page/21044,http://static.rada.gov.ua/dep_img9/sn110.jpg,sn110,1,19.07.1989,Вища,,,юрист,"ТОВ ""Ді Ел Ей Пайпер України""",ні,так,
21093,307,mp-sn111_skl9,9,Тістик Ростислав Ярославович,Ростислав,Ярославович,Тістик,Р.Я.,,29.08.2019,,"Багатомандатний загальнодержавний виборчий округ, ПОЛІТИЧНА ПАРТІЯ ""СЛУГА НАРОДУ"" /№ у списку - 111/",,,0,,"ПОЛІТИЧНА ПАРТІЯ ""СЛУГА НАРОДУ""",50,Безпартійний,111,"освіта вища, тимчасово не працює, безпартійний, судимість відсутня, включений до виборчого списку під № 111.",http://itd.rada.gov.ua/mps/info/page/21093,http://static.rada.gov.ua/dep_img9/sn111.jpg,sn111,1,09.10.1993,Вища,,,тимчасово не працює,тимчасово не працює,ні,так,
21159,308,mp-sn112_skl9,9,Кравчук Євгенія Михайлівна,Євгенія,Михайлівна,Кравчук,Є.М.,,29.08.2019,,"Багатомандатний загальнодержавний виборчий округ, ПОЛІТИЧНА ПАРТІЯ ""СЛУГА НАРОДУ"" /№ у списку - 112/",,,0,,"ПОЛІТИЧНА ПАРТІЯ ""СЛУГА НАРОДУ""",50,Безпартійний,112,"освіта вища, тимчасово не працює, безпартійнa, судимість відсутня, включена до виборчого списку під № 112.",http://itd.rada.gov.ua/mps/info/page/21159,http://static.rada.gov.ua/dep_img9/sn112.jpg,sn112,2,23.12.1985,Вища,,,тимчасово не працює,тимчасово не працює,ні,так,
21056,309,mp-sn113_skl9,9,Яковлєва Неллі Іллівна,Неллі,Іллівна,Яковлєва,Н.І.,,29.08.2019,,"Багатомандатний загальнодержавний виборчий округ, ПОЛІТИЧНА ПАРТІЯ ""СЛУГА НАРОДУ"" /№ у списку - 113/",,,0,,"ПОЛІТИЧНА ПАРТІЯ ""СЛУГА НАРОДУ""",50,Безпартійний,113,"освіта вища, викладач, Національний технічний університет України ""Київський політехнічний інститут імені Ігоря Сікорського"", безпартійнa, судимість відсутня, включена до виборчого списку під № 113.",http://itd.rada.gov.ua/mps/info/page/21056,http://static.rada.gov.ua/dep_img9/sn113.jpg,sn113,2,21.06.1985,Вища,,,викладач,"Національний технічний університет України ""Київський політехнічний інститут імені Ігоря Сікорського""",ні,так,
21028,310,mp-sn114_skl9,9,Гривко Сергій Дмитрович,Сергій,Дмитрович,Гривко,С.Д.,,29.08.2019,,"Багатомандатний загальнодержавний виборчий округ, ПОЛІТИЧНА ПАРТІЯ ""СЛУГА НАРОДУ"" /№ у списку - 114/",,,0,,"ПОЛІТИЧНА ПАРТІЯ ""СЛУГА НАРОДУ""",226,"ПОЛІТИЧНА ПАРТІЯ ""СЛУГА НАРОДУ""",114,"освіта вища, тимчасово не працює, член ПОЛІТИЧНОЇ ПАРТІЇ ""СЛУГА НАРОДУ"", судимість відсутня, включений до виборчого списку під № 114.",http://itd.rada.gov.ua/mps/info/page/21028,http://static.rada.gov.ua/dep_img9/sn114.jpg,sn114,1,12.12.1985,Вища,,,тимчасово не працює,тимчасово не працює,ні,так,
21235,311,mp-sn115_skl9,9,Павловський Петро Іванович,Петро,Іванович,Павловський,П.І.,,29.08.2019,,"Багатомандатний загальнодержавний виборчий округ, ПОЛІТИЧНА ПАРТІЯ ""СЛУГА НАРОДУ"" /№ у списку - 115/",,,0,,"ПОЛІТИЧНА ПАРТІЯ ""СЛУГА НАРОДУ""",50,Безпартійний,115,"освіта вища, адвокат, безпартійний, судимість відсутня, включений до виборчого списку під № 115.",http://itd.rada.gov.ua/mps/info/page/21235,http://static.rada.gov.ua/dep_img9/sn115.jpg,sn115,1,15.10.1981,Вища,,,адвокат,адвокат,ні,так,
20966,312|459,mp-sn116_skl9,9,Кормишкіна Ірина Валеріївна,Ірина,Валеріївна,Кормишкіна,І.В.,Аллахвердієва Ірина Валеріївна,29.08.2019,25.02.2025,"Багатомандатний загальнодержавний виборчий округ, ПОЛІТИЧНА ПАРТІЯ ""СЛУГА НАРОДУ"" /№ у списку - 116/",,,0,,"ПОЛІТИЧНА ПАРТІЯ ""СЛУГА НАРОДУ""",50,Безпартійний,116,"освіта вища, директор, Миколаївська обласна дирекція ПрАТ СК ""Уніка"", безпартійнa, судимість відсутня, включена до виборчого списку під № 116.",http://itd.rada.gov.ua/mps/info/page/20966,http://static.rada.gov.ua/dep_img9/sn116.jpg,sn116,2,26.08.1978,Вища,,,директор,"Миколаївська обласна дирекція ПрАТ СК ""Уніка""",ні,так,НДУ Особиста письмова заява про складення повноважень
21011,313,mp-sn117_skl9,9,Вінтоняк Олена Василівна,Олена,Василівна,Вінтоняк,О.В.,,29.08.2019,,"Багатомандатний загальнодержавний виборчий округ, ПОЛІТИЧНА ПАРТІЯ ""СЛУГА НАРОДУ"" /№ у списку - 117/",,,0,,"ПОЛІТИЧНА ПАРТІЯ ""СЛУГА НАРОДУ""",226,"ПОЛІТИЧНА ПАРТІЯ ""СЛУГА НАРОДУ""",117,"освіта вища, юрисконсульт, ФОП ""Мулик Роман Миронович"", член ПОЛІТИЧНОЇ ПАРТІЇ ""СЛУГА НАРОДУ"", судимість відсутня, включена до виборчого списку під № 117.",http://itd.rada.gov.ua/mps/info/page/21011,http://static.rada.gov.ua/dep_img9/sn117.jpg,sn117,2,29.03.1979,Вища,,,юрисконсульт,"ФОП ""Мулик Роман Миронович""",ні,так,
21103,314,mp-sn118_skl9,9,Заславський Юрій Іванович,Юрій,Іванович,Заславський,Ю.І.,,29.08.2019,,"Багатомандатний загальнодержавний виборчий округ, ПОЛІТИЧНА ПАРТІЯ ""СЛУГА НАРОДУ"" /№ у списку - 118/",,,0,,"ПОЛІТИЧНА ПАРТІЯ ""СЛУГА НАРОДУ""",226,"ПОЛІТИЧНА ПАРТІЯ ""СЛУГА НАРОДУ""",118,"освіта вища, директор, ТОВ ""Макрус ЛТД"", член ПОЛІТИЧНОЇ ПАРТІЇ ""СЛУГА НАРОДУ"", судимість відсутня, включений до виборчого списку під № 118.",http://itd.rada.gov.ua/mps/info/page/21103,http://static.rada.gov.ua/dep_img9/sn118.jpg,sn118,1,06.03.1982,Вища,,,директор,"ТОВ ""Макрус ЛТД""",ні,так,
21050,315,mp-sn119_skl9,9,Задорожний Андрій Вікторович,Андрій,Вікторович,Задорожний,А.В.,,29.08.2019,,"Багатомандатний загальнодержавний виборчий округ, ПОЛІТИЧНА ПАРТІЯ ""СЛУГА НАРОДУ"" /№ у списку - 119/",,,0,,"ПОЛІТИЧНА ПАРТІЯ ""СЛУГА НАРОДУ""",50,Безпартійний,119,"освіта вища, директор, ТОВ ""Юридична фірма ""ПРОКСЕН"", безпартійний, судимість відсутня, включений до виборчого списку під № 119.",http://itd.rada.gov.ua/mps/info/page/21050,http://static.rada.gov.ua/dep_img9/sn119.jpg,sn119,1,21.05.1968,Вища,,,директор,"ТОВ ""Юридична фірма ""ПРОКСЕН""",ні,так,
21065,316,mp-sn120_skl9,9,Шипайло Остап Ігорович,Остап,Ігорович,Шипайло,О.І.,,29.08.2019,,"Багатомандатний загальнодержавний виборчий округ, ПОЛІТИЧНА ПАРТІЯ ""СЛУГА НАРОДУ"" /№ у списку - 120/",,,0,,"ПОЛІТИЧНА ПАРТІЯ ""СЛУГА НАРОДУ""",50,Безпартійний,120,"освіта вища, директор, ТОВ ""Карпатбуд Девелопмент"", безпартійний, судимість відсутня, включений до виборчого списку під № 120.",http://itd.rada.gov.ua/mps/info/page/21065,http://static.rada.gov.ua/dep_img9/sn120.jpg,sn120,1,07.01.1989,Вища,,,директор,"ТОВ ""Карпатбуд Девелопмент""",ні,так,
21064,317,mp-sn121_skl9,9,Шинкаренко Іван Анатолійович,Іван,Анатолійович,Шинкаренко,І.А.,,29.08.2019,,"Багатомандатний загальнодержавний виборчий округ, ПОЛІТИЧНА ПАРТІЯ ""СЛУГА НАРОДУ"" /№ у списку - 121/",,,0,,"ПОЛІТИЧНА ПАРТІЯ ""СЛУГА НАРОДУ""",50,Безпартійний,121,"освіта вища, інженер, Інститут відновлюваної енергетики Академії наук України, безпартійний, судимість відсутня, включений до виборчого списку під № 121.",http://itd.rada.gov.ua/mps/info/page/21064,http://static.rada.gov.ua/dep_img9/sn121.jpg,sn121,1,01.10.1986,Вища,,,інженер,Інститут відновлюваної енергетики Академії наук України,ні,так,
21178,318,mp-sn122_skl9,9,Совгиря Ольга Володимирівна,Ольга,Володимирівна,Совгиря,О.В.,,29.08.2019,27.07.2022,"Багатомандатний загальнодержавний виборчий округ, ПОЛІТИЧНА ПАРТІЯ ""СЛУГА НАРОДУ"" /№ у списку - 122/",,,0,,"ПОЛІТИЧНА ПАРТІЯ ""СЛУГА НАРОДУ""",50,Безпартійний,122,"освіта вища, викладачка кафедри конституційного права юридичного факультету, Київський національний університет імені Тараса Шевченка, безпартійнa, судимість відсутня, включена до виборчого списку під № 122.",http://itd.rada.gov.ua/mps/info/page/21178,http://static.rada.gov.ua/dep_img9/sn122.jpg,sn122,2,06.08.1980,Вища,Київський національний університет імені Тараса Шевченка,викладачка кафедри конституційного права юридичного факультету,,"викладачка кафедри конституційного права юридичного факультету, Київський національний університет імені Тараса Шевченка",ні,так,НДУ Особиста письмова заява про складення повноважень
21162,319,mp-sn123_skl9,9,Крейденко Володимир Вікторович,Володимир,Вікторович,Крейденко,В.В.,,29.08.2019,,"Багатомандатний загальнодержавний виборчий округ, ПОЛІТИЧНА ПАРТІЯ ""СЛУГА НАРОДУ"" /№ у списку - 123/",,,0,,"ПОЛІТИЧНА ПАРТІЯ ""СЛУГА НАРОДУ""",50,Безпартійний,123,"освіта вища, голова правління, Всеукраїнська молодіжна громадська організація ""Совість і Надія України"", безпартійний, судимість відсутня, включений до виборчого списку під № 123.",http://itd.rada.gov.ua/mps/info/page/21162,http://static.rada.gov.ua/dep_img9/sn123.jpg,sn123,1,08.05.1987,Вища,,,голова правління,"Всеукраїнська молодіжна громадська організація ""Совість і Надія України""",ні,так,
21086,320,mp-sn124_skl9,9,Тарасенко Тарас Петрович,Тарас,Петрович,Тарасенко,Т.П.,,29.08.2019,,"Багатомандатний загальнодержавний виборчий округ, ПОЛІТИЧНА ПАРТІЯ ""СЛУГА НАРОДУ"" /№ у списку - 124/",,,0,,"ПОЛІТИЧНА ПАРТІЯ ""СЛУГА НАРОДУ""",50,Безпартійний,124,"освіта вища, адвокат, безпартійний, судимість відсутня, включений до виборчого списку під № 124.",http://itd.rada.gov.ua/mps/info/page/21086,http://static.rada.gov.ua/dep_img9/sn124.jpg,sn124,1,26.07.1980,Вища,,,адвокат,адвокат,ні,так,
21181,321,mp-sn125_skl9,9,Сольський Микола Тарасович,Микола,Тарасович,Сольський,М.Т.,,29.08.2019,24.03.2022,"Багатомандатний загальнодержавний виборчий округ, ПОЛІТИЧНА ПАРТІЯ ""СЛУГА НАРОДУ"" /№ у списку - 125/",,,0,,"ПОЛІТИЧНА ПАРТІЯ ""СЛУГА НАРОДУ""",50,Безпартійний,125,"освіта вища, юрист, адвокатське об'єднання ""Процик та Партнери"", безпартійний, судимість відсутня, включений до виборчого списку під № 125.",http://itd.rada.gov.ua/mps/info/page/21181,http://static.rada.gov.ua/dep_img9/sn125.jpg,sn125,1,22.05.1979,Вища,,,юрист,"адвокатське об'єднання ""Процик та Партнери""",ні,так,НДУ Особиста письмова заява про складення повноважень
8671,322,mp-sn126_skl9,9,Фролов Павло Валерійович,Павло,Валерійович,Фролов,П.В.,,29.08.2019,,"Багатомандатний загальнодержавний виборчий округ, ПОЛІТИЧНА ПАРТІЯ ""СЛУГА НАРОДУ"" /№ у списку - 126/",,,0,,"ПОЛІТИЧНА ПАРТІЯ ""СЛУГА НАРОДУ""",50,Безпартійний,126,"освіта вища, головний консультант, Апарат Верховної Ради України, безпартійний, судимість відсутня, включений до виборчого списку під № 126.",http://itd.rada.gov.ua/mps/info/page/8671,http://static.rada.gov.ua/dep_img9/sn126.jpg,sn126,1,01.09.1976,Вища,,,головний консультант,Апарат Верховної Ради України,ні,так,
21263,323,mp-sn127_skl9,9,Новіков Михайло Миколайович,Михайло,Миколайович,Новіков,М.М.,,29.08.2019,,"Багатомандатний загальнодержавний виборчий округ, ПОЛІТИЧНА ПАРТІЯ ""СЛУГА НАРОДУ"" /№ у списку - 127/",,,0,,"ПОЛІТИЧНА ПАРТІЯ ""СЛУГА НАРОДУ""",50,Безпартійний,127,"освіта вища, адвокат, безпартійний, судимість відсутня, включений до виборчого списку під № 127.",http://itd.rada.gov.ua/mps/info/page/21263,http://static.rada.gov.ua/dep_img9/sn127.jpg,sn127,1,15.11.1965,Вища,,,адвокат,адвокат,ні,так,
21271,324,mp-sn128_skl9,9,Подгорна Вікторія Валентинівна,Вікторія,Валентинівна,Подгорна,В.В.,,29.08.2019,,"Багатомандатний загальнодержавний виборчий округ, ПОЛІТИЧНА ПАРТІЯ ""СЛУГА НАРОДУ"" /№ у списку - 128/",,,0,,"ПОЛІТИЧНА ПАРТІЯ ""СЛУГА НАРОДУ""",50,Безпартійний,128,"освіта вища, експерт, громадська спілка ""Хай-тек офіс Україна"", безпартійнa, судимість відсутня, включена до виборчого списку під № 128.",http://itd.rada.gov.ua/mps/info/page/21271,http://static.rada.gov.ua/dep_img9/sn128.jpg,sn128,2,10.02.1969,Вища,,,експерт,"громадська спілка ""Хай-тек офіс Україна""",ні,так,
11094,325,mp-op1_skl9,9,Бойко Юрій Анатолійович,Юрій,Анатолійович,Бойко,Ю.А.,,29.08.2019,,"Багатомандатний загальнодержавний виборчий округ, Політична партія ""ОПОЗИЦІЙНА ПЛАТФОРМА - ЗА ЖИТТЯ"" /№ у списку - 1/",,,0,,"Політична партія ""ОПОЗИЦІЙНА ПЛАТФОРМА - ЗА ЖИТТЯ""",227,"Політична партія ""ОПОЗИЦІЙНА ПЛАТФОРМА - ЗА ЖИТТЯ""",1,"освіта вища, народний депутат України, член Політичної партії ""ОПОЗИЦІЙНА ПЛАТФОРМА – ЗА ЖИТТЯ"", судимість відсутня, включений до виборчого списку під № 1.",http://itd.rada.gov.ua/mps/info/page/11094,http://static.rada.gov.ua/dep_img9/op1.jpg,op1,1,09.10.1958,Вища,,,народний депутат України,народний депутат України,так,ні,
18032,326,mp-op2_skl9,9,Рабінович Вадим Зіновійович,Вадим,Зіновійович,Рабінович,В.З.,,29.08.2019,03.11.2022,"Багатомандатний загальнодержавний виборчий округ, Політична партія ""ОПОЗИЦІЙНА ПЛАТФОРМА - ЗА ЖИТТЯ"" /№ у списку - 2/",,,0,,"Політична партія ""ОПОЗИЦІЙНА ПЛАТФОРМА - ЗА ЖИТТЯ""",227,"Політична партія ""ОПОЗИЦІЙНА ПЛАТФОРМА - ЗА ЖИТТЯ""",2,"освіта вища, народний депутат України, член Політичної партії ""ОПОЗИЦІЙНА ПЛАТФОРМА – ЗА ЖИТТЯ"", судимість відсутня, включений до виборчого списку під № 2.",http://itd.rada.gov.ua/mps/info/page/18032,http://static.rada.gov.ua/dep_img9/op2.jpg,op2,1,04.08.1953,Вища,,,народний депутат України,народний депутат України,так,ні,НДУ п.4 частини 2 ст. 81 Конституції України
1934,327,mp-op3_skl9,9,Медведчук Віктор Володимирович,Віктор,Володимирович,Медведчук,В.В.,,29.08.2019,13.01.2023,"Багатомандатний загальнодержавний виборчий округ, Політична партія ""ОПОЗИЦІЙНА ПЛАТФОРМА - ЗА ЖИТТЯ"" /№ у списку - 3/",,,0,,"Політична партія ""ОПОЗИЦІЙНА ПЛАТФОРМА - ЗА ЖИТТЯ""",227,"Політична партія ""ОПОЗИЦІЙНА ПЛАТФОРМА - ЗА ЖИТТЯ""",3,"освіта вища, Голова політради і голова стратегічної ради Політичної партії ""ОПОЗИЦІЙНА ПЛАТФОРМА – ЗА ЖИТТЯ"", судимість відсутня, включений до виборчого списку під № 3.",http://itd.rada.gov.ua/mps/info/page/1934,http://static.rada.gov.ua/dep_img9/op3.jpg,op3,1,07.08.1954,Вища,,,,"голова, Всеукраїнська громадська організація ""Всеукраїнський громадський рух ""Український вибір – Право народу""",ні,ні,НДУ п.4 частини 2 ст. 81 Конституції України
8693,328,mp-op4_skl9,9,Королевська Наталія Юріївна,Наталія,Юріївна,Королевська,Н.Ю.,,29.08.2019,24.02.2023,"Багатомандатний загальнодержавний виборчий округ, Політична партія ""ОПОЗИЦІЙНА ПЛАТФОРМА - ЗА ЖИТТЯ"" /№ у списку - 4/",,,0,,"Політична партія ""ОПОЗИЦІЙНА ПЛАТФОРМА - ЗА ЖИТТЯ""",227,"Політична партія ""ОПОЗИЦІЙНА ПЛАТФОРМА - ЗА ЖИТТЯ""",4,"освіта вища, народний депутат України, член Політичної партії ""ОПОЗИЦІЙНА ПЛАТФОРМА – ЗА ЖИТТЯ"", судимість відсутня, включена до виборчого списку під № 4.",http://itd.rada.gov.ua/mps/info/page/8693,http://static.rada.gov.ua/dep_img9/op4.jpg,op4,2,18.05.1975,Вища,,,народний депутат України,народний депутат України,так,ні,НДУ Особиста письмова заява про складення повноважень
7718,329,mp-op5_skl9,9,Льовочкін Сергій Володимирович,Сергій,Володимирович,Льовочкін,С.В.,,29.08.2019,,"Багатомандатний загальнодержавний виборчий округ, Політична партія ""ОПОЗИЦІЙНА ПЛАТФОРМА - ЗА ЖИТТЯ"" /№ у списку - 5/",,,0,,"Політична партія ""ОПОЗИЦІЙНА ПЛАТФОРМА - ЗА ЖИТТЯ""",227,"Політична партія ""ОПОЗИЦІЙНА ПЛАТФОРМА - ЗА ЖИТТЯ""",5,"освіта вища, народний депутат України, член Політичної партії ""ОПОЗИЦІЙНА ПЛАТФОРМА – ЗА ЖИТТЯ"", судимість відсутня, включений до виборчого списку під № 5.",http://itd.rada.gov.ua/mps/info/page/7718,http://static.rada.gov.ua/dep_img9/op5.jpg,op5,1,17.07.1972,Вища,,,народний депутат України,народний депутат України,так,ні,
18037,330,mp-op6_skl9,9,Німченко Василь Іванович,Василь,Іванович,Німченко,В.І.,,29.08.2019,,"Багатомандатний загальнодержавний виборчий округ, Політична партія ""ОПОЗИЦІЙНА ПЛАТФОРМА - ЗА ЖИТТЯ"" /№ у списку - 6/",,,0,,"Політична партія ""ОПОЗИЦІЙНА ПЛАТФОРМА - ЗА ЖИТТЯ""",227,"Політична партія ""ОПОЗИЦІЙНА ПЛАТФОРМА - ЗА ЖИТТЯ""",6,"освіта вища, народний депутат України, член Політичної партії ""ОПОЗИЦІЙНА ПЛАТФОРМА – ЗА ЖИТТЯ"", судимість відсутня, включений до виборчого списку під № 6.",http://itd.rada.gov.ua/mps/info/page/18037,http://static.rada.gov.ua/dep_img9/op6.jpg,op6,1,13.09.1950,Вища,,,народний депутат України,народний депутат України,так,ні,
2274,331,mp-op7_skl9,9,Шуфрич Нестор Іванович,Нестор,Іванович,Шуфрич,Н.І.,,29.08.2019,,"Багатомандатний загальнодержавний виборчий округ, Політична партія ""ОПОЗИЦІЙНА ПЛАТФОРМА - ЗА ЖИТТЯ"" /№ у списку - 7/",,,0,,"Політична партія ""ОПОЗИЦІЙНА ПЛАТФОРМА - ЗА ЖИТТЯ""",227,"Політична партія ""ОПОЗИЦІЙНА ПЛАТФОРМА - ЗА ЖИТТЯ""",7,"освіта вища, народний депутат України, член Політичної партії ""ОПОЗИЦІЙНА ПЛАТФОРМА – ЗА ЖИТТЯ"", судимість відсутня, включений до виборчого списку під № 7.",http://itd.rada.gov.ua/mps/info/page/2274,http://static.rada.gov.ua/dep_img9/op7.jpg,op7,1,29.12.1966,Вища,,,народний депутат України,народний депутат України,так,ні,
15780,333,mp-op9_skl9,9,Дунаєв Сергій Володимирович,Сергій,Володимирович,Дунаєв,С.В.,,29.08.2019,,"Багатомандатний загальнодержавний виборчий округ, Політична партія ""ОПОЗИЦІЙНА ПЛАТФОРМА - ЗА ЖИТТЯ"" /№ у списку - 9/",,,0,,"Політична партія ""ОПОЗИЦІЙНА ПЛАТФОРМА - ЗА ЖИТТЯ""",227,"Політична партія ""ОПОЗИЦІЙНА ПЛАТФОРМА - ЗА ЖИТТЯ""",9,"освіта вища, народний депутат України, член Політичної партії ""ОПОЗИЦІЙНА ПЛАТФОРМА – ЗА ЖИТТЯ"", судимість відсутня, включений до виборчого списку під № 9.",http://itd.rada.gov.ua/mps/info/page/15780,http://static.rada.gov.ua/dep_img9/op9.jpg,op9,1,19.08.1973,Вища,,,народний депутат України,народний депутат України,так,ні,
18034,334,mp-op10_skl9,9,Козак Тарас Романович,Тарас,Романович,Козак,Т.Р.,,29.08.2019,13.01.2023,"Багатомандатний загальнодержавний виборчий округ, Політична партія ""ОПОЗИЦІЙНА ПЛАТФОРМА - ЗА ЖИТТЯ"" /№ у списку - 10/",,,0,,"Політична партія ""ОПОЗИЦІЙНА ПЛАТФОРМА - ЗА ЖИТТЯ""",227,"Політична партія ""ОПОЗИЦІЙНА ПЛАТФОРМА - ЗА ЖИТТЯ""",10,"освіта вища, народний депутат України, член Політичної партії ""ОПОЗИЦІЙНА ПЛАТФОРМА – ЗА ЖИТТЯ"", судимість відсутня, включений до виборчого списку під № 10.",http://itd.rada.gov.ua/mps/info/page/18034,http://static.rada.gov.ua/dep_img9/op10.jpg,op10,1,06.04.1972,Вища,,,народний депутат України,народний депутат України,так,ні,НДУ п.4 частини 2 ст. 81 Конституції України
13687,335,mp-op11_skl9,9,Столар Вадим Михайлович,Вадим,Михайлович,Столар,В.М.,,29.08.2019,,"Багатомандатний загальнодержавний виборчий округ, Політична партія ""ОПОЗИЦІЙНА ПЛАТФОРМА - ЗА ЖИТТЯ"" /№ у списку - 11/",,,0,,"Політична партія ""ОПОЗИЦІЙНА ПЛАТФОРМА - ЗА ЖИТТЯ""",227,"Політична партія ""ОПОЗИЦІЙНА ПЛАТФОРМА - ЗА ЖИТТЯ""",11,"освіта вища, тимчасово не працює, член Політичної партії ""ОПОЗИЦІЙНА ПЛАТФОРМА – ЗА ЖИТТЯ"", судимість відсутня, включений до виборчого списку під № 11.",http://itd.rada.gov.ua/mps/info/page/13687,http://static.rada.gov.ua/dep_img9/op11.jpg,op11,1,10.08.1982,Вища,,,тимчасово не працює,тимчасово не працює,ні,ні,
793,336,mp-op12_skl9,9,Іоффе Юлій Якович,Юлій,Якович,Іоффе,Ю.Я.,,29.08.2019,,"Багатомандатний загальнодержавний виборчий округ, Політична партія ""ОПОЗИЦІЙНА ПЛАТФОРМА - ЗА ЖИТТЯ"" /№ у списку - 12/",,,0,,"Політична партія ""ОПОЗИЦІЙНА ПЛАТФОРМА - ЗА ЖИТТЯ""",227,"Політична партія ""ОПОЗИЦІЙНА ПЛАТФОРМА - ЗА ЖИТТЯ""",12,"освіта вища, народний депутат України, член Політичної партії ""ОПОЗИЦІЙНА ПЛАТФОРМА – ЗА ЖИТТЯ"", судимість відсутня, включений до виборчого списку під № 12.",http://itd.rada.gov.ua/mps/info/page/793,http://static.rada.gov.ua/dep_img9/op12.jpg,op12,1,10.12.1940,Вища,,,народний депутат України,народний депутат України,так,ні,
5464,337,mp-op13_skl9,9,Папієв Михайло Миколайович,Михайло,Миколайович,Папієв,М.М.,,29.08.2019,,"Багатомандатний загальнодержавний виборчий округ, Політична партія ""ОПОЗИЦІЙНА ПЛАТФОРМА - ЗА ЖИТТЯ"" /№ у списку - 13/",,,0,,"Політична партія ""ОПОЗИЦІЙНА ПЛАТФОРМА - ЗА ЖИТТЯ""",227,"Політична партія ""ОПОЗИЦІЙНА ПЛАТФОРМА - ЗА ЖИТТЯ""",13,"освіта вища, народний депутат України, член Політичної партії ""ОПОЗИЦІЙНА ПЛАТФОРМА – ЗА ЖИТТЯ"", судимість відсутня, включений до виборчого списку під № 13.",http://itd.rada.gov.ua/mps/info/page/5464,http://static.rada.gov.ua/dep_img9/op13.jpg,op13,1,01.10.1960,Вища,,,народний депутат України,народний депутат України,так,ні,
20964,338,mp-op14_skl9,9,Абрамович Ігор Олександрович,Ігор,Олександрович,Абрамович,І.О.,,29.08.2019,06.02.2023,"Багатомандатний загальнодержавний виборчий округ, Політична партія ""ОПОЗИЦІЙНА ПЛАТФОРМА - ЗА ЖИТТЯ"" /№ у списку - 14/",,,0,,"Політична партія ""ОПОЗИЦІЙНА ПЛАТФОРМА - ЗА ЖИТТЯ""",227,"Політична партія ""ОПОЗИЦІЙНА ПЛАТФОРМА - ЗА ЖИТТЯ""",14,"освіта вища, тимчасово не працює, член Політичної партії ""ОПОЗИЦІЙНА ПЛАТФОРМА – ЗА ЖИТТЯ"", судимість відсутня, включений до виборчого списку під № 14.",http://itd.rada.gov.ua/mps/info/page/20964,http://static.rada.gov.ua/dep_img9/op14.jpg,op14,1,24.08.1984,Вища,,,тимчасово не працює,тимчасово не працює,ні,так,НДУ Особиста письмова заява про складення повноважень
21114,339,mp-op15_skl9,9,Ісаєнко Дмитро Валерійович,Дмитро,Валерійович,Ісаєнко,Д.В.,,29.08.2019,,"Багатомандатний загальнодержавний виборчий округ, Політична партія ""ОПОЗИЦІЙНА ПЛАТФОРМА - ЗА ЖИТТЯ"" /№ у списку - 15/",,,0,,"Політична партія ""ОПОЗИЦІЙНА ПЛАТФОРМА - ЗА ЖИТТЯ""",227,"Політична партія ""ОПОЗИЦІЙНА ПЛАТФОРМА - ЗА ЖИТТЯ""",15,"освіта вища, доцент кафедри будівництва та інформаційних технологій, ""Інститут інноваційної освіти КНУБА"", член Політичної партії ""ОПОЗИЦІЙНА ПЛАТФОРМА – ЗА ЖИТТЯ"", судимість відсутня, включений до виборчого списку під № 15.",http://itd.rada.gov.ua/mps/info/page/21114,http://static.rada.gov.ua/dep_img9/op15.jpg,op15,1,30.08.1967,Вища,"""Інститут інноваційної освіти КНУБА""",доцент кафедри будівництва та інформаційних технологій,,"доцент кафедри будівництва та інформаційних технологій, ""Інститут інноваційної освіти КНУБА""",ні,так,
18033,340,mp-op16_skl9,9,Скорик Микола Леонідович,Микола,Леонідович,Скорик,М.Л.,,29.08.2019,,"Багатомандатний загальнодержавний виборчий округ, Політична партія ""ОПОЗИЦІЙНА ПЛАТФОРМА - ЗА ЖИТТЯ"" /№ у списку - 16/",,,0,,"Політична партія ""ОПОЗИЦІЙНА ПЛАТФОРМА - ЗА ЖИТТЯ""",227,"Політична партія ""ОПОЗИЦІЙНА ПЛАТФОРМА - ЗА ЖИТТЯ""",16,"освіта вища, народний депутат України, член Політичної партії ""ОПОЗИЦІЙНА ПЛАТФОРМА – ЗА ЖИТТЯ"", судимість відсутня, включений до виборчого списку під № 16.",http://itd.rada.gov.ua/mps/info/page/18033,http://static.rada.gov.ua/dep_img9/op16.jpg,op16,1,27.11.1972,Вища,,,народний депутат України,народний депутат України,так,ні,
2272,341,mp-op17_skl9,9,Суркіс Григорій Михайлович,Григорій,Михайлович,Суркіс,Г.М.,,29.08.2019,,"Багатомандатний загальнодержавний виборчий округ, Політична партія ""ОПОЗИЦІЙНА ПЛАТФОРМА - ЗА ЖИТТЯ"" /№ у списку - 17/",,,0,,"Політична партія ""ОПОЗИЦІЙНА ПЛАТФОРМА - ЗА ЖИТТЯ""",227,"Політична партія ""ОПОЗИЦІЙНА ПЛАТФОРМА - ЗА ЖИТТЯ""",17,"освіта вища, президент, ГО Товариство ""Україна – Китай"", член Політичної партії ""ОПОЗИЦІЙНА ПЛАТФОРМА – ЗА ЖИТТЯ"", судимість відсутня, включений до виборчого списку під № 17.",http://itd.rada.gov.ua/mps/info/page/2272,http://static.rada.gov.ua/dep_img9/op17.jpg,op17,1,04.09.1949,Вища,,,президент,"ГО Товариство ""Україна – Китай""",ні,ні,
13942,342,mp-op18_skl9,9,Кісільов Ігор Петрович,Ігор,Петрович,Кісільов,І.П.,,29.08.2019,,"Багатомандатний загальнодержавний виборчий округ, Політична партія ""ОПОЗИЦІЙНА ПЛАТФОРМА - ЗА ЖИТТЯ"" /№ у списку - 18/",,,0,,"Політична партія ""ОПОЗИЦІЙНА ПЛАТФОРМА - ЗА ЖИТТЯ""",227,"Політична партія ""ОПОЗИЦІЙНА ПЛАТФОРМА - ЗА ЖИТТЯ""",18,"освіта вища, тимчасово не працює, член Політичної партії ""ОПОЗИЦІЙНА ПЛАТФОРМА – ЗА ЖИТТЯ"", судимість відсутня, включений до виборчого списку під № 18.",http://itd.rada.gov.ua/mps/info/page/13942,http://static.rada.gov.ua/dep_img9/op18.jpg,op18,1,02.12.1984,Вища,,,тимчасово не працює,тимчасово не працює,ні,так,
21049,343,mp-op19_skl9,9,Загородній Юрій Іванович,Юрій,Іванович,Загородній,Ю.І.,,29.08.2019,,"Багатомандатний загальнодержавний виборчий округ, Політична партія ""ОПОЗИЦІЙНА ПЛАТФОРМА - ЗА ЖИТТЯ"" /№ у списку - 19/",,,0,,"Політична партія ""ОПОЗИЦІЙНА ПЛАТФОРМА - ЗА ЖИТТЯ""",227,"Політична партія ""ОПОЗИЦІЙНА ПЛАТФОРМА - ЗА ЖИТТЯ""",19,"освіта вища, проректор з міжнародних питань та з питань європейської інтеграції, ТОВ ""Львівський медичний інститут"", член Політичної партії ""ОПОЗИЦІЙНА ПЛАТФОРМА – ЗА ЖИТТЯ"", судимість відсутня, включений до виборчого списку під № 19.",http://itd.rada.gov.ua/mps/info/page/21049,http://static.rada.gov.ua/dep_img9/op19.jpg,op19,1,07.05.1959,Вища,,,проректор з міжнародних питань та з питань європейської інтеграції,"ТОВ ""Львівський медичний інститут""",ні,так,
20997,344,mp-op20_skl9,9,Бурміч Анатолій Петрович,Анатолій,Петрович,Бурміч,А.П.,,29.08.2019,,"Багатомандатний загальнодержавний виборчий округ, Політична партія ""ОПОЗИЦІЙНА ПЛАТФОРМА - ЗА ЖИТТЯ"" /№ у списку - 20/",,,0,,"Політична партія ""ОПОЗИЦІЙНА ПЛАТФОРМА - ЗА ЖИТТЯ""",227,"Політична партія ""ОПОЗИЦІЙНА ПЛАТФОРМА - ЗА ЖИТТЯ""",20,"освіта вища, начальник відділу, асоціація ветеранів ""Альфа"" СБУ ""Словяни"", член Політичної партії ""ОПОЗИЦІЙНА ПЛАТФОРМА – ЗА ЖИТТЯ"", судимість відсутня, включений до виборчого списку під № 20.",http://itd.rada.gov.ua/mps/info/page/20997,http://static.rada.gov.ua/dep_img9/op20.jpg,op20,1,13.08.1962,Вища,,,начальник відділу,"асоціація ветеранів ""Альфа"" СБУ ""Словяни""",ні,так,
11109,345,mp-op21_skl9,9,Льовочкіна Юлія Володимирівна,Юлія,Володимирівна,Льовочкіна,Ю.В.,,29.08.2019,01.12.2022,"Багатомандатний загальнодержавний виборчий округ, Політична партія ""ОПОЗИЦІЙНА ПЛАТФОРМА - ЗА ЖИТТЯ"" /№ у списку - 21/",,,0,,"Політична партія ""ОПОЗИЦІЙНА ПЛАТФОРМА - ЗА ЖИТТЯ""",227,"Політична партія ""ОПОЗИЦІЙНА ПЛАТФОРМА - ЗА ЖИТТЯ""",21,"освіта вища, народний депутат України, член Політичної партії ""ОПОЗИЦІЙНА ПЛАТФОРМА – ЗА ЖИТТЯ"", судимість відсутня, включена до виборчого списку під № 21.",http://itd.rada.gov.ua/mps/info/page/11109,http://static.rada.gov.ua/dep_img9/op21.jpg,op21,2,17.02.1977,Вища,,,народний депутат України,,так,ні,НДУ Особиста письмова заява про складення повноважень
21149,346,mp-op22_skl9,9,Колтунович Олександр Сергійович,Олександр,Сергійович,Колтунович,О.С.,,29.08.2019,,"Багатомандатний загальнодержавний виборчий округ, Політична партія ""ОПОЗИЦІЙНА ПЛАТФОРМА - ЗА ЖИТТЯ"" /№ у списку - 22/",,,0,,"Політична партія ""ОПОЗИЦІЙНА ПЛАТФОРМА - ЗА ЖИТТЯ""",227,"Політична партія ""ОПОЗИЦІЙНА ПЛАТФОРМА - ЗА ЖИТТЯ""",22,"освіта вища, науковий співробітник відділу земельних відносин та природокористування, Національний науковий центр ""Інститут аграрної економіки"" Національної академії аграрних наук України, член Політичної партії ""ОПОЗИЦІЙНА ПЛАТФОРМА – ЗА ЖИТТЯ"", судимість відсутня, включений до виборчого списку під № 22.",http://itd.rada.gov.ua/mps/info/page/21149,http://static.rada.gov.ua/dep_img9/op22.jpg,op22,1,04.11.1987,Вища,,,науковий співробітник відділу земельних відносин та природокористування,"Національний науковий центр ""Інститут аграрної економіки"" Національної академії аграрних наук України",ні,так,
21203,347,mp-op23_skl9,9,Мамка Григорій Миколайович,Григорій,Миколайович,Мамка,Г.М.,,29.08.2019,,"Багатомандатний загальнодержавний виборчий округ, Політична партія ""ОПОЗИЦІЙНА ПЛАТФОРМА - ЗА ЖИТТЯ"" /№ у списку - 23/",,,0,,"Політична партія ""ОПОЗИЦІЙНА ПЛАТФОРМА - ЗА ЖИТТЯ""",227,"Політична партія ""ОПОЗИЦІЙНА ПЛАТФОРМА - ЗА ЖИТТЯ""",23,"освіта вища, партнер, адвокатське об'єднання ""Мамка та Партнери"", член Політичної партії ""ОПОЗИЦІЙНА ПЛАТФОРМА – ЗА ЖИТТЯ"", судимість відсутня, включений до виборчого списку під № 23.",http://itd.rada.gov.ua/mps/info/page/21203,http://static.rada.gov.ua/dep_img9/op23.jpg,op23,1,18.08.1974,Вища,,,партнер,"адвокатське об'єднання ""Мамка та Партнери""",ні,так,
12612,348,mp-op24_skl9,9,Кальцев Володимир Федорович,Володимир,Федорович,Кальцев,В.Ф.,,29.08.2019,,"Багатомандатний загальнодержавний виборчий округ, Політична партія ""ОПОЗИЦІЙНА ПЛАТФОРМА - ЗА ЖИТТЯ"" /№ у списку - 24/",,,0,,"Політична партія ""ОПОЗИЦІЙНА ПЛАТФОРМА - ЗА ЖИТТЯ""",227,"Політична партія ""ОПОЗИЦІЙНА ПЛАТФОРМА - ЗА ЖИТТЯ""",24,"освіта вища, аналітик, ТОВ ""Компанія ""Александр"", член Політичної партії ""ОПОЗИЦІЙНА ПЛАТФОРМА – ЗА ЖИТТЯ"", судимість відсутня, включений до виборчого списку під № 24.",http://itd.rada.gov.ua/mps/info/page/12612,http://static.rada.gov.ua/dep_img9/op24.jpg,op24,1,16.06.1966,Вища,,,аналітик,"ТОВ ""Компанія ""Александр""",ні,так,
5380,349,mp-op25_skl9,9,Павленко Юрій Олексійович,Юрій,Олексійович,Павленко,Ю.О.,,29.08.2019,,"Багатомандатний загальнодержавний виборчий округ, Політична партія ""ОПОЗИЦІЙНА ПЛАТФОРМА - ЗА ЖИТТЯ"" /№ у списку - 25/",,,0,,"Політична партія ""ОПОЗИЦІЙНА ПЛАТФОРМА - ЗА ЖИТТЯ""",227,"Політична партія ""ОПОЗИЦІЙНА ПЛАТФОРМА - ЗА ЖИТТЯ""",25,"освіта вища, народний депутат України, член Політичної партії ""ОПОЗИЦІЙНА ПЛАТФОРМА – ЗА ЖИТТЯ"", судимість відсутня, включений до виборчого списку під № 25.",http://itd.rada.gov.ua/mps/info/page/5380,http://static.rada.gov.ua/dep_img9/op25.jpg,op25,1,20.03.1975,Вища,,,народний депутат України,народний депутат України,так,ні,
13764,350,mp-op26_skl9,9,Приходько Наталія Ігорівна,Наталія,Ігорівна,Приходько,Н.І.,,29.08.2019,,"Багатомандатний загальнодержавний виборчий округ, Політична партія ""ОПОЗИЦІЙНА ПЛАТФОРМА - ЗА ЖИТТЯ"" /№ у списку - 26/",,,0,,"Політична партія ""ОПОЗИЦІЙНА ПЛАТФОРМА - ЗА ЖИТТЯ""",227,"Політична партія ""ОПОЗИЦІЙНА ПЛАТФОРМА - ЗА ЖИТТЯ""",26,"освіта вища, тимчасово не працює, член Політичної партії ""ОПОЗИЦІЙНА ПЛАТФОРМА – ЗА ЖИТТЯ"", судимість відсутня, включена до виборчого списку під № 26.",http://itd.rada.gov.ua/mps/info/page/13764,http://static.rada.gov.ua/dep_img9/op26.jpg,op26,2,29.10.1981,Вища,,,тимчасово не працює,тимчасово не працює,ні,так,
8314,351,mp-op27_skl9,9,Чорний Віктор Іванович,Віктор,Іванович,Чорний,В.І.,,29.08.2019,,"Багатомандатний загальнодержавний виборчий округ, Політична партія ""ОПОЗИЦІЙНА ПЛАТФОРМА - ЗА ЖИТТЯ"" /№ у списку - 27/",,,0,,"Політична партія ""ОПОЗИЦІЙНА ПЛАТФОРМА - ЗА ЖИТТЯ""",227,"Політична партія ""ОПОЗИЦІЙНА ПЛАТФОРМА - ЗА ЖИТТЯ""",27,"освіта вища, директор, ТОВ ""Детективна охоронна компанія ""Шторм"", член Політичної партії ""ОПОЗИЦІЙНА ПЛАТФОРМА – ЗА ЖИТТЯ"", судимість відсутня, включений до виборчого списку під № 27.",http://itd.rada.gov.ua/mps/info/page/8314,http://static.rada.gov.ua/dep_img9/op27.jpg,op27,1,06.04.1968,Вища,,,директор,"ТОВ ""Детективна охоронна компанія ""Шторм""",ні,так,
8731,352,mp-op28_skl9,9,Борт Віталій Петрович,Віталій,Петрович,Борт,В.П.,,29.08.2019,,"Багатомандатний загальнодержавний виборчий округ, Політична партія ""ОПОЗИЦІЙНА ПЛАТФОРМА - ЗА ЖИТТЯ"" /№ у списку - 28/",,,0,,"Політична партія ""ОПОЗИЦІЙНА ПЛАТФОРМА - ЗА ЖИТТЯ""",227,"Політична партія ""ОПОЗИЦІЙНА ПЛАТФОРМА - ЗА ЖИТТЯ""",28,"освіта вища, заступник директора з економіки, ТОВ ""ДС ПРОМ ГРУП"", член Політичної партії ""ОПОЗИЦІЙНА ПЛАТФОРМА – ЗА ЖИТТЯ"", судимість відсутня, включений до виборчого списку під № 28.",http://itd.rada.gov.ua/mps/info/page/8731,http://static.rada.gov.ua/dep_img9/op28.jpg,op28,1,01.09.1972,Вища,,,заступник директора з економіки,"ТОВ ""ДС ПРОМ ГРУП""",ні,ні,
21199,353,mp-op29_skl9,9,Макаренко Михайло Васильович,Михайло,Васильович,Макаренко,М.В.,,29.08.2019,,"Багатомандатний загальнодержавний виборчий округ, Політична партія ""ОПОЗИЦІЙНА ПЛАТФОРМА - ЗА ЖИТТЯ"" /№ у списку - 29/",,,0,,"Політична партія ""ОПОЗИЦІЙНА ПЛАТФОРМА - ЗА ЖИТТЯ""",227,"Політична партія ""ОПОЗИЦІЙНА ПЛАТФОРМА - ЗА ЖИТТЯ""",29,"освіта вища, завідувач кафедри акушерства і гінекології, Національний медичний університет ім. О.О. Богомольця, член Політичної партії ""ОПОЗИЦІЙНА ПЛАТФОРМА – ЗА ЖИТТЯ"", судимість відсутня, включений до виборчого списку під № 29.",http://itd.rada.gov.ua/mps/info/page/21199,http://static.rada.gov.ua/dep_img9/op29.jpg,op29,1,09.04.1950,Вища,Національний медичний університет ім. О.О. Богомольця,завідувач кафедри акушерства і гінекології,,"завідувач кафедри акушерства і гінекології, Національний медичний університет ім. О.О. Богомольця",ні,так,
21013,354,mp-op30_skl9,9,Волошин Олег Анатолійович,Олег,Анатолійович,Волошин,О.А.,,29.08.2019,24.02.2023,"Багатомандатний загальнодержавний виборчий округ, Політична партія ""ОПОЗИЦІЙНА ПЛАТФОРМА - ЗА ЖИТТЯ"" /№ у списку - 30/",,,0,,"Політична партія ""ОПОЗИЦІЙНА ПЛАТФОРМА - ЗА ЖИТТЯ""",227,"Політична партія ""ОПОЗИЦІЙНА ПЛАТФОРМА - ЗА ЖИТТЯ""",30,"освіта вища, начальник служби міжнародного співробітництва, ТОВ ТРК ""112-TV"", член Політичної партії ""ОПОЗИЦІЙНА ПЛАТФОРМА – ЗА ЖИТТЯ"", судимість відсутня, включений до виборчого списку під № 30.",http://itd.rada.gov.ua/mps/info/page/21013,http://static.rada.gov.ua/dep_img9/op30.jpg,op30,1,07.04.1981,Вища,,,начальник служби міжнародного співробітництва,"ТОВ ТРК ""112-TV""",ні,так,НДУ Особиста письмова заява про складення повноважень
17473,355,mp-op31_skl9,9,Плачкова Тетяна Михайлівна,Тетяна,Михайлівна,Плачкова,Т.М.,,29.08.2019,14.07.2023,"Багатомандатний загальнодержавний виборчий округ, Політична партія ""ОПОЗИЦІЙНА ПЛАТФОРМА - ЗА ЖИТТЯ"" /№ у списку - 31/",,,0,,"Політична партія ""ОПОЗИЦІЙНА ПЛАТФОРМА - ЗА ЖИТТЯ""",227,"Політична партія ""ОПОЗИЦІЙНА ПЛАТФОРМА - ЗА ЖИТТЯ""",31,"освіта вища, адвокат, член Політичної партії ""ОПОЗИЦІЙНА ПЛАТФОРМА – ЗА ЖИТТЯ"", судимість відсутня, включена до виборчого списку під № 31.",http://itd.rada.gov.ua/mps/info/page/17473,http://static.rada.gov.ua/dep_img9/op31.jpg,op31,2,05.01.1983,Вища,,,адвокат,адвокат,ні,так,НДУ Особиста письмова заява про складення повноважень
21277,356,mp-op32_skl9,9,Пузанов Олександр Геннадійович,Олександр,Геннадійович,Пузанов,О.Г.,,29.08.2019,,"Багатомандатний загальнодержавний виборчий округ, Політична партія ""ОПОЗИЦІЙНА ПЛАТФОРМА - ЗА ЖИТТЯ"" /№ у списку - 32/",,,0,,"Політична партія ""ОПОЗИЦІЙНА ПЛАТФОРМА - ЗА ЖИТТЯ""",227,"Політична партія ""ОПОЗИЦІЙНА ПЛАТФОРМА - ЗА ЖИТТЯ""",32,"освіта вища, радник голови правління, ПАТ ""Страхова компанія ""Українська страхова група"", член Політичної партії ""ОПОЗИЦІЙНА ПЛАТФОРМА – ЗА ЖИТТЯ"", судимість відсутня, включений до виборчого списку під № 32.",http://itd.rada.gov.ua/mps/info/page/21277,http://static.rada.gov.ua/dep_img9/op32.jpg,op32,1,26.02.1977,Вища,,,радник голови правління,"ПАТ ""Страхова компанія ""Українська страхова група""",ні,так,
21217,357,mp-op33_skl9,9,Мамоян Суто Чолоєвич,Суто,Чолоєвич,Мамоян,С.Ч.,,29.08.2019,,"Багатомандатний загальнодержавний виборчий округ, Політична партія ""ОПОЗИЦІЙНА ПЛАТФОРМА - ЗА ЖИТТЯ"" /№ у списку - 33/",,,0,,"Політична партія ""ОПОЗИЦІЙНА ПЛАТФОРМА - ЗА ЖИТТЯ""",227,"Політична партія ""ОПОЗИЦІЙНА ПЛАТФОРМА - ЗА ЖИТТЯ""",33,"освіта загальна середня, заступник директора, ТОВ ""М'яспром"", член Політичної партії ""ОПОЗИЦІЙНА ПЛАТФОРМА – ЗА ЖИТТЯ"", судимість відсутня, включений до виборчого списку під № 33.",http://itd.rada.gov.ua/mps/info/page/21217,http://static.rada.gov.ua/dep_img9/op33.jpg,op33,1,02.12.1981,Загальна середня,,,заступник директора,"ТОВ ""М'яспром""",ні,так,
21128,358,mp-op34_skl9,9,Кива Ілля Володимирович,Ілля,Володимирович,Кива,І.В.,,29.08.2019,15.03.2022,"Багатомандатний загальнодержавний виборчий округ, Політична партія ""ОПОЗИЦІЙНА ПЛАТФОРМА - ЗА ЖИТТЯ"" /№ у списку - 34/",,,0,,"Політична партія ""ОПОЗИЦІЙНА ПЛАТФОРМА - ЗА ЖИТТЯ""",227,"Політична партія ""ОПОЗИЦІЙНА ПЛАТФОРМА - ЗА ЖИТТЯ""",34,"освіта вища, голова, Всеукраїнська профспілка МВС України, член Політичної партії ""ОПОЗИЦІЙНА ПЛАТФОРМА – ЗА ЖИТТЯ"", судимість відсутня, включений до виборчого списку під № 34.",http://itd.rada.gov.ua/mps/info/page/21128,http://static.rada.gov.ua/dep_img9/op34.jpg,op34,1,02.06.1977,Вища,,,голова,Всеукраїнська профспілка МВС України,ні,так,НДУ Особиста письмова заява про складення повноважень
21170,359,mp-op35_skl9,9,Кузьмін Ренат Равелійович,Ренат,Равелійович,Кузьмін,Р.Р.,,29.08.2019,13.01.2023,"Багатомандатний загальнодержавний виборчий округ, Політична партія ""ОПОЗИЦІЙНА ПЛАТФОРМА - ЗА ЖИТТЯ"" /№ у списку - 35/",,,0,,"Політична партія ""ОПОЗИЦІЙНА ПЛАТФОРМА - ЗА ЖИТТЯ""",227,"Політична партія ""ОПОЗИЦІЙНА ПЛАТФОРМА - ЗА ЖИТТЯ""",35,"освіта вища, адвокат, член Політичної партії ""ОПОЗИЦІЙНА ПЛАТФОРМА – ЗА ЖИТТЯ"", судимість відсутня, включений до виборчого списку під № 35.",http://itd.rada.gov.ua/mps/info/page/21170,http://static.rada.gov.ua/dep_img9/op35.jpg,op35,1,12.07.1967,Вища,,,адвокат,адвокат,ні,так,НДУ п.4 частини 2 ст. 81 Конституції України
17457,360,mp-op36_skl9,9,Качний Олександр Сталіноленович,Олександр,Сталіноленович,Качний,О.С.,,29.08.2019,,"Багатомандатний загальнодержавний виборчий округ, Політична партія ""ОПОЗИЦІЙНА ПЛАТФОРМА - ЗА ЖИТТЯ"" /№ у списку - 36/",,,0,,"Політична партія ""ОПОЗИЦІЙНА ПЛАТФОРМА - ЗА ЖИТТЯ""",227,"Політична партія ""ОПОЗИЦІЙНА ПЛАТФОРМА - ЗА ЖИТТЯ""",36,"освіта вища, професор кафедри публічного адміністрування, ПрАТ ВНЗ ""Міжрегіональна академія управління персоналом"", член Політичної партії ""ОПОЗИЦІЙНА ПЛАТФОРМА – ЗА ЖИТТЯ"", судимість відсутня, включений до виборчого списку під № 36.",http://itd.rada.gov.ua/mps/info/page/17457,http://static.rada.gov.ua/dep_img9/op36.jpg,op36,1,23.10.1968,Вища,"ПрАТ ВНЗ ""Міжрегіональна академія управління персоналом""",професор кафедри публічного адміністрування,,"професор кафедри публічного адміністрування, ПрАТ ВНЗ ""Міжрегіональна академія управління персоналом""",ні,так,
21148,361,mp-op37_skl9,9,Славицька Антоніна Керимівна,Антоніна,Керимівна,Славицька,А.К.,,29.08.2019,,"Багатомандатний загальнодержавний виборчий округ, Політична партія ""ОПОЗИЦІЙНА ПЛАТФОРМА - ЗА ЖИТТЯ"" /№ у списку - 37/",,,0,,"Політична партія ""ОПОЗИЦІЙНА ПЛАТФОРМА - ЗА ЖИТТЯ""",227,"Політична партія ""ОПОЗИЦІЙНА ПЛАТФОРМА - ЗА ЖИТТЯ""",37,"освіта вища, керівник, адвокатське бюро ""Славицька і партнери"", член Політичної партії ""ОПОЗИЦІЙНА ПЛАТФОРМА – ЗА ЖИТТЯ"", судимість відсутня, включена до виборчого списку під № 37.",http://itd.rada.gov.ua/mps/info/page/21148,http://static.rada.gov.ua/dep_img9/op37.jpg,op37,2,30.04.1988,Вища,,,керівник,"адвокатське бюро ""Славицька і партнери""",ні,так,
1792,362,mp-but1_skl9,9,Тимошенко Юлія Володимирівна,Юлія,Володимирівна,Тимошенко,Ю.В.,,29.08.2019,,"Багатомандатний загальнодержавний виборчий округ, політична партія Всеукраїнське об'єднання ""Батьківщина"" /№ у списку - 1/",,,0,,"політична партія Всеукраїнське об'єднання ""Батьківщина""",17,"Політична партія Всеукраїнське об'єднання ""Батьківщина""",1,"освіта вища, народний депутат України, член політичної партії Всеукраїнське об'єднання ""Батьківщина"", судимість відсутня, включена до виборчого списку під № 1.",http://itd.rada.gov.ua/mps/info/page/1792,http://static.rada.gov.ua/dep_img9/but1.jpg,but1,2,27.11.1960,Вища,,,народний депутат України,народний депутат України,так,ні,
18140,363,mp-but2_skl9,9,Тарута Сергій Олексійович,Сергій,Олексійович,Тарута,С.О.,,29.08.2019,,"Багатомандатний загальнодержавний виборчий округ, політична партія Всеукраїнське об'єднання ""Батьківщина"" /№ у списку - 2/",,,0,,"політична партія Всеукраїнське об'єднання ""Батьківщина""",50,Безпартійний,2,"освіта вища, народний депутат України, безпартійний, судимість відсутня, включений до виборчого списку під № 2.",http://itd.rada.gov.ua/mps/info/page/18140,http://static.rada.gov.ua/dep_img9/but2.jpg,but2,1,23.07.1955,Вища,,,народний депутат України,народний депутат України,так,ні,
15666,364,mp-but3_skl9,9,Наливайченко Валентин Олександрович,Валентин,Олександрович,Наливайченко,В.О.,,29.08.2019,,"Багатомандатний загальнодержавний виборчий округ, політична партія Всеукраїнське об'єднання ""Батьківщина"" /№ у списку - 3/",,,0,,"політична партія Всеукраїнське об'єднання ""Батьківщина""",50,Безпартійний,3,"освіта вища, радник, ТОВ ""ПАЛ"", безпартійний, судимість відсутня, включений до виборчого списку під № 3.",http://itd.rada.gov.ua/mps/info/page/15666,http://static.rada.gov.ua/dep_img9/but3.jpg,but3,1,08.06.1966,Вища,,,радник,"ТОВ ""ПАЛ""",ні,ні,
386,365,mp-but4_skl9,9,Соболєв Сергій Владиславович,Сергій,Владиславович,Соболєв,С.В.,,29.08.2019,,"Багатомандатний загальнодержавний виборчий округ, політична партія Всеукраїнське об'єднання ""Батьківщина"" /№ у списку - 4/",,,0,,"політична партія Всеукраїнське об'єднання ""Батьківщина""",17,"Політична партія Всеукраїнське об'єднання ""Батьківщина""",4,"освіта вища, народний депутат України, член політичної партії Всеукраїнське об'єднання ""Батьківщина"", судимість відсутня, включений до виборчого списку під № 4.",http://itd.rada.gov.ua/mps/info/page/386,http://static.rada.gov.ua/dep_img9/but4.jpg,but4,1,05.09.1961,Вища,,,народний депутат України,народний депутат України,так,ні,
11166,366,mp-but5_skl9,9,Кондратюк Олена Костянтинівна,Олена,Костянтинівна,Кондратюк,О.К.,,29.08.2019,,"Багатомандатний загальнодержавний виборчий округ, політична партія Всеукраїнське об'єднання ""Батьківщина"" /№ у списку - 5/",,,0,,"політична партія Всеукраїнське об'єднання ""Батьківщина""",17,"Політична партія Всеукраїнське об'єднання ""Батьківщина""",5,"освіта вища, народний депутат України, член політичної партії Всеукраїнське об'єднання ""Батьківщина"", судимість відсутня, включена до виборчого списку під № 5.",http://itd.rada.gov.ua/mps/info/page/11166,http://static.rada.gov.ua/dep_img9/but5.jpg,but5,2,17.11.1970,Вища,,,народний депутат України,народний депутат України,так,ні,
1351,367,mp-but6_skl9,9,Кириленко Іван Григорович,Іван,Григорович,Кириленко,І.Г.,,29.08.2019,,"Багатомандатний загальнодержавний виборчий округ, політична партія Всеукраїнське об'єднання ""Батьківщина"" /№ у списку - 6/",,,0,,"політична партія Всеукраїнське об'єднання ""Батьківщина""",17,"Політична партія Всеукраїнське об'єднання ""Батьківщина""",6,"освіта вища, народний депутат України, член політичної партії Всеукраїнське об'єднання ""Батьківщина"", судимість відсутня, включений до виборчого списку під № 6.",http://itd.rada.gov.ua/mps/info/page/1351,http://static.rada.gov.ua/dep_img9/but6.jpg,but6,1,02.10.1956,Вища,,,народний депутат України,народний депутат України,так,ні,
8786,368,mp-but7_skl9,9,Кожем'якін Андрій Анатолійович,Андрій,Анатолійович,Кожем'якін,А.А.,,29.08.2019,,"Багатомандатний загальнодержавний виборчий округ, політична партія Всеукраїнське об'єднання ""Батьківщина"" /№ у списку - 7/",,,0,,"політична партія Всеукраїнське об'єднання ""Батьківщина""",17,"Політична партія Всеукраїнське об'єднання ""Батьківщина""",7,"освіта вища, народний депутат України, член політичної партії Всеукраїнське об'єднання ""Батьківщина"", судимість відсутня, включений до виборчого списку під № 7.",http://itd.rada.gov.ua/mps/info/page/8786,http://static.rada.gov.ua/dep_img9/but7.jpg,but7,1,13.11.1965,Вища,,,народний депутат України,народний депутат України,так,ні,
8830,369,mp-but8_skl9,9,Немиря Григорій Михайлович,Григорій,Михайлович,Немиря,Г.М.,,29.08.2019,,"Багатомандатний загальнодержавний виборчий округ, політична партія Всеукраїнське об'єднання ""Батьківщина"" /№ у списку - 8/",,,0,,"політична партія Всеукраїнське об'єднання ""Батьківщина""",17,"Політична партія Всеукраїнське об'єднання ""Батьківщина""",8,"освіта вища, народний депутат України, член політичної партії Всеукраїнське об'єднання ""Батьківщина"", судимість відсутня, включений до виборчого списку під № 8.",http://itd.rada.gov.ua/mps/info/page/8830,http://static.rada.gov.ua/dep_img9/but8.jpg,but8,1,05.04.1960,Вища,,,народний депутат України,народний депутат України,так,ні,
12265,370,mp-but9_skl9,9,Власенко Сергій Володимирович,Сергій,Володимирович,Власенко,С.В.,,29.08.2019,,"Багатомандатний загальнодержавний виборчий округ, політична партія Всеукраїнське об'єднання ""Батьківщина"" /№ у списку - 9/",,,0,,"політична партія Всеукраїнське об'єднання ""Батьківщина""",17,"Політична партія Всеукраїнське об'єднання ""Батьківщина""",9,"освіта вища, народний депутат України, член політичної партії Всеукраїнське об'єднання ""Батьківщина"", судимість відсутня, включений до виборчого списку під № 9.",http://itd.rada.gov.ua/mps/info/page/12265,http://static.rada.gov.ua/dep_img9/but9.jpg,but9,1,07.03.1967,Вища,,,народний депутат України,народний депутат України,так,ні,
12272,371,mp-but10_skl9,9,Дубіль Валерій Олександрович,Валерій,Олександрович,Дубіль,В.О.,,29.08.2019,,"Багатомандатний загальнодержавний виборчий округ, політична партія Всеукраїнське об'єднання ""Батьківщина"" /№ у списку - 10/",,,0,,"політична партія Всеукраїнське об'єднання ""Батьківщина""",17,"Політична партія Всеукраїнське об'єднання ""Батьківщина""",10,"освіта вища, народний депутат України, член політичної партії Всеукраїнське об'єднання ""Батьківщина"", судимість відсутня, включений до виборчого списку під № 10.",http://itd.rada.gov.ua/mps/info/page/12272,http://static.rada.gov.ua/dep_img9/but10.jpg,but10,1,26.09.1973,Вища,,,народний депутат України,народний депутат України,так,ні,
2524,372,mp-but11_skl9,9,Абдуллін Олександр Рафкатович,Олександр,Рафкатович,Абдуллін,О.Р.,,29.08.2019,,"Багатомандатний загальнодержавний виборчий округ, політична партія Всеукраїнське об'єднання ""Батьківщина"" /№ у списку - 11/",,,0,,"політична партія Всеукраїнське об'єднання ""Батьківщина""",17,"Політична партія Всеукраїнське об'єднання ""Батьківщина""",11,"освіта вища, народний депутат України, член політичної партії Всеукраїнське об'єднання ""Батьківщина"", судимість відсутня, включений до виборчого списку під № 11.",http://itd.rada.gov.ua/mps/info/page/2524,http://static.rada.gov.ua/dep_img9/but11.jpg,but11,1,29.06.1962,Вища,,,народний депутат України,народний депутат України,так,ні,
6073,373,mp-but12_skl9,9,Крулько Іван Іванович,Іван,Іванович,Крулько,І.І.,,29.08.2019,,"Багатомандатний загальнодержавний виборчий округ, політична партія Всеукраїнське об'єднання ""Батьківщина"" /№ у списку - 12/",,,0,,"політична партія Всеукраїнське об'єднання ""Батьківщина""",17,"Політична партія Всеукраїнське об'єднання ""Батьківщина""",12,"освіта вища, народний депутат України, член політичної партії Всеукраїнське об'єднання ""Батьківщина"", судимість відсутня, включений до виборчого списку під № 12.",http://itd.rada.gov.ua/mps/info/page/6073,http://static.rada.gov.ua/dep_img9/but12.jpg,but12,1,20.07.1981,Вища,,,народний депутат України,народний депутат України,так,ні,
8806,374,mp-but13_skl9,9,Лабунська Анжеліка Вікторівна,Анжеліка,Вікторівна,Лабунська,А.В.,,29.08.2019,,"Багатомандатний загальнодержавний виборчий округ, політична партія Всеукраїнське об'єднання ""Батьківщина"" /№ у списку - 13/",,,0,,"політична партія Всеукраїнське об'єднання ""Батьківщина""",17,"Політична партія Всеукраїнське об'єднання ""Батьківщина""",13,"освіта вища, фізична особа – підприємець, адвокат, член політичної партії Всеукраїнське об'єднання ""Батьківщина"", судимість відсутня, включена до виборчого списку під № 13.",http://itd.rada.gov.ua/mps/info/page/8806,http://static.rada.gov.ua/dep_img9/but13.jpg,but13,2,02.11.1967,Вища,,,фізична особа – підприємець,адвокат,ні,ні,
11153,375,mp-but14_skl9,9,Бондарєв Костянтин Анатолійович,Костянтин,Анатолійович,Бондарєв,К.А.,,29.08.2019,,"Багатомандатний загальнодержавний виборчий округ, політична партія Всеукраїнське об'єднання ""Батьківщина"" /№ у списку - 14/",,,0,,"політична партія Всеукраїнське об'єднання ""Батьківщина""",17,"Політична партія Всеукраїнське об'єднання ""Батьківщина""",14,"освіта вища, фізична особа – підприємець, член політичної партії Всеукраїнське об'єднання ""Батьківщина"", судимість відсутня, включений до виборчого списку під № 14.",http://itd.rada.gov.ua/mps/info/page/11153,http://static.rada.gov.ua/dep_img9/but14.jpg,but14,1,13.09.1972,Вища,,,фізична особа – підприємець,фізична особа – підприємець,ні,ні,
21077,376,mp-but15_skl9,9,Цимбалюк Михайло Михайлович,Михайло,Михайлович,Цимбалюк,М.М.,,29.08.2019,,"Багатомандатний загальнодержавний виборчий округ, політична партія Всеукраїнське об'єднання ""Батьківщина"" /№ у списку - 15/",,,0,,"політична партія Всеукраїнське об'єднання ""Батьківщина""",17,"Політична партія Всеукраїнське об'єднання ""Батьківщина""",15,"освіта вища, пенсіонер, член політичної партії Всеукраїнське об'єднання ""Батьківщина"", судимість відсутня, включений до виборчого списку під № 15.",http://itd.rada.gov.ua/mps/info/page/21077,http://static.rada.gov.ua/dep_img9/but15.jpg,but15,1,21.11.1964,Вища,,,пенсіонер,пенсіонер,ні,так,
11147,377,mp-but16_skl9,9,Данілов Віталій Богданович,Віталій,Богданович,Данілов,В.Б.,,29.08.2019,08.12.2023,"Багатомандатний загальнодержавний виборчий округ, політична партія Всеукраїнське об'єднання ""Батьківщина"" /№ у списку - 16/",,,0,,"політична партія Всеукраїнське об'єднання ""Батьківщина""",17,"Політична партія Всеукраїнське об'єднання ""Батьківщина""",16,"освіта вища, консультант підприємства, ТОВ ""Інвестор-Атіка"", член політичної партії Всеукраїнське об'єднання ""Батьківщина"", судимість відсутня, включений до виборчого списку під № 16.",http://itd.rada.gov.ua/mps/info/page/11147,http://static.rada.gov.ua/dep_img9/but16.jpg,but16,1,10.06.1967,Вища,,,консультант підприємства,"ТОВ ""Інвестор-Атіка""",ні,ні,НДУ Особиста письмова заява про складення повноважень
15684,378,mp-but17_skl9,9,Бєлькова Ольга Валентинівна,Ольга,Валентинівна,Бєлькова,О.В.,,29.08.2019,18.06.2020,"Багатомандатний загальнодержавний виборчий округ, політична партія Всеукраїнське об'єднання ""Батьківщина"" /№ у списку - 17/",,,0,,"політична партія Всеукраїнське об'єднання ""Батьківщина""",50,Безпартійний,17,"освіта вища, народний депутат України, безпартійнa, судимість відсутня, включена до виборчого списку під № 17.",http://itd.rada.gov.ua/mps/info/page/15684,http://static.rada.gov.ua/dep_img9/but17.jpg,but17,2,16.06.1975,Вища,,,народний депутат України,народний депутат України,так,ні,НДУ Особиста письмова заява про складення повноважень
2287,379,mp-but18_skl9,9,Кучеренко Олексій Юрійович,Олексій,Юрійович,Кучеренко,О.Ю.,,29.08.2019,,"Багатомандатний загальнодержавний виборчий округ, політична партія Всеукраїнське об'єднання ""Батьківщина"" /№ у списку - 18/",,,0,,"політична партія Всеукраїнське об'єднання ""Батьківщина""",50,Безпартійний,18,"освіта вища, голова, Всеукраїнська громадська організація ""Спілка власників житла України"", фізична особа – підприємець, безпартійний, судимість відсутня, включений до виборчого списку під № 18.",http://itd.rada.gov.ua/mps/info/page/2287,http://static.rada.gov.ua/dep_img9/but18.jpg,but18,1,03.04.1961,Вища,,,голова,"Всеукраїнська громадська організація ""Спілка власників житла України"", фізична особа – підприємець",ні,ні,
21262,380,mp-but19_skl9,9,Ніколаєнко Андрій Іванович,Андрій,Іванович,Ніколаєнко,А.І.,,29.08.2019,,"Багатомандатний загальнодержавний виборчий округ, політична партія Всеукраїнське об'єднання ""Батьківщина"" /№ у списку - 19/",,,0,,"політична партія Всеукраїнське об'єднання ""Батьківщина""",50,Безпартійний,19,"освіта вища, Голова ради директорів, ТОВ ВКФ ""Велта"", безпартійний, судимість відсутня, включений до виборчого списку під № 19.",http://itd.rada.gov.ua/mps/info/page/21262,http://static.rada.gov.ua/dep_img9/but19.jpg,but19,1,23.06.1979,Вища,,,Голова ради директорів,"ТОВ ВКФ ""Велта""",ні,так,
5417,381,mp-but20_skl9,9,Волинець Михайло Якович,Михайло,Якович,Волинець,М.Я.,,29.08.2019,,"Багатомандатний загальнодержавний виборчий округ, політична партія Всеукраїнське об'єднання ""Батьківщина"" /№ у списку - 20/",,,0,,"політична партія Всеукраїнське об'єднання ""Батьківщина""",50,Безпартійний,20,"освіта вища, голова, Конфедерація вільних профспілок України, голова, Незалежна профспілка гірників України, безпартійний, судимість відсутня, включений до виборчого списку під № 20.",http://itd.rada.gov.ua/mps/info/page/5417,http://static.rada.gov.ua/dep_img9/but20.jpg,but20,1,30.10.1956,Вища,,,голова,"Конфедерація вільних профспілок України, голова, Незалежна профспілка гірників України",ні,ні,
21278,382,mp-but21_skl9,9,Пузійчук Андрій Вікторович,Андрій,Вікторович,Пузійчук,А.В.,,29.08.2019,,"Багатомандатний загальнодержавний виборчий округ, політична партія Всеукраїнське об'єднання ""Батьківщина"" /№ у списку - 21/",,,0,,"політична партія Всеукраїнське об'єднання ""Батьківщина""",17,"Політична партія Всеукраїнське об'єднання ""Батьківщина""",21,"освіта вища, заступник генерального директора, ТОВ ""Домобудівельна компанія ""Фундамент"", член політичної партії Всеукраїнське об'єднання ""Батьківщина"", судимість відсутня, включений до виборчого списку під № 21.",http://itd.rada.gov.ua/mps/info/page/21278,http://static.rada.gov.ua/dep_img9/but21.jpg,but21,1,13.06.1978,Вища,,,заступник генерального директора,"ТОВ ""Домобудівельна компанія ""Фундамент""",ні,так,
16532,383,mp-but22_skl9,9,Шкрум Альона Іванівна,Альона,Іванівна,Шкрум,А.І.,,29.08.2019,03.12.2024,"Багатомандатний загальнодержавний виборчий округ, політична партія Всеукраїнське об'єднання ""Батьківщина"" /№ у списку - 22/",,,0,,"політична партія Всеукраїнське об'єднання ""Батьківщина""",17,"Політична партія Всеукраїнське об'єднання ""Батьківщина""",22,"освіта вища, народний депутат України, член політичної партії Всеукраїнське об'єднання ""Батьківщина"", судимість відсутня, включена до виборчого списку під № 22.",http://itd.rada.gov.ua/mps/info/page/16532,http://static.rada.gov.ua/dep_img9/but22.jpg,but22,2,02.01.1988,Вища,,,народний депутат України,народний депутат України,так,ні,НДУ Особиста письмова заява про складення повноважень
21117,384,mp-but23_skl9,9,Кабаченко Володимир Вікторович,Володимир,Вікторович,Кабаченко,В.В.,,29.08.2019,,"Багатомандатний загальнодержавний виборчий округ, політична партія Всеукраїнське об'єднання ""Батьківщина"" /№ у списку - 23/",,,0,,"політична партія Всеукраїнське об'єднання ""Батьківщина""",50,Безпартійний,23,"освіта вища, фізична особа – підприємець, безпартійний, судимість відсутня, включений до виборчого списку під № 23.",http://itd.rada.gov.ua/mps/info/page/21117,http://static.rada.gov.ua/dep_img9/but23.jpg,but23,1,01.07.1987,Вища,,,фізична особа – підприємець,фізична особа – підприємець,ні,так,
18055,385,mp-but24_skl9,9,Івченко Вадим Євгенович,Вадим,Євгенович,Івченко,В.Є.,,29.08.2019,,"Багатомандатний загальнодержавний виборчий округ, політична партія Всеукраїнське об'єднання ""Батьківщина"" /№ у списку - 24/",,,0,,"політична партія Всеукраїнське об'єднання ""Батьківщина""",50,Безпартійний,24,"освіта вища, народний депутат України, безпартійний, судимість відсутня, включений до виборчого списку під № 24.",http://itd.rada.gov.ua/mps/info/page/18055,http://static.rada.gov.ua/dep_img9/but24.jpg,but24,1,29.01.1980,Вища,,,народний депутат України,народний депутат України,так,ні,
2273,386,mp-es1_skl9,9,Порошенко Петро Олексійович,Петро,Олексійович,Порошенко,П.О.,,29.08.2019,,"Багатомандатний загальнодержавний виборчий округ, Політична партія ""Європейська Солідарність"" /№ у списку - 1/",,,0,,"Політична партія ""Європейська Солідарність""",228,"Політична партія ""Європейська Солідарність""",1,"освіта вища, Голова Центральної ради Партії (Голова Партії), Політична партія ""Європейська Солідарність"", член Політичної партії ""Європейська Солідарність"", судимість відсутня, включений до виборчого списку під № 1.",http://itd.rada.gov.ua/mps/info/page/2273,http://static.rada.gov.ua/dep_img9/es1.jpg,es1,1,26.09.1965,Вища,,,Голова Центральної ради Партії (Голова Партії),"Політична партія ""Європейська Солідарність""",ні,ні,
11584,387,mp-es2_skl9,9,Парубій Андрій Володимирович,Андрій,Володимирович,Парубій,А.В.,,29.08.2019,30.08.2025,"Багатомандатний загальнодержавний виборчий округ, Політична партія ""Європейська Солідарність"" /№ у списку - 2/",,,0,,"Політична партія ""Європейська Солідарність""",50,Безпартійний,2,"освіта вища, народний депутат України, безпартійний, судимість відсутня, включений до виборчого списку під № 2.",http://itd.rada.gov.ua/mps/info/page/11584,http://static.rada.gov.ua/dep_img9/es2.jpg,es2,1,31.01.1971,Вища,,,народний депутат України,народний депутат України,так,ні,НДУ Смерть
11121,388,mp-es3_skl9,9,Геращенко Ірина Володимирівна,Ірина,Володимирівна,Геращенко,І.В.,,29.08.2019,,"Багатомандатний загальнодержавний виборчий округ, Політична партія ""Європейська Солідарність"" /№ у списку - 3/",,,0,,"Політична партія ""Європейська Солідарність""",228,"Політична партія ""Європейська Солідарність""",3,"освіта вища, народний депутат України, член Політичної партії ""Європейська Солідарність"", судимість відсутня, включена до виборчого списку під № 3.",http://itd.rada.gov.ua/mps/info/page/11121,http://static.rada.gov.ua/dep_img9/es3.jpg,es3,2,15.05.1971,Вища,,,народний депутат України,народний депутат України,так,ні,
21046,389,mp-es4_skl9,9,Забродський Михайло Віталійович,Михайло,Віталійович,Забродський,М.В.,,29.08.2019,20.03.2023,"Багатомандатний загальнодержавний виборчий округ, Політична партія ""Європейська Солідарність"" /№ у списку - 4/",,,0,,"Політична партія ""Європейська Солідарність""",50,Безпартійний,4,"освіта вища, командувач, десантно-штурмові війська Збройних Сил України, безпартійний, судимість відсутня, включений до виборчого списку під № 4.",http://itd.rada.gov.ua/mps/info/page/21046,http://static.rada.gov.ua/dep_img9/es4.jpg,es4,1,24.01.1973,Вища,,,командувач,десантно-штурмові війська Збройних Сил України,ні,так,НДУ Особиста письмова заява про складення повноважень
21079,390,mp-es5_skl9,9,Федина Софія Романівна,Софія,Романівна,Федина,С.Р.,,29.08.2019,,"Багатомандатний загальнодержавний виборчий округ, Політична партія ""Європейська Солідарність"" /№ у списку - 5/",,,0,,"Політична партія ""Європейська Солідарність""",228,"Політична партія ""Європейська Солідарність""",5,"освіта вища, доцент кафедри міжнародних відносин і дипломатичної служби, Львівський національний університет імені Івана Франка, член Політичної партії ""Європейська Солідарність"", судимість відсутня, включена до виборчого списку під № 5.",http://itd.rada.gov.ua/mps/info/page/21079,http://static.rada.gov.ua/dep_img9/es5.jpg,es5,2,18.02.1984,Вища,Львівський національний університет імені Івана Франка,доцент кафедри міжнародних відносин і дипломатичної служби,,"доцент кафедри міжнародних відносин і дипломатичної служби, Львівський національний університет імені Івана Франка",ні,так,
2394,391,mp-es6_skl9,9,Джемілєв Мустафа,Мустафа,,Джемілєв,М.,,29.08.2019,,"Багатомандатний загальнодержавний виборчий округ, Політична партія ""Європейська Солідарність"" /№ у списку - 6/",,,0,,"Політична партія ""Європейська Солідарність""",50,Безпартійний,6,"освіта вища, народний депутат України, безпартійний, судимість відсутня, включений до виборчого списку під № 6.",http://itd.rada.gov.ua/mps/info/page/2394,http://static.rada.gov.ua/dep_img9/es6.jpg,es6,1,13.11.1943,Вища,,,народний депутат України,народний депутат України,так,ні,
21106,392,mp-es7_skl9,9,Зінкевич Яна Вадимівна,Яна,Вадимівна,Зінкевич,Я.В.,,29.08.2019,,"Багатомандатний загальнодержавний виборчий округ, Політична партія ""Європейська Солідарність"" /№ у списку - 7/",,,0,,"Політична партія ""Європейська Солідарність""",50,Безпартійний,7,"освіта загальна середня (на цей час - освіта вища), директор, комунальне підприємство ""Госпітальєри Дніпра"" Дніпровської міської ради, безпартійнa, судимість відсутня, включена до виборчого списку під № 7.",http://itd.rada.gov.ua/mps/info/page/21106,http://static.rada.gov.ua/dep_img9/es7.jpg,es7,2,02.07.1995,Загальна середня (на цей час - освіта вища),,,директор,"комунальне підприємство ""Госпітальєри Дніпра"" Дніпровської міської ради",ні,так,
21071,393,mp-es8_skl9,9,Чийгоз Ахтем Зейтуллайович,Ахтем,Зейтуллайович,Чийгоз,А.З.,,29.08.2019,,"Багатомандатний загальнодержавний виборчий округ, Політична партія ""Європейська Солідарність"" /№ у списку - 8/",,,0,,"Політична партія ""Європейська Солідарність""",50,Безпартійний,8,"освіта загальна середня, тимчасово не працює, безпартійний, судимість відсутня, включений до виборчого списку під № 8.",http://itd.rada.gov.ua/mps/info/page/21071,http://static.rada.gov.ua/dep_img9/es8.jpg,es8,1,14.12.1964,Загальна середня,,,тимчасово не працює,тимчасово не працює,ні,так,
21145,394,mp-es9_skl9,9,Синютка Олег Михайлович,Олег,Михайлович,Синютка,О.М.,,29.08.2019,,"Багатомандатний загальнодержавний виборчий округ, Політична партія ""Європейська Солідарність"" /№ у списку - 9/",,,0,,"Політична партія ""Європейська Солідарність""",228,"Політична партія ""Європейська Солідарність""",9,"освіта вища, тимчасово не працює, член Політичної партії ""Європейська Солідарність"", судимість відсутня, включений до виборчого списку під № 9.",http://itd.rada.gov.ua/mps/info/page/21145,http://static.rada.gov.ua/dep_img9/es9.jpg,es9,1,14.02.1970,Вища,,,тимчасово не працює,тимчасово не працює,ні,так,
17997,395,mp-es10_skl9,9,Климпуш-Цинцадзе Іванна Орестівна,Іванна,Орестівна,Климпуш-Цинцадзе,І.О.,,29.08.2019,,"Багатомандатний загальнодержавний виборчий округ, Політична партія ""Європейська Солідарність"" /№ у списку - 10/",,,0,,"Політична партія ""Європейська Солідарність""",50,Безпартійний,10,"освіта вища, Віце-прем'єр-міністр з питань європейської та євроатлантичної інтеграції України, безпартійнa, судимість відсутня, включена до виборчого списку під № 10.",http://itd.rada.gov.ua/mps/info/page/17997,http://static.rada.gov.ua/dep_img9/es10.jpg,es10,2,05.07.1972,Вища,,,Віце-прем'єр-міністр з питань європейської та євроатлантичної інтеграції України,Віце-прем'єр-міністр з питань європейської та євроатлантичної інтеграції України,ні,ні,
17985,396,mp-es11_skl9,9,Герасимов Артур Володимирович,Артур,Володимирович,Герасимов,А.В.,,29.08.2019,,"Багатомандатний загальнодержавний виборчий округ, Політична партія ""Європейська Солідарність"" /№ у списку - 11/",,,0,,"Політична партія ""Європейська Солідарність""",228,"Політична партія ""Європейська Солідарність""",11,"освіта вища, народний депутат України, член Політичної партії ""Європейська Солідарність"", судимість відсутня, включений до виборчого списку під № 11.",http://itd.rada.gov.ua/mps/info/page/17985,http://static.rada.gov.ua/dep_img9/es11.jpg,es11,1,23.08.1972,Вища,,,народний депутат України,народний депутат України,так,ні,
15649,397,mp-es12_skl9,9,Кубів Степан Іванович,Степан,Іванович,Кубів,С.І.,,29.08.2019,18.05.2026,"Багатомандатний загальнодержавний виборчий округ, Політична партія ""Європейська Солідарність"" /№ у списку - 12/",,,0,,"Політична партія ""Європейська Солідарність""",228,"Політична партія ""Європейська Солідарність""",12,"освіта вища, Перший віце-прем'єр-міністр – Міністр економічного розвитку і торгівлі України, член Політичної партії ""Європейська Солідарність"", судимість відсутня, включений до виборчого списку під № 12.",http://itd.rada.gov.ua/mps/info/page/15649,http://static.rada.gov.ua/dep_img9/es12.jpg,es12,1,19.03.1962,Вища,,,Перший віце-прем'єр-міністр – Міністр економічного розвитку і торгівлі України,Перший віце-прем'єр-міністр – Міністр економічного розвитку і торгівлі України,ні,ні,НДУ Смерть
9684,398,mp-es13_skl9,9,Фріз Ірина Василівна,Ірина,Василівна,Фріз,І.В.,,29.08.2019,,"Багатомандатний загальнодержавний виборчий округ, Політична партія ""Європейська Солідарність"" /№ у списку - 13/",,,0,,"Політична партія ""Європейська Солідарність""",228,"Політична партія ""Європейська Солідарність""",13,"освіта вища, Міністр у справах ветеранів України, член Політичної партії ""Європейська Солідарність"", судимість відсутня, включена до виборчого списку під № 13.",http://itd.rada.gov.ua/mps/info/page/9684,http://static.rada.gov.ua/dep_img9/es13.jpg,es13,2,25.09.1974,Вища,,,Міністр у справах ветеранів України,Міністр у справах ветеранів України,ні,ні,
17980,399,mp-es14_skl9,9,Южаніна Ніна Петрівна,Ніна,Петрівна,Южаніна,Н.П.,,29.08.2019,,"Багатомандатний загальнодержавний виборчий округ, Політична партія ""Європейська Солідарність"" /№ у списку - 14/",,,0,,"Політична партія ""Європейська Солідарність""",228,"Політична партія ""Європейська Солідарність""",14,"освіта вища, народний депутат України, член Політичної партії ""Європейська Солідарність"", судимість відсутня, включена до виборчого списку під № 14.",http://itd.rada.gov.ua/mps/info/page/17980,http://static.rada.gov.ua/dep_img9/es14.jpg,es14,2,11.01.1965,Вища,,,народний депутат України,народний депутат України,так,ні,
15647,400,mp-es15_skl9,9,Луценко Ірина Степанівна,Ірина,Степанівна,Луценко,І.С.,,29.08.2019,12.11.2019,"Багатомандатний загальнодержавний виборчий округ, Політична партія ""Європейська Солідарність"" /№ у списку - 15/",,,0,,"Політична партія ""Європейська Солідарність""",228,"Політична партія ""Європейська Солідарність""",15,"освіта вища, народний депутат України, член Політичної партії ""Європейська Солідарність"", судимість відсутня, включена до виборчого списку під № 15.",http://itd.rada.gov.ua/mps/info/page/15647,http://static.rada.gov.ua/dep_img9/es15.jpg,es15,2,07.02.1966,Вища,,,народний депутат України,народний депутат України,так,ні,НДУ Особиста письмова заява про складення повноважень
17948,401,mp-es16_skl9,9,Сюмар Вікторія Петрівна,Вікторія,Петрівна,Сюмар,В.П.,,29.08.2019,,"Багатомандатний загальнодержавний виборчий округ, Політична партія ""Європейська Солідарність"" /№ у списку - 16/",,,0,,"Політична партія ""Європейська Солідарність""",50,Безпартійний,16,"освіта вища, народний депутат України, безпартійнa, судимість відсутня, включена до виборчого списку під № 16.",http://itd.rada.gov.ua/mps/info/page/17948,http://static.rada.gov.ua/dep_img9/es16.jpg,es16,2,23.10.1977,Вища,,,народний депутат України,народний депутат України,так,ні,
11118,402,mp-es17_skl9,9,Ар'єв Володимир Ігорович,Володимир,Ігорович,Ар'єв,В.І.,,29.08.2019,,"Багатомандатний загальнодержавний виборчий округ, Політична партія ""Європейська Солідарність"" /№ у списку - 17/",,,0,,"Політична партія ""Європейська Солідарність""",228,"Політична партія ""Європейська Солідарність""",17,"освіта вища, народний депутат України, член Політичної партії ""Європейська Солідарність"", судимість відсутня, включений до виборчого списку під № 17.",http://itd.rada.gov.ua/mps/info/page/11118,http://static.rada.gov.ua/dep_img9/es17.jpg,es17,1,31.03.1975,Вища,,,народний депутат України,народний депутат України,так,ні,
15687,403,mp-es18_skl9,9,Павленко Ростислав Миколайович,Ростислав,Миколайович,Павленко,Р.М.,,29.08.2019,,"Багатомандатний загальнодержавний виборчий округ, Політична партія ""Європейська Солідарність"" /№ у списку - 18/",,,0,,"Політична партія ""Європейська Солідарність""",228,"Політична партія ""Європейська Солідарність""",18,"освіта вища, тимчасово не працює, член Політичної партії ""Європейська Солідарність"", судимість відсутня, включений до виборчого списку під № 18.",http://itd.rada.gov.ua/mps/info/page/15687,http://static.rada.gov.ua/dep_img9/es18.jpg,es18,1,19.08.1976,Вища,,,тимчасово не працює,тимчасово не працює,ні,ні,
17961,404,mp-es19_skl9,9,Величкович Микола Романович,Микола,Романович,Величкович,М.Р.,,29.08.2019,,"Багатомандатний загальнодержавний виборчий округ, Політична партія ""Європейська Солідарність"" /№ у списку - 19/",,,0,,"Політична партія ""Європейська Солідарність""",50,Безпартійний,19,"освіта вища, народний депутат України, безпартійний, судимість відсутня, включений до виборчого списку під № 19.",http://itd.rada.gov.ua/mps/info/page/17961,http://static.rada.gov.ua/dep_img9/es19.jpg,es19,1,18.11.1972,Вища,,,народний депутат України,народний депутат України,так,ні,
17993,405,mp-es20_skl9,9,Алєксєєв Сергій Олегович,Сергій,Олегович,Алєксєєв,С.О.,,29.08.2019,,"Багатомандатний загальнодержавний виборчий округ, Політична партія ""Європейська Солідарність"" /№ у списку - 20/",,,0,,"Політична партія ""Європейська Солідарність""",228,"Політична партія ""Європейська Солідарність""",20,"освіта вища, народний депутат України, член Політичної партії ""Європейська Солідарність'і, судимість відсутня, включений до виборчого списку під № 20.",http://itd.rada.gov.ua/mps/info/page/17993,http://static.rada.gov.ua/dep_img9/es20.jpg,es20,1,09.02.1977,Вища,,,народний депутат України,народний депутат України,так,ні,
1897,406,mp-es21_skl9,9,Князевич Руслан Петрович,Руслан,Петрович,Князевич,Р.П.,,29.08.2019,,"Багатомандатний загальнодержавний виборчий округ, Політична партія ""Європейська Солідарність"" /№ у списку - 21/",,,0,,"Політична партія ""Європейська Солідарність""",228,"Політична партія ""Європейська Солідарність""",21,"освіта вища, народний депутат України, член Політичної партії ""Європейська Солідарність"", судимість відсутня, включений до виборчого списку під № 21.",http://itd.rada.gov.ua/mps/info/page/1897,http://static.rada.gov.ua/dep_img9/es21.jpg,es21,1,28.06.1974,Вища,,,народний депутат України,народний депутат України,так,ні,
19858,407,mp-es22_skl9,9,Саврасов Максим Віталійович,Максим,Віталійович,Саврасов,М.В.,,29.08.2019,,"Багатомандатний загальнодержавний виборчий округ, Політична партія ""Європейська Солідарність"" /№ у списку - 22/",,,0,,"Політична партія ""Європейська Солідарність""",228,"Політична партія ""Європейська Солідарність""",22,"освіта вища, народний депутат України, член Політичної партії ""Європейська Солідарність"", судимість відсутня, включений до виборчого списку під № 22.",http://itd.rada.gov.ua/mps/info/page/19858,http://static.rada.gov.ua/dep_img9/es22.jpg,es22,1,07.08.1980,Вища,,,народний депутат України,народний депутат України,так,ні,
15672,408,mp-es23_skl9,9,Іонова Марія Миколаївна,Марія,Миколаївна,Іонова,М.М.,,29.08.2019,,"Багатомандатний загальнодержавний виборчий округ, Політична партія ""Європейська Солідарність"" /№ у списку - 23/",,,0,,"Політична партія ""Європейська Солідарність""",228,"Політична партія ""Європейська Солідарність""",23,"освіта вища, народний депутат України, член Політичної партії ""Європейська Солідарність"", судимість відсутня, включена до виборчого списку під № 23.",http://itd.rada.gov.ua/mps/info/page/15672,http://static.rada.gov.ua/dep_img9/es23.jpg,es23,2,31.05.1978,Вища,,,народний депутат України,народний депутат України,так,ні,
11120,409,mp-gol1_skl9,9,Вакарчук Святослав Іванович,Святослав,Іванович,Вакарчук,С.І.,,29.08.2019,26.06.2020,"Багатомандатний загальнодержавний виборчий округ, Політична Партія ""ГОЛОС"" /№ у списку - 1/",,,0,,"Політична Партія ""ГОЛОС""",229,"Політична Партія ""ГОЛОС""",1,"освіта вища, музикант, ТОВ ""Суперсиметрія"", член Політичної Партії ""ГОЛОС"", судимість відсутня, включений до виборчого списку під № 1.",http://itd.rada.gov.ua/mps/info/page/11120,http://static.rada.gov.ua/dep_img9/gol1.jpg,gol1,1,14.05.1975,Вища,,,музикант,"ТОВ ""Суперсиметрія""",ні,ні,НДУ п.6 частини 2 ст. 81 Конституції України
21134,410|467,mp-gol2_skl9,9,Сірко Юлія Леонідівна,Юлія,Леонідівна,Сірко,Ю.Л.,Клименко Юлія Леонідівна,29.08.2019,,"Багатомандатний загальнодержавний виборчий округ, Політична Партія ""ГОЛОС"" /№ у списку - 2/",,,0,,"Політична Партія ""ГОЛОС""",229,"Політична Партія ""ГОЛОС""",2,"освіта вища, віцепрезидент, радник ректора, університет ""Київська Школа Економіки"", член Політичної Партії ""ГОЛОС"", судимість відсутня, включена до виборчого списку під № 2.",http://itd.rada.gov.ua/mps/info/page/21134,http://static.rada.gov.ua/dep_img9/gol2.jpg,gol2,2,05.10.1976,Вища,,,віцепрезидент,"радник ректора, університет ""Київська Школа Економіки""",ні,так,
21209,411,mp-gol3_skl9,9,Рудик Кіра Олександрівна,Кіра,Олександрівна,Рудик,К.О.,,29.08.2019,,"Багатомандатний загальнодержавний виборчий округ, Політична Партія ""ГОЛОС"" /№ у списку - 3/",,,0,,"Політична Партія ""ГОЛОС""",229,"Політична Партія ""ГОЛОС""",3,"освіта вища, фізична особа – підприємець, член Політичної Партії ""ГОЛОС"", судимість відсутня, включена до виборчого списку під № 3.",http://itd.rada.gov.ua/mps/info/page/21209,http://static.rada.gov.ua/dep_img9/gol3.jpg,gol3,2,14.10.1985,Вища,,,фізична особа – підприємець,фізична особа – підприємець,ні,так,
21043,412,mp-gol4_skl9,9,Железняк Ярослав Іванович,Ярослав,Іванович,Железняк,Я.І.,,29.08.2019,,"Багатомандатний загальнодержавний виборчий округ, Політична Партія ""ГОЛОС"" /№ у списку - 4/",,,0,,"Політична Партія ""ГОЛОС""",229,"Політична Партія ""ГОЛОС""",4,"освіта вища, керівник відділу законотворчої роботи, Політична Партія ""ГОЛОС"", член Політичної Партії ""ГОЛОС"", судимість відсутня, включений до виборчого списку під № 4.",http://itd.rada.gov.ua/mps/info/page/21043,http://static.rada.gov.ua/dep_img9/gol4.jpg,gol4,1,20.10.1989,Вища,,,керівник відділу законотворчої роботи,"Політична Партія ""ГОЛОС""",ні,так,
21092,413,mp-gol5_skl9,9,Устінова Олександра Юріївна,Олександра,Юріївна,Устінова,О.Ю.,,29.08.2019,,"Багатомандатний загальнодержавний виборчий округ, Політична Партія ""ГОЛОС"" /№ у списку - 5/",,,0,,"Політична Партія ""ГОЛОС""",229,"Політична Партія ""ГОЛОС""",5,"освіта вища, фізична особа – підприємець, член Політичної Партії ""ГОЛОС"", судимість відсутня, включена до виборчого списку під № 5.",http://itd.rada.gov.ua/mps/info/page/21092,http://static.rada.gov.ua/dep_img9/gol5.jpg,gol5,2,02.10.1985,Вища,,,фізична особа – підприємець,фізична особа – підприємець,ні,так,
21200,414,mp-gol6_skl9,9,Макаров Олег Анатолійович,Олег,Анатолійович,Макаров,О.А.,,29.08.2019,29.10.2024,"Багатомандатний загальнодержавний виборчий округ, Політична Партія ""ГОЛОС"" /№ у списку - 6/",,,0,,"Політична Партія ""ГОЛОС""",50,Безпартійний,6,"освіта вища, адвокат, партнер, керівник юридичного підрозділу, АО ""ЮФ ""Василь Кісіль і Партнери"", безпартійний, судимість відсутня, включений до виборчого списку під № 6.",http://itd.rada.gov.ua/mps/info/page/21200,http://static.rada.gov.ua/dep_img9/gol6.jpg,gol6,1,24.07.1965,Вища,,,адвокат,"партнер, керівник юридичного підрозділу, АО ""ЮФ ""Василь Кісіль і Партнери""",ні,так,НДУ Смерть
15432,415,mp-gol7_skl9,9,Юрчишин Ярослав Романович,Ярослав,Романович,Юрчишин,Я.Р.,,29.08.2019,,"Багатомандатний загальнодержавний виборчий округ, Політична Партія ""ГОЛОС"" /№ у списку - 7/",,,0,,"Політична Партія ""ГОЛОС""",229,"Політична Партія ""ГОЛОС""",7,"освіта вища, фізична особа – підприємець, член Політичної Партії ""ГОЛОС"", судимість відсутня, включений до виборчого списку під № 7.",http://itd.rada.gov.ua/mps/info/page/15432,http://static.rada.gov.ua/dep_img9/gol7.jpg,gol7,1,14.10.1980,Вища,,,фізична особа – підприємець,фізична особа – підприємець,ні,так,
21206,416,mp-gol8_skl9,9,Рахманін Сергій Іванович,Сергій,Іванович,Рахманін,С.І.,,29.08.2019,,"Багатомандатний загальнодержавний виборчий округ, Політична Партія ""ГОЛОС"" /№ у списку - 8/",,,0,,"Політична Партія ""ГОЛОС""",229,"Політична Партія ""ГОЛОС""",8,"освіта вища, фізична особа – підприємець, член Політичної Партії ""ГОЛОС"", судимість відсутня, включений до виборчого списку під № 8.",http://itd.rada.gov.ua/mps/info/page/21206,http://static.rada.gov.ua/dep_img9/gol8.jpg,gol8,1,17.04.1969,Вища,,,фізична особа – підприємець,фізична особа – підприємець,ні,так,
20984,417,mp-gol9_skl9,9,Бобровська Соломія Анатоліївна,Соломія,Анатоліївна,Бобровська,С.А.,,29.08.2019,,"Багатомандатний загальнодержавний виборчий округ, Політична Партія ""ГОЛОС"" /№ у списку - 9/",,,0,,"Політична Партія ""ГОЛОС""",229,"Політична Партія ""ГОЛОС""",9,"освіта вища, виконавчий директор, Громадська організація ""Українська Основа"", член Політичної Партії ""ГОЛОС"", судимість відсутня, включена до виборчого списку під № 9.",http://itd.rada.gov.ua/mps/info/page/20984,http://static.rada.gov.ua/dep_img9/gol9.jpg,gol9,2,20.12.1989,Вища,,,виконавчий директор,"Громадська організація ""Українська Основа""",ні,так,
21184,418,mp-gol10_skl9,9,Стефанишина Ольга Анатоліївна,Ольга,Анатоліївна,Стефанишина,О.А.,,29.08.2019,,"Багатомандатний загальнодержавний виборчий округ, Політична Партія ""ГОЛОС"" /№ у списку - 10/",,,0,,"Політична Партія ""ГОЛОС""",229,"Політична Партія ""ГОЛОС""",10,"освіта вища, заступник міністра, Міністерство охорони здоров'я України, член Політичної Партії ""ГОЛОС"", судимість відсутня, включена до виборчого списку під № 10.",http://itd.rada.gov.ua/mps/info/page/21184,http://static.rada.gov.ua/dep_img9/gol10.jpg,gol10,2,14.05.1983,Вища,,,заступник міністра,Міністерство охорони здоров'я України,ні,так,
21076,419,mp-gol12_skl9,9,Цабаль Володимир Володимирович,Володимир,Володимирович,Цабаль,В.В.,,29.08.2019,27.05.2026,"Багатомандатний загальнодержавний виборчий округ, Політична Партія ""ГОЛОС"" /№ у списку - 12/",,,0,,"Політична Партія ""ГОЛОС""",229,"Політична Партія ""ГОЛОС""",12,"освіта вища, локальний партнер, ТОВ ""МакКінзі і Компанія Україна"", член Політичної Партії ""ГОЛОС"", судимість відсутня, включений до виборчого списку під № 12.",http://itd.rada.gov.ua/mps/info/page/21076,http://static.rada.gov.ua/dep_img9/gol12.jpg,gol12,1,25.04.1985,Вища,,,локальний партнер,"ТОВ ""МакКінзі і Компанія Україна""",ні,так,НДУ Особиста письмова заява про складення повноважень
21249,420,mp-gol13_skl9,9,Осадчук Андрій Петрович,Андрій,Петрович,Осадчук,А.П.,,29.08.2019,,"Багатомандатний загальнодержавний виборчий округ, Політична Партія ""ГОЛОС"" /№ у списку - 13/",,,0,,"Політична Партія ""ГОЛОС""",50,Безпартійний,13,"освіта вища, тимчасово не працює, безпартійний, судимість відсутня, включений до виборчого списку під № 13.",http://itd.rada.gov.ua/mps/info/page/21249,http://static.rada.gov.ua/dep_img9/gol13.jpg,gol13,1,20.11.1971,Вища,,,тимчасово не працює,тимчасово не працює,ні,так,
21155,421,mp-gol14_skl9,9,Костенко Роман Васильович,Роман,Васильович,Костенко,Р.В.,,29.08.2019,,"Багатомандатний загальнодержавний виборчий округ, Політична Партія ""ГОЛОС"" /№ у списку - 14/",,,0,,"Політична Партія ""ГОЛОС""",50,Безпартійний,14,"освіта вища, військовослужбовець, Служба безпеки України, безпартійний, судимість відсутня, включений до виборчого списку під № 14.",http://itd.rada.gov.ua/mps/info/page/21155,http://static.rada.gov.ua/dep_img9/gol14.jpg,gol14,1,21.10.1983,Вища,,,військовослужбовець,Служба безпеки України,ні,так,
21192,422,mp-gol15_skl9,9,Лозинський Роман Михайлович,Роман,Михайлович,Лозинський,Р.М.,,29.08.2019,,"Багатомандатний загальнодержавний виборчий округ, Політична Партія ""ГОЛОС"" /№ у списку - 15/",,,0,,"Політична Партія ""ГОЛОС""",50,Безпартійний,15,"освіта вища, менеджер, МО ""ПЛАСТ – НСОУ"", безпартійний, судимість відсутня, включений до виборчого списку під № 15.",http://itd.rada.gov.ua/mps/info/page/21192,http://static.rada.gov.ua/dep_img9/gol15.jpg,gol15,1,20.01.1994,Вища,,,менеджер,"МО ""ПЛАСТ – НСОУ""",ні,так,
21179,423,mp-gol16_skl9,9,Совсун Інна Романівна,Інна,Романівна,Совсун,І.Р.,,29.08.2019,,"Багатомандатний загальнодержавний виборчий округ, Політична Партія ""ГОЛОС"" /№ у списку - 16/",,,0,,"Політична Партія ""ГОЛОС""",229,"Політична Партія ""ГОЛОС""",16,"освіта вища, викладачка кафедри публічного врядування, Університет ""Київська школа економіки"", член Політичної Партії ""ГОЛОС"", судимість відсутня, включена до виборчого списку під № 16.",http://itd.rada.gov.ua/mps/info/page/21179,http://static.rada.gov.ua/dep_img9/gol16.jpg,gol16,2,21.09.1984,Вища,"Університет ""Київська школа економіки""",викладачка кафедри публічного врядування,,"викладачка кафедри публічного врядування, Університет ""Київська школа економіки""",ні,так,
21000,424,mp-gol17_skl9,9,Василенко Леся Володимирівна,Леся,Володимирівна,Василенко,Л.В.,,29.08.2019,,"Багатомандатний загальнодержавний виборчий округ, Політична Партія ""ГОЛОС"" /№ у списку - 17/",,,0,,"Політична Партія ""ГОЛОС""",229,"Політична Партія ""ГОЛОС""",17,"освіта вища, фізична особа – підприємець, член Політичної Партії ""ГОЛОС"", судимість відсутня, включена до виборчого списку під № 17.",http://itd.rada.gov.ua/mps/info/page/21000,http://static.rada.gov.ua/dep_img9/gol17.jpg,gol17,2,31.03.1987,Вища,,,фізична особа – підприємець,фізична особа – підприємець,ні,так,
21085,425,mp-gol18_skl9,9,Умєров Рустем Енверович,Рустем,Енверович,Умєров,Р.Е.,,29.08.2019,07.09.2022,"Багатомандатний загальнодержавний виборчий округ, Політична Партія ""ГОЛОС"" /№ у списку - 18/",,,0,,"Політична Партія ""ГОЛОС""",50,Безпартійний,18,"освіта вища, керівник, БО ""БФ"" АСТЕМ ФАУНДЕЙШН"", безпартійний, судимість відсутня, включений до виборчого списку під № 18.",http://itd.rada.gov.ua/mps/info/page/21085,http://static.rada.gov.ua/dep_img9/gol18.jpg,gol18,1,19.04.1982,Вища,,,керівник,"БО ""БФ"" АСТЕМ ФАУНДЕЙШН""",ні,так,НДУ Особиста письмова заява про складення повноважень
2179,426,mp-op8_skl9,9,Ларін Сергій Миколайович,Сергій,Миколайович,Ларін,С.М.,,03.09.2019,,"Багатомандатний загальнодержавний виборчий округ, Політична партія ""ОПОЗИЦІЙНА ПЛАТФОРМА - ЗА ЖИТТЯ"" /№ у списку - 8/",,,0,,"Політична партія ""ОПОЗИЦІЙНА ПЛАТФОРМА - ЗА ЖИТТЯ""",227,"Політична партія ""ОПОЗИЦІЙНА ПЛАТФОРМА - ЗА ЖИТТЯ""",8,"освіта вища, народний депутат України, член Політичної партії ""ОПОЗИЦІЙНА ПЛАТФОРМА – ЗА ЖИТТЯ"", судимість відсутня, включений до виборчого списку під № 8.",http://itd.rada.gov.ua/mps/info/page/2179,http://static.rada.gov.ua/dep_img9/op8.jpg,op8,1,11.01.1962,Вища,,,народний депутат України,народний депутат України,так,ні,
21324,427,mp-sn130_skl9,9,Остапенко Анатолій Дмитрович,Анатолій,Дмитрович,Остапенко,А.Д.,,03.09.2019,,"Багатомандатний загальнодержавний виборчий округ, ПОЛІТИЧНА ПАРТІЯ ""СЛУГА НАРОДУ"" /№ у списку - 130/",,,0,,"ПОЛІТИЧНА ПАРТІЯ ""СЛУГА НАРОДУ""",226,"ПОЛІТИЧНА ПАРТІЯ ""СЛУГА НАРОДУ""",130,"освіта вища, директор, ТОВ ""АЛЬФАЮРКОНСАЛТИНГ"", член ПОЛІТИЧНОЇ ПАРТІЇ ""СЛУГА НАРОДУ"", судимість відсутня, включений до виборчого списку під № 130.",http://itd.rada.gov.ua/mps/info/page/21324,http://static.rada.gov.ua/dep_img9/sn130.jpg,sn130,1,01.02.1968,Вища,,,директор,"ТОВ ""АЛЬФАЮРКОНСАЛТИНГ""",ні,так,
12619,428,mp-sn131_skl9,9,Циба Тетяна Вікторівна,Тетяна,Вікторівна,Циба,Т.В.,,03.09.2019,,"Багатомандатний загальнодержавний виборчий округ, ПОЛІТИЧНА ПАРТІЯ ""СЛУГА НАРОДУ"" /№ у списку - 131/",,,0,,"ПОЛІТИЧНА ПАРТІЯ ""СЛУГА НАРОДУ""",50,Безпартійний,131,"освіта вища, фізична особа – підприємець, безпартійнa, судимість відсутня, включена до виборчого списку під № 131.",http://itd.rada.gov.ua/mps/info/page/12619,http://static.rada.gov.ua/dep_img9/sn131.jpg,sn131,2,15.04.1977,Вища,,,фізична особа – підприємець,фізична особа – підприємець,ні,так,
21326,429,mp-sn132_skl9,9,Калаур Іван Романович,Іван,Романович,Калаур,І.Р.,,03.09.2019,,"Багатомандатний загальнодержавний виборчий округ, ПОЛІТИЧНА ПАРТІЯ ""СЛУГА НАРОДУ"" /№ у списку - 132/",,,0,,"ПОЛІТИЧНА ПАРТІЯ ""СЛУГА НАРОДУ""",50,Безпартійний,132,"освіта вища, завідувач кафедри, Тернопільський національний економічний університет, безпартійний, судимість відсутня, включений до виборчого списку під № 132.",http://itd.rada.gov.ua/mps/info/page/21326,http://static.rada.gov.ua/dep_img9/sn132.jpg,sn132,1,04.07.1968,Вища,Тернопільський національний економічний університет,завідувач кафедри,,"завідувач кафедри, Тернопільський національний економічний університет",ні,так,
21327,430,mp-sn133_skl9,9,Гришина Юлія Миколаївна,Юлія,Миколаївна,Гришина,Ю.М.,,03.09.2019,,"Багатомандатний загальнодержавний виборчий округ, ПОЛІТИЧНА ПАРТІЯ ""СЛУГА НАРОДУ"" /№ у списку - 133/",,,0,,"ПОЛІТИЧНА ПАРТІЯ ""СЛУГА НАРОДУ""",50,Безпартійний,133,"освіта вища, професор кафедри трудового права та права соціального забезпечення, Київський національний університет імені Тараса Шевченка, безпартійнa, судимість відсутня, включена до виборчого списку під № 133.",http://itd.rada.gov.ua/mps/info/page/21327,http://static.rada.gov.ua/dep_img9/sn133.jpg,sn133,2,16.06.1978,Вища,Київський національний університет імені Тараса Шевченка,професор кафедри трудового права та права соціального забезпечення,,"професор кафедри трудового права та права соціального забезпечення, Київський національний університет імені Тараса Шевченка",ні,так,
21328,431,mp-sn134_skl9,9,Руденко Ольга Сергіївна,Ольга,Сергіївна,Руденко,О.С.,,03.09.2019,,"Багатомандатний загальнодержавний виборчий округ, ПОЛІТИЧНА ПАРТІЯ ""СЛУГА НАРОДУ"" /№ у списку - 134/",,,0,,"ПОЛІТИЧНА ПАРТІЯ ""СЛУГА НАРОДУ""",50,Безпартійний,134,"освіта вища, менеджер з маркетингу, ТОВ ""Квартал 95"", безпартійнa, судимість відсутня, включена до виборчого списку під № 134.",http://itd.rada.gov.ua/mps/info/page/21328,http://static.rada.gov.ua/dep_img9/sn134.jpg,sn134,2,29.05.1979,Вища,,,менеджер з маркетингу,"ТОВ ""Квартал 95""",ні,так,
129,432,mp-sn135_skl9,9,Копиленко Олександр Любимович,Олександр,Любимович,Копиленко,О.Л.,,15.10.2019,,"Багатомандатний загальнодержавний виборчий округ, ПОЛІТИЧНА ПАРТІЯ ""СЛУГА НАРОДУ"" /№ у списку - 135/",,,0,,"ПОЛІТИЧНА ПАРТІЯ ""СЛУГА НАРОДУ""",50,Безпартійний,135,"освіта вища, директор, Інститут законодавства Верховної Ради України, безпартійний, судимість відсутня, включений до виборчого списку під № 135.",http://itd.rada.gov.ua/mps/info/page/129,http://static.rada.gov.ua/dep_img9/sn135.jpg,sn135,1,26.06.1961,Вища,,,директор,Інститут законодавства Верховної Ради України,ні,так,
16430,433,mp-d198_1_skl9,9,Рудик Сергій Ярославович,Сергій,Ярославович,Рудик,С.Я.,,12.11.2019,,"Виборчий округ № 198, Черкаська область",Виборчий округ № 198,198,71,Черкаська область,безпартійний,50,Безпартійний,,"освіта вища, народний депутат України, безпартійний, судимість відсутня, самовисування.",http://itd.rada.gov.ua/mps/info/page/16430,http://static.rada.gov.ua/dep_img9/d198_1.jpg,d198_1,1,11.10.1970,Вища,,,народний депутат України,,так,ні,
21921,434,mp-es25_skl9,9,В'ятрович Володимир Михайлович,Володимир,Михайлович,В'ятрович,В.М.,,03.12.2019,,"Багатомандатний загальнодержавний виборчий округ, Політична партія ""Європейська Солідарність"" /№ у списку - 25/",,,0,,"Політична партія ""Європейська Солідарність""",228,"Політична партія ""Європейська Солідарність""",25,"освіта вища, Голова, Український інститут національної пам'яті, член Політичної партії ""Європейська Солідарність"", судимість відсутня, включений до виборчого списку під № 25.",http://itd.rada.gov.ua/mps/info/page/21921,http://static.rada.gov.ua/dep_img9/es25.jpg,es25,1,07.06.1977,Вища,,,Голова,Український інститут національної пам'яті,ні,так,
21932,435,mp-sn136_skl9,9,Мандзій Сергій Володимирович,Сергій,Володимирович,Мандзій,С.В.,,06.12.2019,,"Багатомандатний загальнодержавний виборчий округ, ПОЛІТИЧНА ПАРТІЯ ""СЛУГА НАРОДУ"" /№ у списку - 136/",,,0,,"ПОЛІТИЧНА ПАРТІЯ ""СЛУГА НАРОДУ""",50,Безпартійний,136,"освіта вища, директор, ТОВ ""РЕМБУД"", член ПОЛІТИЧНОЇ ПАРТІЇ ""СЛУГА НАРОДУ"", судимість відсутня, включений до виборчого списку під № 136.",http://itd.rada.gov.ua/mps/info/page/21932,http://static.rada.gov.ua/dep_img9/sn136.jpg,sn136,1,28.11.1974,Вища,,,директор,"ТОВ ""РЕМБУД""",ні,так,
21986,436,mp-sn137_skl9,9,Санченко Олександр Володимирович,Олександр,Володимирович,Санченко,О.В.,,17.01.2020,,"Багатомандатний загальнодержавний виборчий округ, ПОЛІТИЧНА ПАРТІЯ ""СЛУГА НАРОДУ"" /№ у списку - 137/",,,0,,"ПОЛІТИЧНА ПАРТІЯ ""СЛУГА НАРОДУ""",50,Безпартійний,137,"освіта вища, директор з урядових відносин та корпоративної соціальної відповідальності, фестиваль ""АТЛАС ВІКЕНД"", безпартійний, судимість відсутня, включений до виборчого списку під № 137.",http://itd.rada.gov.ua/mps/info/page/21986,http://static.rada.gov.ua/dep_img9/sn137.jpg,sn137,1,11.09.1988,Вища,,,директор з урядових відносин та корпоративної соціальної відповідальності,"фестиваль ""АТЛАС ВІКЕНД""",ні,так,
21160,208|438,mp-sn8_skl9,9,Радіна Анастасія Олегівна,Анастасія,Олегівна,Радіна,А.О.,Красносільська Анастасія Олегівна,29.08.2019,,"Багатомандатний загальнодержавний виборчий округ, ПОЛІТИЧНА ПАРТІЯ ""СЛУГА НАРОДУ"" /№ у списку - 8/",,,0,,"ПОЛІТИЧНА ПАРТІЯ ""СЛУГА НАРОДУ""",50,Безпартійний,8,"освіта вища, фізична особа – підприємець, безпартійнa, судимість відсутня, включена до виборчого списку під № 8.",http://itd.rada.gov.ua/mps/info/page/21160,http://static.rada.gov.ua/dep_img9/sn8.jpg,sn8,2,23.06.1984,Вища,,,фізична особа – підприємець,фізична особа – підприємець,ні,ні,
22103,439,mp-d179_2_skl9,9,Світлична Юлія Олександрівна,Юлія,Олександрівна,Світлична,Ю.О.,,13.04.2020,,"Виборчий округ № 179, Харківська область",Виборчий округ № 179,179,63,Харківська область,безпартійна,,,,"освіта вища, виконавчий директор, громадська організація ""Єдність та розвиток"", безпартійнa, судимість відсутня, самовисування.",http://itd.rada.gov.ua/mps/info/page/22103,http://static.rada.gov.ua/dep_img9/d179_2.jpg,d179_2,2,06.06.1984,Вища,,,виконавчий директор,"громадська організація ""Єдність та розвиток""",ні,так,
22163,440,mp-sn138_skl9,9,Маслов Денис Вячеславович,Денис,Вячеславович,Маслов,Д.В.,,16.06.2020,16.07.2026,"Багатомандатний загальнодержавний виборчий округ, ПОЛІТИЧНА ПАРТІЯ ""СЛУГА НАРОДУ"" /№ у списку - 138/",,,0,,"ПОЛІТИЧНА ПАРТІЯ ""СЛУГА НАРОДУ""",226,"ПОЛІТИЧНА ПАРТІЯ ""СЛУГА НАРОДУ""",138,"освіта вища, директор, ТОВ ""АВІН ТРЕЙД"", член ПОЛІТИЧНОЇ ПАРТІЇ ""СЛУГА НАРОДУ"", судимість відсутня, включений до виборчого списку під № 138.",http://itd.rada.gov.ua/mps/info/page/22163,http://static.rada.gov.ua/dep_img9/sn138.jpg,sn138,1,01.08.1983,Вища,,,директор,"ТОВ ""АВІН ТРЕЙД""",ні,так,НДУ Особиста письмова заява про складення повноважень
11728,441,mp-but25_skl9,9,Євтушок Сергій Миколайович,Сергій,Миколайович,Євтушок,С.М.,,30.06.2020,,"Багатомандатний загальнодержавний виборчий округ, політична партія Всеукраїнське об'єднання ""Батьківщина"" /№ у списку - 25/",,,0,,"політична партія Всеукраїнське об'єднання ""Батьківщина""",17,"Політична партія Всеукраїнське об'єднання ""Батьківщина""",25,"освіта вища, народний депутат України, член політичної партії Всеукраїнське об'єднання ""Батьківщина"", судимість відсутня, включений до виборчого списку під № 25.",http://itd.rada.gov.ua/mps/info/page/11728,http://static.rada.gov.ua/dep_img9/but25.jpg,but25,1,13.11.1973,Вища,,,народний депутат України,,так,ні,
22298,442,mp-gol20_skl9,9,Шараськін Андрій Андрійович,Андрій,Андрійович,Шараськін,А.А.,,06.11.2020,,"Багатомандатний загальнодержавний виборчий округ, Політична Партія ""ГОЛОС"" /№ у списку - 20/",,,0,,"Політична Партія ""ГОЛОС""",229,"Політична Партія ""ГОЛОС""",20,"освіта вища, керівник, ПП ""Театральна компанія Андрія Шараскіна"", член Політичної Партії ""ГОЛОС"", судимість відсутня, включений до виборчого списку під № 20.",http://itd.rada.gov.ua/mps/info/page/22298,http://static.rada.gov.ua/dep_img9/gol20.jpg,gol20,1,20.09.1977,Вища,,,керівник,"ПП ""Театральна компанія Андрія Шараскіна""",ні,так,
22310,443,mp-d208_2_skl9,9,Гунько Анатолій Григорович,Анатолій,Григорович,Гунько,А.Г.,,17.11.2020,09.02.2026,"Виборчий округ № 208, Чернігівська область",Виборчий округ № 208,208,74,Чернігівська область,безпартійний,50,Безпартійний,,"освіта вища, директор, ТОВ ""Гільдія права"", безпартійний, судимість відсутня, суб'єкт висування – ПОЛІТИЧНА ПАРТІЯ ""СЛУГА НАРОДУ"".",http://itd.rada.gov.ua/mps/info/page/22310,http://static.rada.gov.ua/dep_img9/d208_2.jpg,d208_2,1,12.03.1976,Вища,,,директор,"ТОВ ""Гільдія права""",ні,так,НДУ п.2 частини 2 ст. 81 Конституції України
22522,444,mp-d50_2_skl9,9,Аксьонов Андрій Анатолійович,Андрій,Анатолійович,Аксьонов,А.А.,,19.05.2021,13.01.2023,"Виборчий округ № 50, Донецька область",Виборчий округ № 50,50,14,Донецька область,безпартійний,,,,"освіта вища, Добропільський міський голова, безпартійний, судимість відсутня, суб'єкт висування – ПОЛІТИЧНА ПАРТІЯ ""Порядок"".",http://itd.rada.gov.ua/mps/info/page/22522,http://static.rada.gov.ua/dep_img9/d50_2.jpg,d50_2,1,02.02.1971,Вища,,,Добропільський міський голова,,ні,так,НДУ Особиста письмова заява про складення повноважень
22546,445,mp-d87_2_skl9,9,Вірастюк Василь Ярославович,Василь,Ярославович,Вірастюк,В.Я.,,15.06.2021,,"Виборчий округ № 87, Івано-Франківська область",Виборчий округ № 87,87,26,Івано-Франківська область,безпартійний,50,Безпартійний,,"освіта вища, фізична особа – підприємець, безпартійний, судимість відсутня, суб'єкт висування – ПОЛІТИЧНА ПАРТІЯ ""СЛУГА НАРОДУ"".",http://itd.rada.gov.ua/mps/info/page/22546,http://static.rada.gov.ua/dep_img9/d87_2.jpg,d87_2,1,22.04.1974,Вища,,,фізична особа – підприємець,,ні,так,
22604,446,mp-sn139_skl9,9,Швачко Антон Олексійович,Антон,Олексійович,Швачко,А.О.,,07.09.2021,,"Багатомандатний загальнодержавний виборчий округ, ПОЛІТИЧНА ПАРТІЯ ""СЛУГА НАРОДУ"" /№ у списку - 139/",,,0,,"ПОЛІТИЧНА ПАРТІЯ ""СЛУГА НАРОДУ""",50,Безпартійний,139,"освіта вища, тимчасово не працює, безпартійний, судимість відсутня, включений до виборчого списку під № 139.",http://itd.rada.gov.ua/mps/info/page/22604,http://static.rada.gov.ua/dep_img9/sn139.jpg,sn139,1,11.12.1992,Вища,,,тимчасово не працює,,ні,так,
21214,134|450,mp-d157_1_skl9,9,Скрипка Тетяна Василівна,Тетяна,Василівна,Скрипка,Т.В.,Рябуха Тетяна Василівна,29.08.2019,,"Виборчий округ № 157, Сумська область",Виборчий округ № 157,157,59,Сумська область,безпартійна,50,Безпартійний,,"освіта вища, учитель початкових класів, КУ Сумська спеціалізована школа І-ІІІ ступенів № 10, безпартійнa, судимість відсутня, суб'єкт висування – ПОЛІТИЧНА ПАРТІЯ ""СЛУГА НАРОДУ"".",http://itd.rada.gov.ua/mps/info/page/21214,http://static.rada.gov.ua/dep_img9/d157_1.jpg,d157_1,2,31.12.1984,Вища,,,учитель початкових класів,КУ Сумська спеціалізована школа І-ІІІ ступенів № 10,ні,ні,
22671,451,mp-d184_2_skl9,9,Козир Сергій В'ячеславович,Сергій,В'ячеславович,Козир,С.В.,,16.11.2021,,"Виборчий округ № 184, Херсонська область",Виборчий округ № 184,184,65,Херсонська область,,50,Безпартійний,,"освіта вища, голова, Херсонська обласна державна адміністрація, член ПОЛІТИЧНОЇ ПАРТІЇ ""СЛУГА НАРОДУ"", судимість відсутня, суб'єкт висування - ПОЛІТИЧНА ПАРТІЯ ""СЛУГА НАРОДУ"".",http://itd.rada.gov.ua/mps/info/page/22671,http://static.rada.gov.ua/dep_img9/d184_2.jpg,d184_2,1,20.06.1984,Вища,,,голова,Херсонська обласна державна адміністрація,ні,так,
22672,452,mp-d197_2_skl9,9,Войцехівський Віталій Олександрович,Віталій,Олександрович,Войцехівський,В.О.,,16.11.2021,,"Виборчий округ № 197, Черкаська область",Виборчий округ № 197,197,71,Черкаська область,,50,Безпартійний,,"освіта вища, Золотоніський міський голова Золотоніського району Черкаської області, член ПОЛІТИЧНОЇ ПАРТІЇ ""СЛУГА НАРОДУ"", судимість відсутня, суб'єкт висування - ПОЛІТИЧНА ПАРТІЯ ""СЛУГА НАРОДУ"".",http://itd.rada.gov.ua/mps/info/page/22672,http://static.rada.gov.ua/dep_img9/d197_2.jpg,d197_2,1,04.07.1967,Вища,,,Золотоніський міський голова Золотоніського району Черкаської області,,ні,так,
22670,453,mp-sn140_skl9,9,Кострійчук Сергій Володимирович,Сергій,Володимирович,Кострійчук,С.В.,,16.11.2021,,"Багатомандатний загальнодержавний виборчий округ, ПОЛІТИЧНА ПАРТІЯ ""СЛУГА НАРОДУ"" /№ у списку - 140/",,,0,,"ПОЛІТИЧНА ПАРТІЯ ""СЛУГА НАРОДУ""",50,Безпартійний,140,"освіта вища, тимчасово не працює, безпартійний, судимість відсутня, включений до виборчого списку під № 140.",http://itd.rada.gov.ua/mps/info/page/22670,http://static.rada.gov.ua/dep_img9/sn140.jpg,sn140,1,07.06.1985,Вища,,,тимчасово не працює,,ні,так,
22801,454,mp-sn141_skl9,9,Божков Олександр Валерійович,Олександр,Валерійович,Божков,О.В.,,14.04.2022,,"Багатомандатний загальнодержавний виборчий округ, ПОЛІТИЧНА ПАРТІЯ ""СЛУГА НАРОДУ"" /№ у списку - 141/",,,0,,"ПОЛІТИЧНА ПАРТІЯ ""СЛУГА НАРОДУ""",50,Безпартійний,141,"освіта вища, виконавчий продюсер, ТОВ ""Квартал 95"", безпартійний, судимість відсутня, включений до виборчого списку під № 141.",http://itd.rada.gov.ua/mps/info/page/22801,http://static.rada.gov.ua/dep_img9/sn141.jpg,sn141,1,30.07.1988,Вища,,,виконавчий продюсер,"ТОВ ""Квартал 95""",ні,так,
22883,455,mp-sn143_skl9,9,Васюк Олександр Олександрович,Олександр,Олександрович,Васюк,О.О.,,30.08.2022,,"Багатомандатний загальнодержавний виборчий округ, ПОЛІТИЧНА ПАРТІЯ ""СЛУГА НАРОДУ"" /№ у списку - 143/",,,0,,"ПОЛІТИЧНА ПАРТІЯ ""СЛУГА НАРОДУ""",50,Безпартійний,143,"освіта вища, виконавчий директор, громадська організація ""Асоціація розвитку суддівського самоврядування в Україні"", безпартійний, судимість відсутня, включений до виборчого списку під № 143.",http://itd.rada.gov.ua/mps/info/page/22883,http://static.rada.gov.ua/dep_img9/sn143.jpg,sn143,1,28.12.1994,Вища,,,виконавчий директор,"громадська організація ""Асоціація розвитку суддівського самоврядування в Україні""",ні,так,
22204,456|462,mp-sn145_skl9,9,Короленко-Усова Валентина Юріївна,Валентина,Юріївна,Короленко-Усова,В.Ю.,Короленко Валентина Юріївна,30.08.2022,,"Багатомандатний загальнодержавний виборчий округ, ПОЛІТИЧНА ПАРТІЯ ""СЛУГА НАРОДУ"" /№ у списку - 145/",,,0,,"ПОЛІТИЧНА ПАРТІЯ ""СЛУГА НАРОДУ""",50,Безпартійний,145,"освіта вища, фізична особа – підприємець, безпартійнa, судимість відсутня, включена до виборчого списку під № 145.",http://itd.rada.gov.ua/mps/info/page/22204,http://static.rada.gov.ua/dep_img9/sn145.jpg,sn145,2,15.05.1984,Вища,,,фізична особа – підприємець,,ні,так,
11690,457,mp-gol22_skl9,9,Хлапук Максим Миколайович,Максим,Миколайович,Хлапук,М.М.,,18.10.2022,,"Багатомандатний загальнодержавний виборчий округ, Політична Партія ""ГОЛОС"" /№ у списку - 22/",,,0,,"Політична Партія ""ГОЛОС""",229,"Політична Партія ""ГОЛОС""",22,"освіта вища, заступник керівника секретаріату Голови Верховної Ради України, Апарат Верховної Ради України, член Політичної Партії ""ГОЛОС"", судимість відсутня, включений до виборчого списку під № 22.",http://itd.rada.gov.ua/mps/info/page/11690,http://static.rada.gov.ua/dep_img9/gol22.jpg,gol22,1,22.07.1984,Вища,,,заступник керівника секретаріату Голови Верховної Ради України,Апарат Верховної Ради України,ні,так,
18187,458,mp-es26_skl9,9,Никорак Ірина Петрівна,Ірина,Петрівна,Никорак,І.П.,,10.04.2023,,"Багатомандатний загальнодержавний виборчий округ, Політична партія ""Європейська Солідарність"" /№ у списку - 26/",,,0,,"Політична партія ""Європейська Солідарність""",50,Безпартійний,26,"освіта вища, помічник-консультант народного депутата України, безпартійнa, судимість відсутня, включена до виборчого списку під № 26.",http://itd.rada.gov.ua/mps/info/page/18187,http://static.rada.gov.ua/dep_img9/es26.jpg,es26,2,12.09.1987,Вища,,,помічник-консультант народного депутата України,,ні,так,
20966,312|459,mp-sn116_skl9,9,Кормишкіна Ірина Валеріївна,Ірина,Валеріївна,Кормишкіна,І.В.,Аллахвердієва Ірина Валеріївна,29.08.2019,25.02.2025,"Багатомандатний загальнодержавний виборчий округ, ПОЛІТИЧНА ПАРТІЯ ""СЛУГА НАРОДУ"" /№ у списку - 116/",,,0,,"ПОЛІТИЧНА ПАРТІЯ ""СЛУГА НАРОДУ""",50,Безпартійний,116,"освіта вища, директор, Миколаївська обласна дирекція ПрАТ СК ""Уніка"", безпартійнa, судимість відсутня, включена до виборчого списку під № 116.",http://itd.rada.gov.ua/mps/info/page/20966,http://static.rada.gov.ua/dep_img9/sn116.jpg,sn116,2,26.08.1978,Вища,,,директор,"Миколаївська обласна дирекція ПрАТ СК ""Уніка""",ні,ні,НДУ Особиста письмова заява про складення повноважень
23128,460,mp-sn146_skl9,9,Локтіонова Наталія Валентинівна,Наталія,Валентинівна,Локтіонова,Н.В.,,09.08.2023,,"Багатомандатний загальнодержавний виборчий округ, ПОЛІТИЧНА ПАРТІЯ ""СЛУГА НАРОДУ"" /№ у списку - 146/",,,0,,"ПОЛІТИЧНА ПАРТІЯ ""СЛУГА НАРОДУ""",50,Безпартійний,146,"освіта вища, тимчасово не працює, безпартійнa, судимість відсутня, включена до виборчого списку під № 146.",http://itd.rada.gov.ua/mps/info/page/23128,http://static.rada.gov.ua/dep_img9/sn146.jpg,sn146,2,16.04.1981,Вища,,,тимчасово не працює,,ні,так,
23136,461,mp-sn147_skl9,9,Тарарін Микола Олександрович,Микола,Олександрович,Тарарін,М.О.,,23.08.2023,,"Багатомандатний загальнодержавний виборчий округ, ПОЛІТИЧНА ПАРТІЯ ""СЛУГА НАРОДУ"" /№ у списку - 147/",,,0,,"ПОЛІТИЧНА ПАРТІЯ ""СЛУГА НАРОДУ""",50,Безпартійний,147,"освіта вища, адвокат, ТОВ ЮФ ""ГЕЛОН"", безпартійний, судимість відсутня, включений до виборчого списку під № 147.",http://itd.rada.gov.ua/mps/info/page/23136,http://static.rada.gov.ua/dep_img9/sn147.jpg,sn147,1,24.04.1979,Вища,,,адвокат,"ТОВ ЮФ ""ГЕЛОН""",ні,так,
22204,456|462,mp-sn145_skl9,9,Короленко-Усова Валентина Юріївна,Валентина,Юріївна,Короленко-Усова,В.Ю.,Короленко Валентина Юріївна,30.08.2022,,"Багатомандатний загальнодержавний виборчий округ, ПОЛІТИЧНА ПАРТІЯ ""СЛУГА НАРОДУ"" /№ у списку - 145/",,,0,,"ПОЛІТИЧНА ПАРТІЯ ""СЛУГА НАРОДУ""",50,Безпартійний,145,"освіта вища, фізична особа – підприємець, безпартійнa, судимість відсутня, включена до виборчого списку під № 145.",http://itd.rada.gov.ua/mps/info/page/22204,http://static.rada.gov.ua/dep_img9/sn145.jpg,sn145,2,15.05.1984,Вища,,,фізична особа – підприємець,,ні,ні,
11163,463,mp-but26_skl9,9,Соколов Михайло Володимирович,Михайло,Володимирович,Соколов,М.В.,,20.12.2023,,"Багатомандатний загальнодержавний виборчий округ, політична партія Всеукраїнське об'єднання ""Батьківщина"" /№ у списку - 26/",,,0,,"політична партія Всеукраїнське об'єднання ""Батьківщина""",17,"Політична партія Всеукраїнське об'єднання ""Батьківщина""",26,"освіта вища, заступник директора, ТОВ ""Укртранзит"", член політичної партії Всеукраїнське об'єднання ""Батьківщина"", судимість відсутня, включений до виборчого списку під № 26.",http://itd.rada.gov.ua/mps/info/page/11163,http://static.rada.gov.ua/dep_img9/but26.jpg,but26,1,27.11.1967,Вища,,,заступник директора,"ТОВ ""Укртранзит""",ні,ні,
21228,145|464,mp-d168_1_skl9,9,Мезенцева-Федоренко Марія Сергіївна,Марія,Сергіївна,Мезенцева-Федоренко,М.С.,Мезенцева Марія Сергіївна,29.08.2019,,"Виборчий округ № 168, Харківська область",Виборчий округ № 168,168,63,Харківська область,безпартійна,50,Безпартійний,,"освіта вища, фізична особа – підприємець, безпартійнa, судимість відсутня, суб'єкт висування – ПОЛІТИЧНА ПАРТІЯ ""СЛУГА НАРОДУ"".",http://itd.rada.gov.ua/mps/info/page/21228,http://static.rada.gov.ua/dep_img9/d168_1.jpg,d168_1,2,10.12.1989,Вища,,,фізична особа – підприємець,фізична особа – підприємець,ні,ні,
10723,465,mp-but27_skl9,9,Лукашук Богдан Олегович,Богдан,Олегович,Лукашук,Б.О.,,06.12.2024,,"Багатомандатний загальнодержавний виборчий округ, політична партія Всеукраїнське об'єднання ""Батьківщина"" /№ у списку - 27/",,,0,,"політична партія Всеукраїнське об'єднання ""Батьківщина""",17,"Політична партія Всеукраїнське об'єднання ""Батьківщина""",27,"освіта вища, заступник директора з питань охорони праці, ВКП ""Явір-Інвест"", член політичної партії Всеукраїнське об'єднання ""Батьківщина"", судимість відсутня, включений до виборчого списку під № 27.",http://itd.rada.gov.ua/mps/info/page/10723,http://static.rada.gov.ua/dep_img9/but27.jpg,but27,1,10.08.1982,Вища,,,заступник директора з питань охорони праці,"ВКП ""Явір-Інвест""",ні,так,
13191,466,mp-gol26_skl9,9,Ташева Таміла Равілівна,Таміла,Равілівна,Ташева,Т.Р.,,06.12.2024,,"Багатомандатний загальнодержавний виборчий округ, Політична Партія ""ГОЛОС"" /№ у списку - 26/",,,0,,"Політична Партія ""ГОЛОС""",229,"Політична Партія ""ГОЛОС""",26,"освіта вища, голова правління, керівник проекту, ГО ""КримСОС"", член Політичної Партії ""ГОЛОС"", судимість відсутня, включена до виборчого списку під № 26.",http://itd.rada.gov.ua/mps/info/page/13191,http://static.rada.gov.ua/dep_img9/gol26.jpg,gol26,2,01.08.1985,Вища,,,голова правління,"керівник проекту, ГО ""КримСОС""",ні,так,
21136,467,mp-sn35_skl9,9,Коваленко Анна Миколаївна,Анна,Миколаївна,Коваленко,А.М.,,29.08.2019,10.09.2019,"Багатомандатний загальнодержавний виборчий округ, ПОЛІТИЧНА ПАРТІЯ ""СЛУГА НАРОДУ"" /№ у списку - 35/",,,0,,"ПОЛІТИЧНА ПАРТІЯ ""СЛУГА НАРОДУ""",50,Безпартійний,35,"освіта вища, фізична особа – підприємець, безпартійнa, судимість відсутня, включена до виборчого списку під № 35.",http://itd.rada.gov.ua/mps/info/page/21136,http://static.rada.gov.ua/dep_img9/sn35.jpg,sn35,2,05.05.1991,Вища,,,фізична особа – підприємець,фізична особа – підприємець,ні,так,НДУ Особиста письмова заява про складення повноважень
21134,410|467,mp-gol2_skl9,9,Сірко Юлія Леонідівна,Юлія,Леонідівна,Сірко,Ю.Л.,Клименко Юлія Леонідівна,29.08.2019,,"Багатомандатний загальнодержавний виборчий округ, Політична Партія ""ГОЛОС"" /№ у списку - 2/",,,0,,"Політична Партія ""ГОЛОС""",229,"Політична Партія ""ГОЛОС""",2,"освіта вища, віцепрезидент, радник ректора, університет ""Київська Школа Економіки"", член Політичної Партії ""ГОЛОС"", судимість відсутня, включена до виборчого списку під № 2.",http://itd.rada.gov.ua/mps/info/page/21134,http://static.rada.gov.ua/dep_img9/gol2.jpg,gol2,2,05.10.1976,Вища,,,віцепрезидент,"радник ректора, університет ""Київська Школа Економіки""",ні,ні,
23746,468,mp-sn149_skl9,9,Мельнік Сергій Васильович,Сергій,Васильович,Мельнік,С.В.,,15.04.2025,,"Багатомандатний загальнодержавний виборчий округ, ПОЛІТИЧНА ПАРТІЯ ""СЛУГА НАРОДУ"" /№ у списку - 149/",,,0,,"ПОЛІТИЧНА ПАРТІЯ ""СЛУГА НАРОДУ""",50,Безпартійний,149,"освіта вища, фізична особа – підприємець, безпартійний, судимість відсутня, включений до виборчого списку під № 149.",http://itd.rada.gov.ua/mps/info/page/23746,http://static.rada.gov.ua/dep_img9/sn149.jpg,sn149,1,25.09.1962,Вища,,,фізична особа – підприємець,,ні,так,
23911,469,mp-sn151_skl9,9,Слинько Дмитро Михайлович,Дмитро,Михайлович,Слинько,Д.М.,,04.11.2025,,"Багатомандатний загальнодержавний виборчий округ, ПОЛІТИЧНА ПАРТІЯ ""СЛУГА НАРОДУ"" /№ у списку - 151/",,,0,,"ПОЛІТИЧНА ПАРТІЯ ""СЛУГА НАРОДУ""",50,Безпартійний,151,"освіта вища, тимчасово не працює, безпартійний, судимість відсутня, включений до виборчого списку під № 151.",http://itd.rada.gov.ua/mps/info/page/23911,http://static.rada.gov.ua/dep_img9/sn151.jpg,sn151,1,29.12.1979,Вища,,,тимчасово не працює,,ні,так,
23989,470,mp-sn156_skl9,9,Карабута Сергій Олександрович,Сергій,Олександрович,Карабута,С.О.,,03.02.2026,,"Багатомандатний загальнодержавний виборчий округ, ПОЛІТИЧНА ПАРТІЯ ""СЛУГА НАРОДУ"" /№ у списку - 156/",,,0,,"ПОЛІТИЧНА ПАРТІЯ ""СЛУГА НАРОДУ""",50,Безпартійний,156,"освіта вища, директор, ТОВ ""Тропікана Тревел"", безпартійний, судимість відсутня, включений до виборчого списку під № 156.",http://itd.rada.gov.ua/mps/info/page/23989,http://static.rada.gov.ua/dep_img9/sn156.jpg,sn156,1,03.01.1983,Вища,,,директор,"ТОВ ""Тропікана Тревел""",ні,так,
24003,471,mp-sn160_skl9,9,Отраднова Олеся Олександрівна,Олеся,Олександрівна,Отраднова,О.О.,,24.02.2026,,"Багатомандатний загальнодержавний виборчий округ, ПОЛІТИЧНА ПАРТІЯ ""СЛУГА НАРОДУ"" /№ у списку - 160/",,,0,,"ПОЛІТИЧНА ПАРТІЯ ""СЛУГА НАРОДУ""",50,Безпартійний,160,"освіта вища, заступник декана юридичного факультету, професор кафедри цивільного права, Київський національний університет імені Тараса Шевченка, безпартійнa, судимість відсутня, включена до виборчого списку під № 160.",http://itd.rada.gov.ua/mps/info/page/24003,http://static.rada.gov.ua/dep_img9/sn160.jpg,sn160,2,14.07.1977,Вища,Київський національний університет імені Тараса Шевченка,професор кафедри цивільного права,заступник декана юридичного факультету,,ні,так,
21700,472,mp-sn161_skl9,9,Київець Олена Валеріївна,Олена,Валеріївна,Київець,О.В.,,28.04.2026,,"Багатомандатний загальнодержавний виборчий округ, ПОЛІТИЧНА ПАРТІЯ ""СЛУГА НАРОДУ"" /№ у списку - 161/",,,0,,"ПОЛІТИЧНА ПАРТІЯ ""СЛУГА НАРОДУ""",50,Безпартійний,161,"освіта вища, професор кафедри міжнародного та європейського права, ДВНЗ ""Київський національний економічний університет імені Вадима Гетьмана"", безпартійнa, судимість відсутня, включена до виборчого списку під № 161.",http://itd.rada.gov.ua/mps/info/page/21700,http://static.rada.gov.ua/dep_img9/sn161.jpg,sn161,2,01.11.1977,Вища,"ДВНЗ ""Київський національний економічний університет імені Вадима Гетьмана""",професор кафедри міжнародного та європейського права,,,ні,так,
24084,473,mp-gol27_skl9,9,Давидюк Микола Іванович,Микола,Іванович,Давидюк,М.І.,,11.06.2026,,"Багатомандатний загальнодержавний виборчий округ, Політична Партія ""ГОЛОС"" /№ у списку - 27/",,,0,,"Політична Партія ""ГОЛОС""",229,"Політична Партія ""ГОЛОС""",27,"освіта вища, фізична особа – підприємець, член Політичної Партії ""ГОЛОС"", судимість відсутня, включений до виборчого списку під № 27.",http://itd.rada.gov.ua/mps/info/page/24084,http://static.rada.gov.ua/dep_img9/gol27.jpg,gol27,1,18.07.1988,Вища,,,фізична особа – підприємець,,ні,так,
11694,474,mp-es29_skl9,9,Левус Андрій Мар'янович,Андрій,Мар'янович,Левус,А.М.,,12.06.2026,,"Багатомандатний загальнодержавний виборчий округ, Політична партія ""Європейська Солідарність"" /№ у списку - 29/",,,0,,"Політична партія ""Європейська Солідарність""",50,Безпартійний,29,"освіта вища, народний депутат України, безпартійний, судимість відсутня, включений до виборчого списку під № 29.",http://itd.rada.gov.ua/mps/info/page/11694,http://static.rada.gov.ua/dep_img9/es29.jpg,es29,1,09.08.1979,Вища,,,народний депутат України,,так,ні,
24152,475,mp-sn163_skl9,9,Моркляник Богдан Васильович,Богдан,Васильович,Моркляник,Б.В.,,18.08.2026,,"Багатомандатний загальнодержавний виборчий округ, ПОЛІТИЧНА ПАРТІЯ ""СЛУГА НАРОДУ"" /№ у списку - 163/",,,0,,"ПОЛІТИЧНА ПАРТІЯ ""СЛУГА НАРОДУ""",50,Безпартійний,163,"освіта вища, директор, Державна організація ""Національний офіс інтелектуальної власності"", безпартійний, судимість відсутня, включений до виборчого списку під № 163.",http://itd.rada.gov.ua/mps/info/page/24152,http://static.rada.gov.ua/dep_img9/sn163.jpg,sn163,1,21.05.1975,Вища,,,директор,"Державна організація ""Національний офіс інтелектуальної власності""",ні,так,
24154,476,mp-sn165_skl9,9,Рєзнікова Вікторія Вікторівна,Вікторія,Вікторівна,Рєзнікова,В.В.,,18.08.2026,,"Багатомандатний загальнодержавний виборчий округ, ПОЛІТИЧНА ПАРТІЯ ""СЛУГА НАРОДУ"" /№ у списку - 165/",,,0,,"ПОЛІТИЧНА ПАРТІЯ ""СЛУГА НАРОДУ""",50,Безпартійний,165,"освіта вища, завідувач кафедри господарського права, Київський національний університет імені Тараса Шевченка, безпартійнa, судимість відсутня, включена до виборчого списку під № 165.",http://itd.rada.gov.ua/mps/info/page/24154,http://static.rada.gov.ua/dep_img9/sn165.jpg,sn165,2,24.09.1978,Вища,Київський національний університет імені Тараса Шевченка,завідувач кафедри господарського права,,,ні,так,
