"№ з/п","Повне найменування","Код суб'єкта управління","Назва суб'єкта управління","Організаційна форма cуб'єкта господарювання (зокрема державні підприємства - ДП, господарські товариства з КПД >50% - ГТ)"
"1","ДЕРЖАВНЕ ПІДПРИЄМСТВО ""АРХІТЕКТУРНО-БУДІВЕЛЬНИЙ ІНЖИНІРИНГ""","0100505","ВІННИЦЬКА ОБЛАСНА ДЕРЖАВНА АДМІНІСТРАЦІЯ","ДП"
"2","ДЕРЖАВНА ОРГАНІЗАЦІЯ ""СЛУЖБА МІСЦЕВИХ АВТОМОБІЛЬНИХ ДОРІГ ТА РОЗВИТКУ ІНФРАСТРУКТУРИ У ВІННИЦЬКІЙ ОБЛАСТІ""","0100505","ВІННИЦЬКА ОБЛАСНА ДЕРЖАВНА АДМІНІСТРАЦІЯ","ДП"
"3","ДЕРЖАВНЕ ПІДПРИЄМСТВО ""СЛУЖБА МІСЦЕВИХ АВТОМОБІЛЬНИХ ДОРІГ У ВОЛИНСЬКІЙ ОБЛАСТІ""","0100507","ВОЛИНСЬКА ОБЛАСНА ДЕРЖАВНА АДМІНІСТРАЦІЯ","ДП"
"4","ДЕРЖАВНЕ ПРОМИСЛОВЕ ПІДПРИЄМСТВО ""КРИВБАСПРОМВОДОПОСТАЧАННЯ""","0100512","ДНІПРОПЕТРОВСЬКА ОБЛАСНА ДЕРЖАВНА АДМІНІСТРАЦІЯ","ДП"
"5","ДЕРЖАВНЕ МІЖРАЙОННЕ ПІДПРИЄМСТВО ВОДОПРОВІДНО-КАНАЛІЗАЦІЙНОГО ГОСПОДАРСТВА ""ДНІПРО-ЗАХІДНИЙ ДОНБАС""","0100512","ДНІПРОПЕТРОВСЬКА ОБЛАСНА ДЕРЖАВНА АДМІНІСТРАЦІЯ","ДП"
"6","ДЕРЖАВНЕ ПІДПРИЄМСТВО ""ДНІПРОПЕТРОВСЬКИЙ РЕГІОНАЛЬНИЙ ЦЕНТР ПО ВИПРОБУВАННЮ БУДІВЕЛЬНИХ МАТЕРІАЛІВ""","0100512","ДНІПРОПЕТРОВСЬКА ОБЛАСНА ДЕРЖАВНА АДМІНІСТРАЦІЯ","ДП"
"7","ДЕРЖАВНЕ ПІДПРИЄМСТВО ""УПРАВЛІННЯ СОФІЇВСЬКОГО ГРУПОВОГО ВОДОПРОВОДУ""","0100512","ДНІПРОПЕТРОВСЬКА ОБЛАСНА ДЕРЖАВНА АДМІНІСТРАЦІЯ","ДП"
"8","ДЕРЖАВНЕ ПІДПРИЄМСТВО ""ЖИЛКОМ""","0100512","ДНІПРОПЕТРОВСЬКА ОБЛАСНА ДЕРЖАВНА АДМІНІСТРАЦІЯ","ДП"
"9","ДЕРЖАВНА ОРГАНІЗАЦІЯ ""СЛУЖБА МІСЦЕВИХ АВТОМОБІЛЬНИХ ДОРІГ ТА РОЗВИТКУ ІНФРАСТРУКТУРИ У ЗАКАРПАТСЬКІЙ ОБЛАСТІ""","0100521","ЗАКАРПАТСЬКА ОБЛАСНА ДЕРЖАВНА АДМІНІСТРАЦІЯ","ДП"
"10","ДЕРЖАВНЕ ПІДПРИЄМСТВО ""МІСЦЕВІ ДОРОГИ ЗАПОРІЗЬКОЇ ОБЛАСТІ""","0100523","ЗАПОРІЗЬКА ОБЛАСНА ДЕРЖАВНА АДМІНІСТРАЦІЯ","ДП"
"11","ДЕРЖАВНА ОРГАНІЗАЦІЯ ""ДОРОГИ ПРИКАРПАТТЯ""","0100526","ІВАНО-ФРАНКІВСЬКА ОБЛАСНА ДЕРЖАВНА АДМІНІСТРАЦІЯ","ДП"
"12","ДЕРЖАВНЕ ПІДПРИЄМСТВО ""АГЕНТСТВО МІСЦЕВИХ АВТОМОБІЛЬНИХ ДОРІГ""","0100535","КІРОВОГРАДСЬКА ОБЛАСНА ДЕРЖАВНА АДМІНІСТРАЦІЯ","ДП"
"13","ОБЛАСНИЙ ФОНД ПІДТРИМКИ ІНДИВІДУАЛЬНОГО ЖИТЛОВОГО БУДІВНИЦТВА НА СЕЛІ","0100546","ЛЬВІВСЬКА ОБЛАСНА ДЕРЖАВНА АДМІНІСТРАЦІЯ","ДП"
"14","ДЕРЖАВНЕ ПІДПРИЄМСТВО ""ЛЬВІВСЬКЕ ОБЛАСНЕ УПРАВЛІННЯ ТУРИСТИЧНОЇ ІНФОРМАЦІЇ ТА ПОСЛУГ""","0100546","ЛЬВІВСЬКА ОБЛАСНА ДЕРЖАВНА АДМІНІСТРАЦІЯ","ДП"
"15","ДЕРЖАВНЕ ПІДПРИЄМСТВО ""АГЕНЦІЯ МІСЦЕВИХ ДОРІГ МИКОЛАЇВСЬКОЇ ОБЛАСТІ""","0100548","МИКОЛАЇВСЬКА ОБЛАСНА ДЕРЖАВНА АДМІНІСТРАЦІЯ","ДП"
"16","ДЕРЖАВНЕ НЕКОМЕРЦІЙНЕ ТОВАРИСТВО ""СЛУЖБА МІСЦЕВИХ АВТОМОБІЛЬНИХ ДОРІГ""","0100551","ОДЕСЬКА ОБЛАСНА ДЕРЖАВНА АДМІНІСТРАЦІЯ","ДП"
"17","ДЕРЖАВНЕ ПІДПРИЄМСТВО ""АГЕНТСТВО МІСЦЕВИХ ДОРІГ ПОЛТАВСЬКОЇ ОБЛАСТІ""","0100553","ПОЛТАВСЬКА ОБЛАСНА ДЕРЖАВНА АДМІНІСТРАЦІЯ","ДП"
"18","БЕРЕЖАНСЬКЕ РАЙОННЕ ДЕРЖАВНЕ АГРОПРОМИСЛОВЕ ПІДПРИЄМСТВО ""БЕРЕЖАНИРАЙАГРОЛІС""","0100561+01007","БЕРЕЖАНСЬКА РАЙОННА ДЕРЖАВНА АДМІНІСТРАЦІЯ","ДП"
"19","ДЕРЖАВНЕ ПІДПРИЄМСТВО ""ХАРКІВСЬКИЙ БУДИНОК ГРАМПЛАТІВОК""","0100563","ХАРКІВСЬКА ОБЛАСНА ДЕРЖАВНА АДМІНІСТРАЦІЯ","ДП"
"20","ДЕРЖАВНЕ ПІДПРИЄМСТВО ""ДОРОГИ ХАРКІВЩИНИ""","0100563","ХАРКІВСЬКА ОБЛАСНА ДЕРЖАВНА АДМІНІСТРАЦІЯ","ДП"
"21","ДЕРЖАВНА УСТАНОВА ""ХАРКІВ-АРЕНА""","0100563","ХАРКІВСЬКА ОБЛАСНА ДЕРЖАВНА АДМІНІСТРАЦІЯ","ДП"
"22","ДЕРЖАВНЕ ПІДПРИЄМСТВО -ХМЕЛЬНИЦЬКИЙ ОБЛАСНИЙ ФОНД ПІДТРИМКИ ІНДИВІДУАЛЬНОГО ЖИТЛОВОГО БУДІВНИЦТВА НА СЕЛІ","0100568","ХМЕЛЬНИЦЬКА ОБЛАСНА ДЕРЖАВНА АДМІНІСТРАЦІЯ","ДП"
"23","ДЕРЖАВНЕ ПІДПРИЄМСТВО ""ХМЕЛЬНИЦЬКА ОБЛАСНА СЛУЖБА ЄДИНОГО ЗАМОВНИКА""","0100568","ХМЕЛЬНИЦЬКА ОБЛАСНА ДЕРЖАВНА АДМІНІСТРАЦІЯ","ДП"
"24","ДЕРЖАВНЕ ПІДПРИЄМСТВО ""СЛУЖБА МІСЦЕВИХ АВТОДОРІГ""","0100568","ХМЕЛЬНИЦЬКА ОБЛАСНА ДЕРЖАВНА АДМІНІСТРАЦІЯ","ДП"
"25","ДЕРЖАВНЕ ПІДПРИЄМСТВО ""ХМЕЛЬНИЦЬКА ОБЛАСНА СЛУЖБА МІСЦЕВИХ АВТОДОРІГ""","0100568","ХМЕЛЬНИЦЬКА ОБЛАСНА ДЕРЖАВНА АДМІНІСТРАЦІЯ","ДП"
"26","ДЕРЖАВНЕ ПІДПРИЄМСТВО ""СЛУЖБА МІСЦЕВИХ АВТОМОБІЛЬНИХ ДОРІГ У ЧЕРКАСЬКІЙ ОБЛАСТІ""","0100571","ЧЕРКАСЬКА ОБЛАСНА ДЕРЖАВНА АДМІНІСТРАЦІЯ","ДП"
"27","ДЕРЖАВНЕ ПІДПРИЄМСТВО ""АГЕНТСТВО МІСЦЕВИХ ДОРІГ ЧЕРНІГІВСЬКОЇ ОБЛАСТІ""","0100574","ЧЕРНІГІВСЬКА ОБЛАСНА ДЕРЖАВНА АДМІНІСТРАЦІЯ","ДП"
"28","ДЕРЖАВНЕ МАЛЕ ПІДПРИЄМСТВО ""КВАНТ-ОПТИКА""","0100580","КИЇВСЬКА МІСЬКА ДЕРЖАВНА АДМІНІСТРАЦІЯ","ДП"
"29","ДЕРЖАВНЕ НАУКОВО-ВИРОБНИЧЕ ПІДПРИЄМСТВО ""ЗАХІД""","0100580","КИЇВСЬКА МІСЬКА ДЕРЖАВНА АДМІНІСТРАЦІЯ","ДП"
"30","ДЕРЖАВНЕ ПІДПРИЄМСТВО КИЇВСЬКИЙ ДЕРЖАВНИЙ НАУКОВО-ДОСЛІДНИЙ ІНСТИТУТ ""КОМЕТА""","0100580","КИЇВСЬКА МІСЬКА ДЕРЖАВНА АДМІНІСТРАЦІЯ","ДП"
"31","ДЕРЖАВНЕ ПІДПРИЄМСТВО -КИЇВСЬКЕ ВИРОБНИЧЕ ПІДПРИЄМСТВО ""ПРОТОН""","0100580","КИЇВСЬКА МІСЬКА ДЕРЖАВНА АДМІНІСТРАЦІЯ","ДП"
"32","ДЕРЖАВНЕ ПІДПРИЄМСТВО КИЇВСЬКЕ СПЕЦІАЛЬНЕ КОНСТРУКТОРСЬКО -ТЕХНОЛОГІЧНЕ БЮРО ""ДНІПРО""","0100580","КИЇВСЬКА МІСЬКА ДЕРЖАВНА АДМІНІСТРАЦІЯ","ДП"
"33","ДЕРЖАВНЕ ПІДПРИЄМСТВО КИЇВСЬКЕ СПЕЦІАЛІЗОВАНЕ ПІДПРИЄМСТВО ОБЧИСЛЮВАЛЬНОЇ ТЕХНІКИ ТА ІНФОРМАТИКИ","0100580","КИЇВСЬКА МІСЬКА ДЕРЖАВНА АДМІНІСТРАЦІЯ","ДП"
"34","НАУКОВО-ТЕХНІЧНЕ ДЕРЖАВНЕ ПІДПРИЄМСТВО ""РАДИКАЛ""","0100580","КИЇВСЬКА МІСЬКА ДЕРЖАВНА АДМІНІСТРАЦІЯ","ДП"
"35","""ЛЕНІНСЬКИЙ ВИНОРОБНИЙ ЗАВОД""","03005","МІНІСТЕРСТВО АГРАРНОЇ ПОЛІТИКИ ТА ПРОДОВОЛЬСТВА АВТОНОМНОЇ РЕСПУБЛІКИ КРИМ","ДП"
"36","КРАСНОПАРТИЗАНСЬКИЙ ВИНОРОБНИЙ ЗАВОД","03005","МІНІСТЕРСТВО АГРАРНОЇ ПОЛІТИКИ ТА ПРОДОВОЛЬСТВА АВТОНОМНОЇ РЕСПУБЛІКИ КРИМ","ДП"
"37","ДЕРЖАВНЕ СІЛЬСЬКОГОСПОДАРСЬКЕ ПІДПРИЄМСТВО ""АГРОПРОМКОМБІНАТ ""ВИНОГРАДНИЙ""","03005","МІНІСТЕРСТВО АГРАРНОЇ ПОЛІТИКИ ТА ПРОДОВОЛЬСТВА АВТОНОМНОЇ РЕСПУБЛІКИ КРИМ","ДП"
"38","ДЕРЖАВНЕ ПІДПРИЄМСТВО РАДГОСП-ЗАВОД ""ЄВПАТОРІЙСЬКИЙ""","03005","МІНІСТЕРСТВО АГРАРНОЇ ПОЛІТИКИ ТА ПРОДОВОЛЬСТВА АВТОНОМНОЇ РЕСПУБЛІКИ КРИМ","ДП"
"39","ДЕРЖАВНЕ ПІДПРИЄМСТВО РАДГОСП-ЗАВОД ІМ.1 МАЯ","03005","МІНІСТЕРСТВО АГРАРНОЇ ПОЛІТИКИ ТА ПРОДОВОЛЬСТВА АВТОНОМНОЇ РЕСПУБЛІКИ КРИМ","ДП"
"40","ДЕРЖАВНЕ ПІДПРИЄМСТВО АГРОПРОМИСЛОВА ФІРМА ""ПРИБРЕЖНА""","03005","МІНІСТЕРСТВО АГРАРНОЇ ПОЛІТИКИ ТА ПРОДОВОЛЬСТВА АВТОНОМНОЇ РЕСПУБЛІКИ КРИМ","ДП"
"41","РАДГОСП-ЗАВОД ""ПЕРЕДГІР'Я""","03005","МІНІСТЕРСТВО АГРАРНОЇ ПОЛІТИКИ ТА ПРОДОВОЛЬСТВА АВТОНОМНОЇ РЕСПУБЛІКИ КРИМ","ДП"
"42","ДЕРЖАВНЕ ПІДПРИЄМСТВО ""БІЛОГІРСЬКИЙ ВИНОРОБНИЙ ЗАВОД""","03005","МІНІСТЕРСТВО АГРАРНОЇ ПОЛІТИКИ ТА ПРОДОВОЛЬСТВА АВТОНОМНОЇ РЕСПУБЛІКИ КРИМ","ДП"
"43","НОВОСЕЛІВСЬКИЙ ВИНОРОБНИЙ ЗАВОД","03005","МІНІСТЕРСТВО АГРАРНОЇ ПОЛІТИКИ ТА ПРОДОВОЛЬСТВА АВТОНОМНОЇ РЕСПУБЛІКИ КРИМ","ДП"
"44","ДЕРЖАВНЕ ПІДПРИЄМСТВО ""ПЕРВОМАЙСЬКИЙ ВИНОРОБНИЙ ЗАВОД""","03005","МІНІСТЕРСТВО АГРАРНОЇ ПОЛІТИКИ ТА ПРОДОВОЛЬСТВА АВТОНОМНОЇ РЕСПУБЛІКИ КРИМ","ДП"
"45","ВІЙСЬКОВИЙ РАДГОСП ""ГУРЗУФСЬКИЙ""","03005","МІНІСТЕРСТВО АГРАРНОЇ ПОЛІТИКИ ТА ПРОДОВОЛЬСТВА АВТОНОМНОЇ РЕСПУБЛІКИ КРИМ","ДП"
"46","ДЕРЖАВНЕ ПІДПРИЄМСТВО ""СІЛЬСЬКОГОСПОДАРСЬКЕ ПІДПРИЄМСТВО ""ПЛОДОВОД""","03005","МІНІСТЕРСТВО АГРАРНОЇ ПОЛІТИКИ ТА ПРОДОВОЛЬСТВА АВТОНОМНОЇ РЕСПУБЛІКИ КРИМ","ДП"
"47","ДЕРЖАВНЕ ПІДПРИЄМСТВО ""ДЕРЖАВНЕ СІЛЬСЬКОГОСПОДАРСЬКЕ ПІДПРИЄМСТВО ""СОНЯЧНЕ""","03005","МІНІСТЕРСТВО АГРАРНОЇ ПОЛІТИКИ ТА ПРОДОВОЛЬСТВА АВТОНОМНОЇ РЕСПУБЛІКИ КРИМ","ДП"
"48","ДЕРЖАВНЕ ПІДПРИЄМСТВО ""САКСЬКИЙ ВИНОРОБНИЙ ЗАВОД""","03005","МІНІСТЕРСТВО АГРАРНОЇ ПОЛІТИКИ ТА ПРОДОВОЛЬСТВА АВТОНОМНОЇ РЕСПУБЛІКИ КРИМ","ДП"
"49","ДЕРЖАВНЕ ПІДПРИЄМСТВО ""ЕНЕРГОРИНОК""","11000","КАБІНЕТ МІНІСТРІВ УКРАЇНИ","ДП"
"50","ДЕРЖАВНЕ ПІДПРИЄМСТВО РЕДАКЦІЯ ГАЗЕТИ ""УРЯДОВИЙ КУР'ЄР""","11000","КАБІНЕТ МІНІСТРІВ УКРАЇНИ","ДП"
"51","ДЕРЖАВНЕ ПІДПРИЄМСТВО ""МУЛЬТИМЕДІЙНА ПЛАТФОРМА ІНОМОВЛЕННЯ УКРАЇНИ""","11000","КАБІНЕТ МІНІСТРІВ УКРАЇНИ","ДП"
"52","ДЕРЖАВНЕ ПІДПРИЄМСТВО ""ГАРАНТОВАНИЙ ПОКУПЕЦЬ""","11000","КАБІНЕТ МІНІСТРІВ УКРАЇНИ","ДП"
"53","ВОСЬМИЙ ВОЄНІЗОВАНИЙ ГІРНИЧОРЯТУВАЛЬНИЙ ЗАГІН","11074","МІНІСТЕРСТВО ЕНЕРГЕТИКИ УКРАЇНИ","ДП"
"54","ДЕСЯТИЙ ВОЄНІЗОВАНИЙ ГІРНИЧОРЯТУВАЛЬНИЙ ЗАГІН","11074","МІНІСТЕРСТВО ЕНЕРГЕТИКИ УКРАЇНИ","ДП"
"55","ДЕРЖАВНЕ ПІДПРИЄМСТВО ""ДЕРЖАВНИЙ НАУКОВО-ДОСЛІДНИЙ, ПРОЕКТНО-КОНСТРУКТОРСЬКИЙ І ПРОЕКТНИЙ ІНСТИТУТ ВУГІЛЬНОЇ ПРОМИСЛОВОСТІ ""УКРНДІПРОЕКТ""","11074","МІНІСТЕРСТВО ЕНЕРГЕТИКИ УКРАЇНИ","ДП"
"56","ДЕРЖАВНЕ ПІДПРИЄМСТВО ""ДИРЕКЦІЯ ПО БУДІВНИЦТВУ ОБ'ЄКТІВ""","11074","МІНІСТЕРСТВО ЕНЕРГЕТИКИ УКРАЇНИ","ДП"
"57","ДЕРЖАВНЕ ПІДПРИЄМСТВО ""ДОНЕЦЬКИЙ НАУКОВО- ДОСЛІДНИЙ ВУГІЛЬНИЙ ІНСТИТУТ""","11074","МІНІСТЕРСТВО ЕНЕРГЕТИКИ УКРАЇНИ","ДП"
"58","ДЕРЖАВНА УСТАНОВА ""НАВЧАЛЬНО-МЕТОДИЧНИЙ ЦЕНТР З ГАЗОВОЇ БЕЗПЕКИ""","11074","МІНІСТЕРСТВО ЕНЕРГЕТИКИ УКРАЇНИ","ДП"
"59","ДЕРЖАВНЕ ПІДПРИЄМСТВО ПІВДЕННИЙ ДЕРЖАВНИЙ ВИРОБНИЧИЙ ВПРОВАДЖУВАЛЬНИЙ ЦЕНТР НЕТРАДИЦІЙНИХ ДЖЕРЕЛ ЕНЕРГІЇ ""БОЯР""","11074","МІНІСТЕРСТВО ЕНЕРГЕТИКИ УКРАЇНИ","ДП"
"60","ДЕРЖАВНЕ ПІДПРИЄМСТВО ""СХІДНИЙ ГІРНИЧО-ЗБАГАЧУВАЛЬНИЙ КОМБІНАТ""","11074","МІНІСТЕРСТВО ЕНЕРГЕТИКИ УКРАЇНИ","ДП"
"61","ЦЕНТРАЛЬНИЙ ШТАБ ДЕРЖАВНОЇ ВОЄНІЗОВАНОЇ ГІРНИЧОРЯТУВАЛЬНОЇ СЛУЖБИ У ВУГІЛЬНІЙ ПРОМИСЛОВОСТІ","11074","МІНІСТЕРСТВО ЕНЕРГЕТИКИ УКРАЇНИ","ДП"
"62","ДЕРЖАВНЕ ПІДПРИЄМСТВО СЕЛИДІВСЬКЕ ВИРОБНИЧЕ УПРАВЛІННЯ ПО ЕКОЛОГІЇ РЕГІОНАЛЬНОГО ВИРОБНИЧОГО ОБ'ЄДНАННЯ ""УКРВУГЛЕЕКОЛОГІЯ""","11074","МІНІСТЕРСТВО ЕНЕРГЕТИКИ УКРАЇНИ","ДП"
"63","ДЕРЖАВНЕ ПІДПРИЄМСТВО ДОНУЗЛАВСЬКА ВІТРОВА ЕЛЕКТРОСТАНЦІЯ","11074","МІНІСТЕРСТВО ЕНЕРГЕТИКИ УКРАЇНИ","ДП"
"64","ДЕРЖАВНЕ ПІДПРИЄМСТВО ""ДЕРЖАВНА ПАЛИВНА КОМПАНІЯ ""МАСМА""","11074","МІНІСТЕРСТВО ЕНЕРГЕТИКИ УКРАЇНИ","ДП"
"65","ДЕРЖАВНЕ ПІДПРИЄМСТВО ""БАР'ЄР""","11074","МІНІСТЕРСТВО ЕНЕРГЕТИКИ УКРАЇНИ","ДП"
"66","ДЕРЖАВНЕ ПІДПРИЄМСТВО ""ВУГІЛЬНА КОМПАНІЯ ""КРАСНОЛИМАНСЬКА""","11074","МІНІСТЕРСТВО ЕНЕРГЕТИКИ УКРАЇНИ","ДП"
"67","ДЕРЖАВНЕ ПІДПРИЄМСТВО ""МИРНОГРАДВУГІЛЛЯ""","11074","МІНІСТЕРСТВО ЕНЕРГЕТИКИ УКРАЇНИ","ДП"
"68","ДЕРЖАВНЕ ПІДПРИЄМСТВО ""ЛЬВІВВУГІЛЛЯ""","11074","МІНІСТЕРСТВО ЕНЕРГЕТИКИ УКРАЇНИ","ДП"
"69","ДЕРЖАВНЕ ПІДПРИЄМСТВО ""ВОЛИНЬВУГІЛЛЯ""","11074","МІНІСТЕРСТВО ЕНЕРГЕТИКИ УКРАЇНИ","ДП"
"70","ДЕРЖАВНЕ ПІДПРИЄМСТВО ""РЕГІОНАЛЬНІ ЕЛЕКТРИЧНІ МЕРЕЖІ""","11074","МІНІСТЕРСТВО ЕНЕРГЕТИКИ УКРАЇНИ","ДП"
"71","ДЕРЖАВНЕ ПІДПРИЄМСТВО ""УКРШАХТГІДРОЗАХИСТ""","11074","МІНІСТЕРСТВО ЕНЕРГЕТИКИ УКРАЇНИ","ДП"
"72","ДЕРЖАВНЕ ПІДПРИЄМСТВО ДОНЕЦЬКА ОБЛАСНА ДИРЕКЦІЯ З ЛІКВІДАЦІЇ ЗБИТКОВИХ ВУГЛЕДОБУВНИХ ТА ВУГЛЕПЕРЕРОБНИХ ПІДПРИЄМСТВ","11074","МІНІСТЕРСТВО ЕНЕРГЕТИКИ УКРАЇНИ","ДП"
"73","ДЕРЖАВНЕ ПІДПРИЄМСТВО ""ЛУГАНСЬКА ОБЛАСНА ДИРЕКЦІЯ З ЛІКВІДАЦІЇ ЗБИТКОВИХ ВУГЛЕДОБУВНИХ ТА ВУГЛЕПЕРЕРОБНИХ ПІДПРИЄМСТВ""","11074","МІНІСТЕРСТВО ЕНЕРГЕТИКИ УКРАЇНИ","ДП"
"74","ДЕРЖАВНЕ ПІДПРИЄМСТВО ""38 ВІДДІЛ ІНЖЕНЕРНО-ТЕХНІЧНИХ ЧАСТИН""","11074","МІНІСТЕРСТВО ЕНЕРГЕТИКИ УКРАЇНИ","ДП"
"75","ДЕРЖАВНЕ ПІДПРИЄМСТВО ""ШАХТА ""НОВА""","11074","МІНІСТЕРСТВО ЕНЕРГЕТИКИ УКРАЇНИ","ДП"
"76","ДЕРЖАВНЕ ПІДПРИЄМСТВО ""СЕЛИДІВВУГІЛЛЯ""","11074","МІНІСТЕРСТВО ЕНЕРГЕТИКИ УКРАЇНИ","ДП"
"77","ДЕРЖАВНЕ ПІДПРИЄМСТВО ""ТОРЕЦЬКВУГІЛЛЯ""","11074","МІНІСТЕРСТВО ЕНЕРГЕТИКИ УКРАЇНИ","ДП"
"78","ЛЬВІВСЬКО-ВОЛИНСЬКИЙ ВОЄНІЗОВАНИЙ ГІРНИЧОРЯТУВАЛЬНИЙ (АВАРІЙНО-РЯТУВАЛЬНИЙ) ЗАГІН","11074","МІНІСТЕРСТВО ЕНЕРГЕТИКИ УКРАЇНИ","ДП"
"79","ДЕРЖАВНЕ ПІДПРИЄМСТВО ""ШАХТОУПРАВЛІННЯ ""ПІВДЕННОДОНБАСЬКЕ № 1""","11074","МІНІСТЕРСТВО ЕНЕРГЕТИКИ УКРАЇНИ","ДП"
"80","ДЕРЖАВНЕ ПІДПРИЄМСТВО ""ШАХТА ІМ.Д.С.КОРОТЧЕНКА""","11074","МІНІСТЕРСТВО ЕНЕРГЕТИКИ УКРАЇНИ","ДП"
"81","ДЕРЖАВНЕ ПІДПРИЄМСТВО ""ПЕРЕДПУСКОВА ДИРЕКЦІЯ ШАХТИ №10 ""НОВОВОЛИНСЬКА""","11074","МІНІСТЕРСТВО ЕНЕРГЕТИКИ УКРАЇНИ","ДП"
"82","ДЕРЖАВНИЙ КОНЦЕРН ""ЯДЕРНЕ ПАЛИВО""","11074","МІНІСТЕРСТВО ЕНЕРГЕТИКИ УКРАЇНИ","ДП"
"83","ДЕРЖАВНЕ ПІДПРИЄМСТВО ""НАУКОВО-ТЕХНІЧНИЙ ЦЕНТР ""ВУГЛЕІННОВАЦІЯ""","11074","МІНІСТЕРСТВО ЕНЕРГЕТИКИ УКРАЇНИ","ДП"
"84","ДЕРЖАВНЕ ПІДПРИЄМСТВО ""ОБ'ЄДНАНА КОМПАНІЯ ""УКРВУГЛЕРЕСТРУКТУРИЗАЦІЯ""","11074","МІНІСТЕРСТВО ЕНЕРГЕТИКИ УКРАЇНИ","ДП"
"85","ДЕРЖАВНЕ ПІДПРИЄМСТВО ""ШАХТА ""ПІВДЕННОДОНБАСЬКА №3 ІМ. М.С. СУРГАЯ""","11074","МІНІСТЕРСТВО ЕНЕРГЕТИКИ УКРАЇНИ","ДП"
"86","ДЕРЖАВНЕ ПІДПРИЄМСТВО ""ШАХТА №1 ""НОВОВОЛИНСЬКА""","11074","МІНІСТЕРСТВО ЕНЕРГЕТИКИ УКРАЇНИ","ДП"
"87","ДЕРЖАВНЕ ПІДПРИЄМСТВО ""ШАХТА ""ЗАРІЧНА""","11074","МІНІСТЕРСТВО ЕНЕРГЕТИКИ УКРАЇНИ","ДП"
"88","ДЕРЖАВНЕ ПІДПРИЄМСТВО ""ШАХТА ІМ. М. С. СУРГАЯ""","11074","МІНІСТЕРСТВО ЕНЕРГЕТИКИ УКРАЇНИ","ДП"
"89","ДЕРЖАВНЕ ПІДПРИЄМСТВО ""ШАХТА №9 ""НОВОВОЛИНСЬКА""","11074","МІНІСТЕРСТВО ЕНЕРГЕТИКИ УКРАЇНИ","ДП"
"90","ДЕРЖАВНЕ ПІДПРИЄМСТВО ""УКРВУГІЛЛЯ""","11074","МІНІСТЕРСТВО ЕНЕРГЕТИКИ УКРАЇНИ","ДП"
"91","ДЕРЖАВНЕ ПІДПРИЄМСТВО ""ДОБРОПІЛЛЯВУГІЛЛЯ-ВИДОБУТОК""","11074","МІНІСТЕРСТВО ЕНЕРГЕТИКИ УКРАЇНИ","ДП"
"92","ДЕРЖАВНЕ ПІДПРИЄМСТВО ""МОРСЬКИЙ НАФТОВИЙ ТЕРМІНАЛ ""ПІВДЕННИЙ""","11074","МІНІСТЕРСТВО ЕНЕРГЕТИКИ УКРАЇНИ","ДП"
"93","ДЕРЖАВНЕ ПІДПРИЄМСТВО ""НАВЧАЛЬНО - ДОСЛІДНЕ ГОСПОДАРСТВО ""КОМУНАР"" КРИМСЬКОГО ДЕРЖАВНОГО АГРОТЕХНОЛОГІЧНОГО УНІВЕРСТИТЕТУ""","11085","МІНІСТЕРСТВО ОСВІТИ І НАУКИ УКРАЇНИ ","ДП"
"94","ДЕРЖАВНЕ ПІДПРИЄМСТВО ""НАВЧАЛЬНО-ДОСЛІДНЕ ГОСПОДАРСТВО ""ДУБЛЯНСЬКИЙ "" ЛЬВІВСЬКОГО ДЕРЖАВНОГО АГРАРНОГО УНІВЕРСИТЕТУ""","11085","МІНІСТЕРСТВО ОСВІТИ І НАУКИ УКРАЇНИ ","ДП"
"95","ДЕРЖАВНЕ ПІДПРИЄМСТВО ""НАВЧАЛЬНО-ДОСЛІДНИЙ ПЛЕМІННИЙ ПТАХІВНИЧИЙ ЗАВОД ІМЕНІ ФРУНЗЕ НАЦІОНАЛЬНОГО УНІВЕРСИТЕТУ БІОРЕСУРСІВ І ПРИРОДОКОРИСТУВАННЯ УКРАЇНИ""","11085","МІНІСТЕРСТВО ОСВІТИ І НАУКИ УКРАЇНИ ","ДП"
"96","ВОЛИНСЬКЕ ПІДПРИЄМСТВО ПО ТОРГІВЛІ ТА ПОСТАЧАННЮ МІНІСТЕРСТВА ОСВІТИ УКРАЇНИ","11085","МІНІСТЕРСТВО ОСВІТИ І НАУКИ УКРАЇНИ ","ДП"
"97","ДЕРЖАВНЕ ПІДПРИЄМСТВО ""ОБ'ЄДНАННЯ ПО ТОРГІВЛІ ТА ПОСТАЧАННЮ""","11085","МІНІСТЕРСТВО ОСВІТИ І НАУКИ УКРАЇНИ ","ДП"
"98","ДЕРЖАВНЕ ПІДПРИЄМСТВО ЗАПОРІЗЬКИЙ ДЕРЖАВНИЙ ЦЕНТР НАУКИ, ІННОВАЦІЙ ТА ІНФОРМАТИЗАЦІЇ","11085","МІНІСТЕРСТВО ОСВІТИ І НАУКИ УКРАЇНИ ","ДП"
"99","ДЕРЖАВНЕ ПІДПРИЄМСТВО ""РІВНЕНСЬКИЙ ДЕРЖАВНИЙ ЦЕНТР НАУКИ, ІННОВАЦІЙ ТА ІНФОРМАТИЗАЦІЇ""","11085","МІНІСТЕРСТВО ОСВІТИ І НАУКИ УКРАЇНИ ","ДП"
"100","ДЕРЖАВНЕ ПІДПРИЄМСТВО ""КЕРУЮЧА КОМПАНІЯ ЗІ СТВОРЕННЯ ПРЕЗИДЕНТСЬКОГО УНІВЕРСИТЕТУ""","11085","МІНІСТЕРСТВО ОСВІТИ І НАУКИ УКРАЇНИ ","ДП"
"101","ДЕРЖАВНЕ ПІДПРИЄМСТВО ЛЕГКОГО МАШИНОБУДУВАННЯ ""ЧЕРНІВЦІЛЕГМАШ""","11085","МІНІСТЕРСТВО ОСВІТИ І НАУКИ УКРАЇНИ ","ДП"
"102","ДОЧІРНЄ ПІДПРИЄМСТВО КИЇВСЬКОГО НАЦІОНАЛЬНОГО УНІВЕРСИТЕТУ ТЕХНОЛОГІЙ ТА ДИЗАЙНУ МАЛЕ НАУКОВО-ВИРОБНИЧЕ ВПРОВАДЖУВАЛЬНЕ ПІДПРИЄМСТВО ""ЕКМА""","11085","МІНІСТЕРСТВО ОСВІТИ І НАУКИ УКРАЇНИ ","ДП"
"103","НАВЧАЛЬНО-НАУКОВИЙ ЗАКЛАД ВИЩОЇ ОСВІТИ ""ДОСЛІДНИЦЬКИЙ ЦЕНТР ЛЬВІВСЬКОЇ ПОЛІТЕХНІКИ""","11085","МІНІСТЕРСТВО ОСВІТИ І НАУКИ УКРАЇНИ ","ДП"
"104","ДОЧІРНЄ ПІДПРИЄМСТВО ""ВІКТОРІС"" СТРУКТУРНИЙ ПІДРОЗДІЛ КІРОВОГРАДСЬКОГО ФНМЦ ""СЕНСЕКО-ГАРМОНІЯ"" НДІ ПСИХОЛОГІЇ МНО УКРАЇНИ","11085","МІНІСТЕРСТВО ОСВІТИ І НАУКИ УКРАЇНИ ","ДП"
"105","ОДЕСЬКИЙ ДЕРЖАВНИЙ ЦЕНТР НАУКОВО-ТЕХНІЧНОЇ І ЕКОНОМІЧНОЇ ІНФОРМАЦІЇ","11085","МІНІСТЕРСТВО ОСВІТИ І НАУКИ УКРАЇНИ ","ДП"
"106","ДЕРЖАВНЕ ПІДПРИЄМСТВО ""БАЗОВИЙ ЦЕНТР КРИТИЧНИХ ТЕХНОЛОГІЙ ""МІКРОТЕК""","11085","МІНІСТЕРСТВО ОСВІТИ І НАУКИ УКРАЇНИ ","ДП"
"107","ДЕРЖАВНЕ ІНВЕСТИЦІЙНО-БУДІВЕЛЬНЕ ГОСПРОЗРАХУНКОВЕ ПІДПРИЄМСТВО ""ІНВЕСТБУД-3000""","11085","МІНІСТЕРСТВО ОСВІТИ І НАУКИ УКРАЇНИ ","ДП"
"108","ДЕРЖАВНЕ ПІДПРИЄМСТВО ""УКРАЇНСЬКИЙ ДЕРЖАВНИЙ ЦЕНТР МІЖНАРОДНОЇ ОСВІТИ""","11085","МІНІСТЕРСТВО ОСВІТИ І НАУКИ УКРАЇНИ ","ДП"
"109","ДЕРЖАВНЕ ПІДПРИЄМСТВО ""ІНФОРМАЦІЙНО-ІМІДЖЕВИЙ ЦЕНТР""","11085","МІНІСТЕРСТВО ОСВІТИ І НАУКИ УКРАЇНИ ","ДП"
"110","ДЕРЖАВНЕ ПІДПРИЄМСТВО ""ІНФОРЕСУРС""","11085","МІНІСТЕРСТВО ОСВІТИ І НАУКИ УКРАЇНИ ","ДП"
"111","ДЕРЖАВНЕ НЕКОМЕРЦІЙНЕ ПІДПРИЄМСТВО ""ФОНД ПРЕЗИДЕНТА УКРАЇНИ З ПІДТРИМКИ ОСВІТИ, НАУКИ ТА СПОРТУ""","11085","МІНІСТЕРСТВО ОСВІТИ І НАУКИ УКРАЇНИ ","ДП"
"112","ДЕРЖАВНЕ НЕКОМЕРЦІЙНЕ ПІДПРИЄМСТВО ""ДЕРЖАВНИЙ УНІВЕРСИТЕТ ""КИЇВСЬКИЙ АВІАЦІЙНИЙ ІНСТИТУТ""","11085","МІНІСТЕРСТВО ОСВІТИ І НАУКИ УКРАЇНИ ","ДП"
"113","ДЕРЖАВНА ІННОВАЦІЙНА ФІНАНСОВО-КРЕДИТНА УСТАНОВА","14084","МІНІСТЕРСТВО ОБОРОНИ УКРАЇНИ","ДП"
"114","ДОЧІРНЄ ПІДПРИЄМСТВО ДЕРЖАВНОЇ КОМПАНІЇ ""УКРСПЕЦЕКСПОРТ"" ДЕРЖАВНЕ ПІДПРИЄМСТВО ""СПЕЦІАЛІЗОВАНА ЗОВНІШНЬОТОРГОВЕЛЬНА ФІРМА ""ПРОГРЕС""","14084","МІНІСТЕРСТВО ОБОРОНИ УКРАЇНИ","ДП"
"115","ДЕРЖАВНЕ ПІДПРИЄМСТВО ""ЛЬВІВСЬКИЙ ВІЙСЬКОВИЙ ЛІСОКОМБІНАТ""","14084","МІНІСТЕРСТВО ОБОРОНИ УКРАЇНИ","ДП"
"116","55 УПРАВЛІННЯ НАЧАЛЬНИКА РОБІТ","14084","МІНІСТЕРСТВО ОБОРОНИ УКРАЇНИ","ДП"
"117","ДЕРЖАВНЕ ПІДПРИЄМСТВО МІНІСТЕРСТВА ОБОРОНИ УКРАЇНИ ""КИЇВСЬКА КОНТОРА МАТЕРІАЛЬНО-ТЕХНІЧНОГО ЗАБЕЗПЕЧЕННЯ""","14084","МІНІСТЕРСТВО ОБОРОНИ УКРАЇНИ","ДП"
"118","ДЕРЖАВНЕ ПІДПРИЄМСТВО ""ЧЕРКАСЬКЕ ВІЙСЬКОВЕ ЛІСНИЦТВО""","14084","МІНІСТЕРСТВО ОБОРОНИ УКРАЇНИ","ДП"
"119","ДЕРЖАВНЕ ПІДПРИЄМСТВО МІНІСТЕРСТВА ОБОРОНИ УКРАЇНИ ""ОДЕСЬКИЙ ПРОЕКТНИЙ ІНСТИТУТ""","14084","МІНІСТЕРСТВО ОБОРОНИ УКРАЇНИ","ДП"
"120","ДЕРЖАВНЕ ПІДПРИЄМСТВО ГРОМАДСЬКОГО ХАРЧУВАННЯ РЕСТОРАН ""КОЗАЦЬКИЙ""","14084","МІНІСТЕРСТВО ОБОРОНИ УКРАЇНИ","ДП"
"121","ДЕРЖАВНЕ ПІДПРИЄМСТВО МІНІСТЕРСТВА ОБОРОНИ УКРАЇНИ ""ЦЕНТРАЛЬНИЙ ПРОЕКТНИЙ ІНСТИТУТ""","14084","МІНІСТЕРСТВО ОБОРОНИ УКРАЇНИ","ДП"
"122","ДЕРЖАВНЕ ПІДПРИЄМСТВО МІНІСТЕРСТВА ОБОРОНИ УКРАЇНИ ""ЛЬВІВСЬКИЙ ЗАВОД ЗБІРНИХ КОНСТРУКЦІЙ""","14084","МІНІСТЕРСТВО ОБОРОНИ УКРАЇНИ","ДП"
"123","ДЕРЖАВНЕ ПІДПРИЄМСТВО ""ІВАНО-ФРАНКІВСЬКИЙ ВІЙСЬКОВИЙ ЛІСПРОМКОМБІНАТ""","14084","МІНІСТЕРСТВО ОБОРОНИ УКРАЇНИ","ДП"
"124","ДЕРЖАВНЕ ПІДПРИЄМСТВО МІНІСТЕРСТВА ОБОРОНИ УКРАЇНИ ""703 МЕТАЛООБРОБНИЙ ЗАВОД КОТЕЛЬНОГО ОБЛАДНАННЯ""","14084","МІНІСТЕРСТВО ОБОРОНИ УКРАЇНИ","ДП"
"125","ДЕРЖАВНЕ ПІДПРИЄМСТВО МІНІСТЕРСТВА ОБОРОНИ УКРАЇНИ ""ХАРКІВСЬКА КОНТОРА МАТЕРІАЛЬНО-ТЕХНІЧНОГО ЗАБЕЗПЕЧЕННЯ""","14084","МІНІСТЕРСТВО ОБОРОНИ УКРАЇНИ","ДП"
"126","ДЕРЖАВНЕ ПІДПРИЄМСТВО ""ЧЕРКАСЬКИЙ АВТОМОБІЛЬНИЙ РЕМОНТНИЙ ЗАВОД""","14084","МІНІСТЕРСТВО ОБОРОНИ УКРАЇНИ","ДП"
"127","ДЕРЖАВНЕ ПІДПРИЄМСТВО МІНІСТЕРСТВА ОБОРОНИ УКРАЇНИ КИЇВСЬКЕ УПРАВЛІННЯ МЕХАНІЗАЦІЇ І БУДІВНИЦТВА","14084","МІНІСТЕРСТВО ОБОРОНИ УКРАЇНИ","ДП"
"128","ДЕРЖАВНЕ ПІДПРИЄМСТВО МІНІСТЕРСТВА ОБОРОНИ УКРАЇНИ ""ОДЕСЬКИЙ ЗАВОД БУДІВЕЛЬНИХ МАТЕРІАЛІВ""","14084","МІНІСТЕРСТВО ОБОРОНИ УКРАЇНИ","ДП"
"129","ДЕРЖАВНЕ ПІДПРИЄМСТВО МІНІСТЕРСТВА ОБОРОНИ УКРАЇНИ ""БІЛОЦЕРКІВСЬКИЙ ВІЙСЬКОВИЙ ТОРГ""","14084","МІНІСТЕРСТВО ОБОРОНИ УКРАЇНИ","ДП"
"130","643 УПРАВЛІННЯ НАЧАЛЬНИКА РОБІТ","14084","МІНІСТЕРСТВО ОБОРОНИ УКРАЇНИ","ДП"
"131","ДЕРЖАВНЕ ПІДПРИЄМСТВО ""ЛЬВІВСЬКЕ БУДІВЕЛЬНО-МОНТАЖНЕ УПРАВЛІННЯ""","14084","МІНІСТЕРСТВО ОБОРОНИ УКРАЇНИ","ДП"
"132","ДЕРЖАВНЕ ПІДПРИЄМСТВО МІНІСТЕРСТВА ОБОРОНИ УКРАЇНИ ""ХАРКІВСЬКИЙ ЗАВОД ЗАЛІЗОБЕТОННИХ ВИРОБІВ""","14084","МІНІСТЕРСТВО ОБОРОНИ УКРАЇНИ","ДП"
"133","26 ВІДДІЛ ВІЙСЬКОВОЇ ТОРГІВЛІ ЦЕНТРАЛЬНОГО УПРАВЛІННЯ ВІЙСЬКОВОЇ ТОРГІВЛІ ТИЛУ ЗБРОЙНИХ СИЛ УКРАЇНИ","14084","МІНІСТЕРСТВО ОБОРОНИ УКРАЇНИ","ДП"
"134","ДЕРЖАВНЕ ПІДПРИЄМСТВО КИЇВСЬКИЙ МЕХАНІЧНИЙ ЗАВОД МІНІСТЕРСТВА ОБОРОНИ УКРАЇНИ","14084","МІНІСТЕРСТВО ОБОРОНИ УКРАЇНИ","ДП"
"135","ДЕРЖАВНЕ ПІДПРИЄМСТВО ВІЙСЬКТОРГ 394 УПРАВЛІННЯ ТОРГІВЛЯ КИЇВСЬКОГО ВІЙСЬКОВОГО ОКРУГУ","14084","МІНІСТЕРСТВО ОБОРОНИ УКРАЇНИ","ДП"
"136","ДЕРЖАВНЕ ПІДПРИЄМСТВО НАУКОВО-ДОСЛІДНИЙ ІНСТИТУТ РАДІОСИСТЕМ","14084","МІНІСТЕРСТВО ОБОРОНИ УКРАЇНИ","ДП"
"137","ДЕРЖАВНЕ ПІДПРИЄМСТВО МІНІСТЕРСТВА ОБОРОНИ УКРАЇНИ-ЧЕРНІВЕЦЬКИЙ МЕТАЛООБРОБНИЙ ЗАВОД","14084","МІНІСТЕРСТВО ОБОРОНИ УКРАЇНИ","ДП"
"138","ВІЙСЬКОВИЙ РАДГОСП ""ПІВДЕННИЙ""","14084","МІНІСТЕРСТВО ОБОРОНИ УКРАЇНИ","ДП"
"139","ДЕРЖАВНЕ ПІДПРИЄМСТВО МІНІСТЕРСТВА ОБОРОНИ УКРАЇНИ ""КИЇВСЬКЕ УПРАВЛІННЯ НАЧАЛЬНИКА РОБІТ""","14084","МІНІСТЕРСТВО ОБОРОНИ УКРАЇНИ","ДП"
"140","ДЕРЖАВНЕ ПІДПРИЄМСТВО ""УКРАЇНСЬКИЙ ЦЕНТР ""БЕЗПЕКА""","14084","МІНІСТЕРСТВО ОБОРОНИ УКРАЇНИ","ДП"
"141","БІЛОЦЕРКІВСЬКИЙ КОМБІНАТ ПОБУТОВОГО ОБСЛУГОВУВАННЯ ЦЕНТРАЛЬНОГО УПРАВЛІННЯ ВІЙСЬКОВОЇ ТОРГІВЛІ ТИЛУ ЗБРОЙНИХ СИЛ УКРАЇНИ","14084","МІНІСТЕРСТВО ОБОРОНИ УКРАЇНИ","ДП"
"142","ДЕРЖАВНА КОМПАНІЯ З ЕКСПОРТУ ТА ІМПОРТУ ПРОДУКЦІЇ І ПОСЛУГ ВІЙСЬКОВОГО ТА СПЕЦІАЛЬНОГО ПРИЗНАЧЕННЯ ""УКРСПЕЦЕКСПОРТ""","14084","МІНІСТЕРСТВО ОБОРОНИ УКРАЇНИ","ДП"
"143","ДЕРЖАВНЕ ПІДПРИЄМСТВО ЦЕНТРАЛЬНИЙ КОМБІНАТ ПОБУТОВОГО ОБСЛУГОВУВАННЯ ЦЕНТРАЛЬНОГО УПРАВЛІННЯ ВІЙСЬКОВОЇ ТОРГІВЛІ ТИЛУ ЗБРОЙНИХ СИЛ УКРАЇНИ","14084","МІНІСТЕРСТВО ОБОРОНИ УКРАЇНИ","ДП"
"144","ЛЬВІВСЬКА ДЕРЖАВНА ТОРГІВЕЛЬНО-ЗАКУПІВЕЛЬНА БАЗА МІНІСТЕРСТВА ОБОРОНИ УКРАЇНИ","14084","МІНІСТЕРСТВО ОБОРОНИ УКРАЇНИ","ДП"
"145","ДЕРЖАВНЕ ПІДПРИЄМСТВО ОДЕСЬКИЙ ДЕРЕВООБРОБНИЙ КОМБІНАТ МО УКРАЇНИ","14084","МІНІСТЕРСТВО ОБОРОНИ УКРАЇНИ","ДП"
"146","ДЕРЖАВНЕ ПІДПРИЄМСТВО ""КИЇВСЬКИЙ ВІЙСЬКОВИЙ ДЕРЕВООБРОБНИЙ ЗАВОД""","14084","МІНІСТЕРСТВО ОБОРОНИ УКРАЇНИ","ДП"
"147","КОМБІНАТ ГРОМАДСЬКОГО ХАРЧУВАННЯ","14084","МІНІСТЕРСТВО ОБОРОНИ УКРАЇНИ","ДП"
"148","ВІЙСЬКОВИЙ МАГАЗИН ""АВТОМОБІЛІ"" ЦЕНТРАЛЬНОГО УПРАВЛІННЯ ВІЙСЬКОВОЇ ТОРГІВЛІ ТИЛУ ЗБРОЙНИХ СИЛ УКР.","14084","МІНІСТЕРСТВО ОБОРОНИ УКРАЇНИ","ДП"
"149","ОДЕСЬКИЙ ОКРУЖНИЙ ВІЙСЬКОВИЙ УНІВЕРМАГ ЦЕНТРАЛЬНОГО УПРАВЛІННЯ ВІЙСЬКОВОЇ ТОРГІВЛІ ТИЛУ ЗБРОЙНИХ СИЛ УКРАЇНИ","14084","МІНІСТЕРСТВО ОБОРОНИ УКРАЇНИ","ДП"
"150","ДЕРЖАВНЕ ПІДПРИЄМСТВО МІНІСТЕРСТВА ОБОРОНИ УКРАЇНИ ""ЛЬВІВСЬКЕ БУДІВЕЛЬНЕ УПРАВЛІННЯ""","14084","МІНІСТЕРСТВО ОБОРОНИ УКРАЇНИ","ДП"
"151","ДЕРЖАВНЕ ПІДПРИЄМСТВО МІНІСТЕРСТВА ОБОРОНИ УКРАЇНИ ""УКРВІЙСЬКБУД""","14084","МІНІСТЕРСТВО ОБОРОНИ УКРАЇНИ","ДП"
"152","ДЕРЖАВНЕ ПІДПРИЄМСТВО МІНІСТЕРСТВА ОБОРОНИ УКРАЇНИ "" ЗАХІДВІЙСЬКБУД""","14084","МІНІСТЕРСТВО ОБОРОНИ УКРАЇНИ","ДП"
"153","ДЕРЖАВНЕ ПІДПРИЄМСТВО ""КОНТОРА МАТЕРІАЛЬНО-ТЕХНІЧНОГО ЗАБЕЗПЕЧЕННЯ ""УКРВІЙСЬКБУДУ"" МО УКРАЇНИ В М.ХАРКОВІ""","14084","МІНІСТЕРСТВО ОБОРОНИ УКРАЇНИ","ДП"
"154","ДЕРЖАВНЕ ПІДПРИЄМСТВО МІНІСТЕРСТВА ОБОРОНИ УКРАЇНИ ""ХАРКІВСЬКЕ УПРАВЛІННЯ НАЧАЛЬНИКА РОБІТ""","14084","МІНІСТЕРСТВО ОБОРОНИ УКРАЇНИ","ДП"
"155","ДЕРЖАВНЕ ПІДПРИЄМСТВО МІНІСТЕРСТВА ОБОРОНИ УКРАЇНИ ""УКРЕКОБІЗНЕС""","14084","МІНІСТЕРСТВО ОБОРОНИ УКРАЇНИ","ДП"
"156","ДЕРЖАВНЕ ПІДПРИЄМСТВО ""ДОМОУПРАВЛІННЯ АРТЕМІВСЬКОГО ГАРНІЗОНУ "" МІНІСТЕРСТВА ОБОРОНИ УКРАЇНИ","14084","МІНІСТЕРСТВО ОБОРОНИ УКРАЇНИ","ДП"
"157","УСТАНОВА ""28 УПРАВЛІННЯ НАЧАЛЬНИКА РОБІТ""","14084","МІНІСТЕРСТВО ОБОРОНИ УКРАЇНИ","ДП"
"158","ДЕРЖАВНЕ ПІДПРИЄМСТВО ЧЕРНІГІВСЬКИЙ ВІЙСЬКОВИЙ ЛІСГОСП","14084","МІНІСТЕРСТВО ОБОРОНИ УКРАЇНИ","ДП"
"159","ДЕРЖАВНЕ ПІДПРИЄМСТВО МІНІСТЕРСТВА ОБОРОНИ УКРАЇНИ ""ПІВДЕНЬВІЙСЬКБУД""","14084","МІНІСТЕРСТВО ОБОРОНИ УКРАЇНИ","ДП"
"160","ДЕРЖАВНЕ ПІДПРИЄМСТВО МІНІСТЕРСТВА ОБОРОНИ УКРАЇНИ ""МОНТАЖНИК-УКРАЇНА""","14084","МІНІСТЕРСТВО ОБОРОНИ УКРАЇНИ","ДП"
"161","ДЕРЖАВНЕ ПІДПРИЄМСТВО МІНІСТЕРСТВА ОБОРОНИ УКРАЇНИ ""ХАРКІВСЬКЕ УПРАВЛІННЯ МЕХАНІЗАЦІЇ ТА БУДІВНИЦТВА""","14084","МІНІСТЕРСТВО ОБОРОНИ УКРАЇНИ","ДП"
"162","БУДИНКОУПРАВЛІННЯ №1 10 ВІДДІЛЕННЯ МОРСЬКОЇ ІНЖЕНЕРНОЇ СЛУЖБИ","14084","МІНІСТЕРСТВО ОБОРОНИ УКРАЇНИ","ДП"
"163","1 УПРАВЛІННЯ НАЧАЛЬНИКА РОБІТ","14084","МІНІСТЕРСТВО ОБОРОНИ УКРАЇНИ","ДП"
"164","СХІДНЕ УПРАВЛІННЯ КАПІТАЛЬНОГО БУДІВНИЦТВА МІНІСТЕРСТВА ОБОРОНИ УКРАЇНИ","14084","МІНІСТЕРСТВО ОБОРОНИ УКРАЇНИ","ДП"
"165","ДЕРЖАВНЕ ПІДПРИЄМСТВО МІНІСТЕРСТВА ОБОРОНИ УКРАЇНИ ""КИЇВСЬКЕ УПРАВЛІННЯ МЕХАНІЗАЦІЇ І БУДІВНИЦТВА""","14084","МІНІСТЕРСТВО ОБОРОНИ УКРАЇНИ","ДП"
"166","ДОЧІРНЄ ПІДПРИЄМСТВО ДЕРЖАВНОЇ КОМПАНІЇ ""УКРСПЕЦЕКСПОРТ""-ДЕРЖАВНЕ ГОСПРОЗРАХУНКОВЕ ЗОВНІШНЬОТОРГІВЕЛЬНЕ ПІДПРИЄМСТВО ""СПЕЦТЕХНОЕКСПОРТ""","14084","МІНІСТЕРСТВО ОБОРОНИ УКРАЇНИ","ДП"
"167","ДЕРЖАВНЕ ПІДПРИЄМСТВО ""КОНВЕРСЕНЕРГОПРОМ""","14084","МІНІСТЕРСТВО ОБОРОНИ УКРАЇНИ","ДП"
"168","ДЕРЖАВНЕ ПІДПРИЄМСТВО МІНІСТЕРСТВА ОБОРОНИ УКРАЇНИ ""УКРАЇНСЬКА ДОРОЖНЬО-ТРАНСПОРТНА КОМПАНІЯ ""ВОЄНКОНВЕРС-43""","14084","МІНІСТЕРСТВО ОБОРОНИ УКРАЇНИ","ДП"
"169","ДЕРЖАВНЕ ПІДПРИЄМСТВО МІНІСТЕРСТВА ОБОРОНИ УКРАЇНИ ""МОНТАЖНИК-ЛЬВІВ""","14084","МІНІСТЕРСТВО ОБОРОНИ УКРАЇНИ","ДП"
"170","ДЕРЖАВНЕ ПІДПРИЄМСТВО ""УКРСПЕЦКОНВЕРСІЯ""","14084","МІНІСТЕРСТВО ОБОРОНИ УКРАЇНИ","ДП"
"171","ЦЕНТРАЛЬНЕ СПЕЦІАЛІЗОВАНЕ БУДІВЕЛЬНЕ УПРАВЛІННЯ (ГОСПРОЗРАХУНКОВЕ)","14084","МІНІСТЕРСТВО ОБОРОНИ УКРАЇНИ","ДП"
"172","ДЕРЖАВНЕ ПІДПРИЄМСТВО ""ЦЕНТР КОНСАЛТИНГУ ТА ДІЛОВОГО СПІВРОБІТНИЦТВА""","14084","МІНІСТЕРСТВО ОБОРОНИ УКРАЇНИ","ДП"
"173","ДЕРЖАВНЕ ПІДПРИЄМСТВО ""ІНВЕСТЖИТЛО""","14084","МІНІСТЕРСТВО ОБОРОНИ УКРАЇНИ","ДП"
"174","КОНСОРЦІУМ ""ВІЙСЬКОВО - БУДІВЕЛЬНА ІНДУСТРІЯ""","14084","МІНІСТЕРСТВО ОБОРОНИ УКРАЇНИ","ДП"
"175","КОНЦЕРН ""ТЕХВОЄНСЕРВІС""","14084","МІНІСТЕРСТВО ОБОРОНИ УКРАЇНИ","ДП"
"176","КОНЦЕРН ""ВІЙСЬКТОРГСЕРВІС""","14084","МІНІСТЕРСТВО ОБОРОНИ УКРАЇНИ","ДП"
"177","ДЕРЖАВНЕ ПІДПРИЄМСТВО ""УЖГОРОДСЬКЕ ВІЙСЬКОВЕ ЛІСНИЦТВО""","14084","МІНІСТЕРСТВО ОБОРОНИ УКРАЇНИ","ДП"
"178","ДЕРЖАВНЕ ПІДПРИЄМСТВО МІНІСТЕРСТВА ОБОРОНИ УКРАЇНИ ""ОБОРОНАВТОРЕМСЕРВІС""","14084","МІНІСТЕРСТВО ОБОРОНИ УКРАЇНИ","ДП"
"179","ДЕРЖАВНЕ ПІДПРИЄМСТВО ""ЧЕРНІВЕЦЬКЕ ВІЙСЬКОВЕ ЛІСНИЦТВО""","14084","МІНІСТЕРСТВО ОБОРОНИ УКРАЇНИ","ДП"
"180","ДЕРЖАВНЕ ПІДПРИЄМСТВО ""МОСТИСЬКЕ ВІЙСЬКОВЕ ЛІСНИЦТВО""","14084","МІНІСТЕРСТВО ОБОРОНИ УКРАЇНИ","ДП"
"181","ДЕРЖАВНЕ ПІДПРИЄМСТВО ""СКОЛІВСЬКИЙ ВІЙСЬКОВИЙ ЛІСГОСП""","14084","МІНІСТЕРСТВО ОБОРОНИ УКРАЇНИ","ДП"
"182","ДЕРЖАВНЕ ПІДПРИЄМСТВО ""ШЕПЕТІВСЬКИЙ ВІЙСЬКОВИЙ ЛІСГОСП""","14084","МІНІСТЕРСТВО ОБОРОНИ УКРАЇНИ","ДП"
"183","ДЕРЖАВНЕ ПІДПРИЄМСТВО ""ПРИКАРПАТСЬКИЙ ВІЙСЬКОВИЙ ЛІСГОСП""","14084","МІНІСТЕРСТВО ОБОРОНИ УКРАЇНИ","ДП"
"184","ДЕРЖАВНЕ ПІДПРИЄМСТВО ""СТАРИЦЬКИЙ ВІЙСЬКОВИЙ ЛІСГОСП""","14084","МІНІСТЕРСТВО ОБОРОНИ УКРАЇНИ","ДП"
"185","ДЕРЖАВНЕ ПІДПРИЄМСТВО МІНІСТЕРСТВА ОБОРОНИ УКРАЇНИ ""ЦЕНТРАЛЬНИЙ РЕМОНТНИЙ ЗАВОД ЗАСОБІВ ЗВ'ЯЗКУ""","14084","МІНІСТЕРСТВО ОБОРОНИ УКРАЇНИ","ДП"
"186","ДЕРЖАВНЕ ПІДПРИЄМСТВО МІНІСТЕРСТВА ОБОРОНИ УКРАЇНИ ""НАУКОВИЙ ЦЕНТР""","14084","МІНІСТЕРСТВО ОБОРОНИ УКРАЇНИ","ДП"
"187","ДЕРЖАВНЕ ПІДПРИЄМСТВО ""ВОЛИНСЬКИЙ ВІЙСЬКОВИЙ ЛІСГОСП""","14084","МІНІСТЕРСТВО ОБОРОНИ УКРАЇНИ","ДП"
"188","ДЕРЖАВНЕ ПІДПРИЄМСТВО ""МАГЕРІВСЬКИЙ ВІЙСЬКОВИЙ ЛІСГОСП""","14084","МІНІСТЕРСТВО ОБОРОНИ УКРАЇНИ","ДП"
"189","ДЕРЖАВНЕ ПІДПРИЄМСТВО ЯВОРІВСЬКИЙ ВІЙСЬКОВИЙ ЛІСГОСП","14084","МІНІСТЕРСТВО ОБОРОНИ УКРАЇНИ","ДП"
"190","ДЕРЖАВНЕ ПІДПРИЄМСТВО МІНІСТЕРСТВА ОБОРОНИ УКРАЇНИ ""АГЕНЦІЯ ОБОРОННИХ ЗАКУПІВЕЛЬ""","14084","МІНІСТЕРСТВО ОБОРОНИ УКРАЇНИ","ДП"
"191","ДЕРЖАВНЕ ПІДПРИЄМСТВО МІНІСТЕРСТВА ОБОРОНИ УКРАЇНИ ""ДЕРЖАВНИЙ ОПЕРАТОР ТИЛУ""","14084","МІНІСТЕРСТВО ОБОРОНИ УКРАЇНИ","ДП"
"192","ДЕРЖАВНЕ ПІДПРИЄМСТВО ""ІНФОРМАЦІЙНО-ОБЧИСЛЮВАЛЬНИЙ ЦЕНТР МІНІСТЕРСТВА СОЦІАЛЬНОЇ ПОЛІТИКИ УКРАЇНИ""","17074","МІНІСТЕРСТВО СОЦІАЛЬНОЇ ПОЛІТИКИ, СІМ’Ї ТА ЄДНОСТІ УКРАЇНИ","ДП"
"193","ДЕРЖАВНЕ НЕКОМЕРЦІЙНЕ ПІДПРИЄМСТВО ""ЦЕНТР КОМПЛЕКСНОЇ РЕАБІЛІТАЦІЇ ""ГАЛИЧИНА""","17074","МІНІСТЕРСТВО СОЦІАЛЬНОЇ ПОЛІТИКИ, СІМ’Ї ТА ЄДНОСТІ УКРАЇНИ","ДП"
"194","ДЕРЖАВНЕ ПІДПРИЄМСТВО ""УКРАЇНСЬКИЙ ДИТЯЧИЙ ЦЕНТР ""МОЛОДА ГВАРДІЯ""","17074","МІНІСТЕРСТВО СОЦІАЛЬНОЇ ПОЛІТИКИ, СІМ’Ї ТА ЄДНОСТІ УКРАЇНИ","ДП"
"195","ДЕРЖАВНЕ ПІДПРИЄМСТВО ""ІНФОРМАЦІЙНЕ АГЕНТСТВО ""РЕ-ІНФОРМ""","17074","МІНІСТЕРСТВО СОЦІАЛЬНОЇ ПОЛІТИКИ, СІМ’Ї ТА ЄДНОСТІ УКРАЇНИ","ДП"
"196","ДЕРЖАВНЕ НЕКОМЕРЦІЙНЕ ПІДПРИЄМСТВО ""АГЕНЦІЯ НАЦІОНАЛЬНОЇ ЄДНОСТІ""","17074","МІНІСТЕРСТВО СОЦІАЛЬНОЇ ПОЛІТИКИ, СІМ’Ї ТА ЄДНОСТІ УКРАЇНИ","ДП"
"197","ДЕРЖАВНЕ ПІДПРИЄМСТВО -""ГОЛОВНЕ УПРАВЛІННЯ КОМПЛЕКСНОГО ОБСЛУГОВУВАННЯ І БУДІВНИЦТВА ОБ'ЄКТІВ ДИПЛОМАТИЧНОЇ СЛУЖБИ""","17124","МІНІСТЕРСТВО ЗАКОРДОННИХ СПРАВ УКРАЇНИ","ДП"
"198","Державне підприємство ""Науковий центр превентивної токсикології, харчової та хімічної безпеки імені академіка Л.І. Медведя Міністерства охорони здоров'я України""","17184","МІНІСТЕРСТВО ОХОРОНИ ЗДОРОВ'Я УКРАЇНИ","ДП"
"199","ЛЬВІВСЬКЕ ДЕРЖАВНЕ ПІДПРИЄМСТВО ЛІКАРСЬКИХ ПРЕПАРАТІВ ""ЛЬВІВЛІКПРЕПАРАТИ""","17184","МІНІСТЕРСТВО ОХОРОНИ ЗДОРОВ'Я УКРАЇНИ","ДП"
"200","ДЕРЖАВНЕ НЕКОМЕРЦІЙНЕ ПІДПРИЄМСТВО ""ЛЬВІВСЬКИЙ НАЦІОНАЛЬНИЙ МЕДИЧНИЙ УНІВЕРСИТЕТ ІМЕНІ ДАНИЛА ГАЛИЦЬКОГО""","17184","МІНІСТЕРСТВО ОХОРОНИ ЗДОРОВ'Я УКРАЇНИ","ДП"
"201","ДЕРЖАВНЕ НЕКОМЕРЦІЙНЕ ПІДПРИЄМСТВО ""НАЦІОНАЛЬНИЙ ІНСТИТУТ РАКУ""","17184","МІНІСТЕРСТВО ОХОРОНИ ЗДОРОВ'Я УКРАЇНИ","ДП"
"202","ДЕРЖАВНЕ НЕКОМЕРЦІЙНЕ ТОВАРИСТВО УКРАЇНСЬКИЙ НАУКОВО-ДОСЛІДНИЙ ІНСТИТУТ РЕАБІЛІТАЦІЇ ТА КУРОРТОЛОГІЇ МІНІСТЕРСТВА ОХОРОНИ ЗДОРОВ'Я УКРАЇНИ","17184","МІНІСТЕРСТВО ОХОРОНИ ЗДОРОВ'Я УКРАЇНИ","ДП"
"203","ДЕРЖАВНЕ НЕКОМЕРЦІЙНЕ ПІДПРИЄМСТВО ""БАСЕЙНОВА СТОМАТОЛОГІЧНА ПОЛІКЛІНІКА МІНІСТЕРСТВА ОХОРОНИ ЗДОРОВ'Я УКРАЇНИ""","17184","МІНІСТЕРСТВО ОХОРОНИ ЗДОРОВ'Я УКРАЇНИ","ДП"
"204","ДЕРЖАВНЕ НЕКОМЕРЦІЙНЕ ПІДПРИЄМСТВО ""ВСЕУКРАЇНСЬКИЙ ЛІКУВАЛЬНО-РЕАБІЛІТАЦІЙНИЙ ЦЕНТР ""ЦИБЛІ""""","17184","МІНІСТЕРСТВО ОХОРОНИ ЗДОРОВ'Я УКРАЇНИ","ДП"
"205","ДЕРЖАВНЕ ПІДПРИЄМСТВО ЗАВОД ПОЛІМЕРНИХ МЕДИЧНИХ ВИРОБІВ ""МЕДПОЛІМЕР""","17184","МІНІСТЕРСТВО ОХОРОНИ ЗДОРОВ'Я УКРАЇНИ","ДП"
"206","ДЕРЖАВНЕ УКРАЇНСЬКЕ ОБ'ЄДНАННЯ ""ПОЛІТЕХМЕД""","17184","МІНІСТЕРСТВО ОХОРОНИ ЗДОРОВ'Я УКРАЇНИ","ДП"
"207","ДЕРЖАВНЕ НЕКОМЕРЦІЙНЕ ПІДПРИЄМСТВО ""ПРИКАРПАТСЬКИЙ ЦЕНТР РЕПРОДУКЦІЇ ЛЮДИНИ"" МІНІСТЕРСТВА ОХОРОНИ ЗДОРОВ'Я УКРАЇНИ","17184","МІНІСТЕРСТВО ОХОРОНИ ЗДОРОВ'Я УКРАЇНИ","ДП"
"208","ДЕРЖАВНЕ ПІДПРИЄМСТВО ""ДЕРЖАВНИЙ ЕКСПЕРТНИЙ ЦЕНТР МІНІСТЕРСТВА ОХОРОНИ ЗДОРОВ'Я УКРАЇНИ""","17184","МІНІСТЕРСТВО ОХОРОНИ ЗДОРОВ'Я УКРАЇНИ","ДП"
"209","ДЕРЖАВНИЙ ЗАКЛАД ""УКРАЇНСЬКИЙ МЕДИЧНИЙ ЦЕНТР РЕАБІЛІТАЦІЇ ДІТЕЙ З ОРГАНІЧНИМИ УРАЖЕННЯМИ НЕРВОВОЇ СИСТЕМИ МІНІСТЕРСТВА ОХОРОНИ ЗДОРОВ'Я УКРАЇНИ""","17184","МІНІСТЕРСТВО ОХОРОНИ ЗДОРОВ'Я УКРАЇНИ","ДП"
"210","ДЕРЖАВНЕ ПІДПРИЄМСТВО ""УКРВАКЦИНА"" Міністерства охорони здоровя України","17184","МІНІСТЕРСТВО ОХОРОНИ ЗДОРОВ'Я УКРАЇНИ","ДП"
"211","ДЕРЖАВНЕ ПІДПРИЄМСТВО ""КОМІТЕТ З ПИТАНЬ ГІГІЄНІЧНОГО РЕГЛАМЕНТУВАННЯ МІНІСТЕРСТВА ОХОРОНИ ЗДОРОВ'Я УКРАЇНИ""","17184","МІНІСТЕРСТВО ОХОРОНИ ЗДОРОВ'Я УКРАЇНИ","ДП"
"212","ДЕРЖАВНЕ НЕКОМЕРЦІЙНЕ ТОВАРИСТВО ""ЦЕНТР ТЕСТУВАННЯ ПРОФЕСІЙНОЇ КОМПЕТЕНТНОСТІ ФАХІВЦІВ З ВИЩОЮ ОСВІТОЮ НАПРЯМІВ ПІДГОТОВКИ ""МЕДИЦИНА"" І ""ФАРМАЦІЯ"" ПРИ МІНІСТЕРСТВІ ОХОРОНИ ЗДОРОВ'Я УКРАЇНИ","17184","МІНІСТЕРСТВО ОХОРОНИ ЗДОРОВ'Я УКРАЇНИ","ДП"
"213","ДЕРЖАВНЕ НЕКОМЕРЦІЙНЕ ПІДПРИЄМСТВО ""УКРАЇНСЬКИЙ НАУКОВО-ПРАКТИЧНИЙ ЦЕНТР ЕНДОКРИННОЇ ХІРУРГІЇ, ТРАНСПЛАНТАЦІЇ ЕНДОКРИННИХ ОРГАНІВ І ТКАНИН МІНІСТЕРСТВА ОХОРОНИ ЗДОРОВ'Я УКРАЇНИ""","17184","МІНІСТЕРСТВО ОХОРОНИ ЗДОРОВ'Я УКРАЇНИ","ДП"
"214","ДЕРЖАВНЕ ПІДПРИЄМСТВО ГОЩАНСЬКОГО ВІДДІЛУ ""ПРОФДЕЗИНФЕКЦІЯ""","17184","МІНІСТЕРСТВО ОХОРОНИ ЗДОРОВ'Я УКРАЇНИ","ДП"
"215","ДЕРЖАВНЕ НЕКОМЕРЦІЙНЕ ТОВАРИСТВО ""УКРАЇНСЬКИЙ МЕДИЧНИЙ ЦЕНТР РЕАБІЛІТАЦІЇ МАТЕРІ ТА ДИТИНИ МІНІСТЕРСТВА ОХОРОНИ ЗДОРОВ'Я УКРАЇНИ""","17184","МІНІСТЕРСТВО ОХОРОНИ ЗДОРОВ'Я УКРАЇНИ","ДП"
"216","СПЕЦІАЛІЗОВАНЕ ДЕРЖАВНЕ ПІДПРИЄМСТВО ""ОПТИКА-МЕДТЕХНІКА""","17184","МІНІСТЕРСТВО ОХОРОНИ ЗДОРОВ'Я УКРАЇНИ","ДП"
"217","ДЕРЖАВНЕ ПІДПРИЄМСТВО ""ЦЕНТР МЕДИЧНОГО ЗАБЕЗПЕЧЕННЯ МІНІСТЕРСТВА ОХОРОНИ ЗДОРОВЯ УКРАЇНИ""","17184","МІНІСТЕРСТВО ОХОРОНИ ЗДОРОВ'Я УКРАЇНИ","ДП"
"218","ДЕРЖАВНЕ ПІДПРИЄМСТВО ""УКРАЇНСЬКИЙ МЕДИЧНИЙ ЦЕНТР СЕРТИФІКАЦІЇ""","17184","МІНІСТЕРСТВО ОХОРОНИ ЗДОРОВ'Я УКРАЇНИ","ДП"
"219","ДЕРЖАВНЕ НЕКОМЕРЦІЙНЕ ПІДПРИЄМСТВО ""УКРАЇНСЬКИЙ МЕДИЧНИЙ ЦЕНТР АКУШЕРСТВА, ГІНЕКОЛОГІЇ ТА РЕПРОДУКТОЛОГІЇ МІНІСТЕРСТВА ОХОРОНИ ЗДОРОВ'Я УКРАЇНИ""","17184","МІНІСТЕРСТВО ОХОРОНИ ЗДОРОВ'Я УКРАЇНИ","ДП"
"220","ДЕРЖАВНА УСТАНОВА ""ІНСТИТУТ СЕРЦЯ МІНІСТЕРСТВА ОХОРОНИ ЗДОРОВ'Я УКРАЇНИ""","17184","МІНІСТЕРСТВО ОХОРОНИ ЗДОРОВ'Я УКРАЇНИ","ДП"
"221","ДЕРЖАВНЕ ПІДПРИЄМСТВО ""ЕЛЕКТРОННЕ ЗДОРОВ'Я""","17184","МІНІСТЕРСТВО ОХОРОНИ ЗДОРОВ'Я УКРАЇНИ","ДП"
"222","ДЕРЖАВНЕ ПІДПРИЄМСТВО ""МЕДИЧНІ ЗАКУПІВЛІ УКРАЇНИ""","17184","МІНІСТЕРСТВО ОХОРОНИ ЗДОРОВ'Я УКРАЇНИ","ДП"
"223","ДЕРЖАВНЕ ПІДПРИЄМСТВО ""БІОКЛАСТЕР МІНІСТЕРСТВА ОХОРОНИ ЗДОРОВ'Я УКРАЇНИ""","17184","МІНІСТЕРСТВО ОХОРОНИ ЗДОРОВ'Я УКРАЇНИ","ДП"
"224","ДЕРЖАВНЕ ТЕРИТОРІАЛЬНО-ГАЛУЗЕВЕ ОБ'ЄДНАННЯ ""ЛЬВІВСЬКА ЗАЛІЗНИЦЯ""","17214","МІНІСТЕРСТВО РОЗВИТКУ ГРОМАД ТА ТЕРИТОРІЙ УКРАЇНИ","ДП"
"225","ДЕРЖАВНЕ ПІДПРИЄМСТВО ""УКРАЇНСЬКИЙ ДЕРЖАВНИЙ ЦЕНТР ТРАНСПОРТНОГО СЕРВІСУ ""ЛІСКИ""","17214","МІНІСТЕРСТВО РОЗВИТКУ ГРОМАД ТА ТЕРИТОРІЙ УКРАЇНИ","ДП"
"226","ДЕРЖАВНЕ ПІДПРИЄМСТВО ОДЕСЬКА ЗАЛІЗНИЦЯ","17214","МІНІСТЕРСТВО РОЗВИТКУ ГРОМАД ТА ТЕРИТОРІЙ УКРАЇНИ","ДП"
"227","ДЕРЖАВНЕ ПІДПРИЄМСТВО ""ПІВДЕННА ЗАЛІЗНИЦЯ""","17214","МІНІСТЕРСТВО РОЗВИТКУ ГРОМАД ТА ТЕРИТОРІЙ УКРАЇНИ","ДП"
"228","ДЕРЖАВНЕ ПІДПРИЄМСТВО ""ПРИДНІПРОВСЬКА ЗАЛІЗНИЦЯ""","17214","МІНІСТЕРСТВО РОЗВИТКУ ГРОМАД ТА ТЕРИТОРІЙ УКРАЇНИ","ДП"
"229","ДЕРЖАВНЕ ПІДПРИЄМСТВО ""ДОНЕЦЬКА ЗАЛІЗНИЦЯ""","17214","МІНІСТЕРСТВО РОЗВИТКУ ГРОМАД ТА ТЕРИТОРІЙ УКРАЇНИ","ДП"
"230","ДЕРЖАВНЕ ПІДПРИЄМСТВО ""ДОНЕЦЬКИЙ ПРОЕКТНО-ВИШУКУВАЛЬНИЙ ІНСТИТУТ ЗАЛІЗНИЧНОГО ТРАНСПОРТУ УКРАЇНИ""","17214","МІНІСТЕРСТВО РОЗВИТКУ ГРОМАД ТА ТЕРИТОРІЙ УКРАЇНИ","ДП"
"231","ДЕРЖАВНЕ ПІДПРИЄМСТВО ""УКРТРАНСФАРМАЦІЯ""","17214","МІНІСТЕРСТВО РОЗВИТКУ ГРОМАД ТА ТЕРИТОРІЙ УКРАЇНИ","ДП"
"232","ДЕРЖАВНЕ ПІДПРИЄМСТВО ""МИКОЛАЇВСЬКИЙ МОРСЬКИЙ ТОРГОВЕЛЬНИЙ ПОРТ""","17214","МІНІСТЕРСТВО РОЗВИТКУ ГРОМАД ТА ТЕРИТОРІЙ УКРАЇНИ","ДП"
"233","ДЕРЖАВНЕ ПІДПРИЄМСТВО ""ОДЕСЬКИЙ МОРСЬКИЙ ТОРГОВЕЛЬНИЙ ПОРТ""","17214","МІНІСТЕРСТВО РОЗВИТКУ ГРОМАД ТА ТЕРИТОРІЙ УКРАЇНИ","ДП"
"234","ДЕРЖАВНЕ ПІДПРИЄМСТВО ""МОРСЬКИЙ ТОРГОВЕЛЬНИЙ ПОРТ ""ЧОРНОМОРСЬК""","17214","МІНІСТЕРСТВО РОЗВИТКУ ГРОМАД ТА ТЕРИТОРІЙ УКРАЇНИ","ДП"
"235","ДЕРЖАВНЕ ПІДПРИЄМСТВО ""ХЕРСОНСЬКИЙ МОРСЬКИЙ ТОРГОВЕЛЬНИЙ ПОРТ""","17214","МІНІСТЕРСТВО РОЗВИТКУ ГРОМАД ТА ТЕРИТОРІЙ УКРАЇНИ","ДП"
"236","ДЕРЖАВНЕ ПІДПРИЄМСТВО ""МАРІУПОЛЬСЬКИЙ МОРСЬКИЙ ТОРГОВЕЛЬНИЙ ПОРТ""","17214","МІНІСТЕРСТВО РОЗВИТКУ ГРОМАД ТА ТЕРИТОРІЙ УКРАЇНИ","ДП"
"237","ДЕРЖАВНЕ ПІДПРИЄМСТВО ""РЕНІЙСЬКИЙ МОРСЬКИЙ ТОРГОВЕЛЬНИЙ ПОРТ""","17214","МІНІСТЕРСТВО РОЗВИТКУ ГРОМАД ТА ТЕРИТОРІЙ УКРАЇНИ","ДП"
"238","ДЕРЖАВНЕ ПІДПРИЄМСТВО ""ІЗМАЇЛЬСЬКИЙ МОРСЬКИЙ ТОРГОВЕЛЬНИЙ ПОРТ""","17214","МІНІСТЕРСТВО РОЗВИТКУ ГРОМАД ТА ТЕРИТОРІЙ УКРАЇНИ","ДП"
"239","ДЕРЖАВНЕ АВІАПІДПРИЄМСТВО ""ЛЬВІВСЬКІ АВІАЛІНІЇ""","17214","МІНІСТЕРСТВО РОЗВИТКУ ГРОМАД ТА ТЕРИТОРІЙ УКРАЇНИ","ДП"
"240","ДЕРЖАВНЕ ПІДПРИЄМСТВО ""ДЕРЖАВНИЙ АВТОТРАНСПОРТНИЙ НАУКОВО-ДОСЛІДНИЙ І ПРОЕКТНИЙ ІНСТИТУТ""","17214","МІНІСТЕРСТВО РОЗВИТКУ ГРОМАД ТА ТЕРИТОРІЙ УКРАЇНИ","ДП"
"241","УКРАЇНСЬКИЙ ДЕРЖАВНИЙ НАУКОВО-ДОСЛІДНИЙ І ПРОЕКТНО-ВИШУКУВАЛЬНИЙ ІНСТИТУТ ""УКРНДІВОДОКАНАЛПРОЕКТ""","17214","МІНІСТЕРСТВО РОЗВИТКУ ГРОМАД ТА ТЕРИТОРІЙ УКРАЇНИ","ДП"
"242","ДЕРЖАВНЕ ПІДПРИЄМСТВО ""ДЕРЖАВНИЙ НАУКОВО-ДОСЛІДНИЙ ІНСТИТУТ БУДІВЕЛЬНИХ КОНСТРУКЦІЙ""","17214","МІНІСТЕРСТВО РОЗВИТКУ ГРОМАД ТА ТЕРИТОРІЙ УКРАЇНИ","ДП"
"243","ДЕРЖАВНЕ ПІДПРИЄМСТВО ""АДМІНІСТРАТОР МІСТОБУДІВНОГО КАДАСТРУ НА ДЕРЖАВНОМУ РІВНІ""","17214","МІНІСТЕРСТВО РОЗВИТКУ ГРОМАД ТА ТЕРИТОРІЙ УКРАЇНИ","ДП"
"244","ДЕРЖАВНЕ ПІДПРИЄМСТВО ""УКРАЇНСЬКИЙ ДЕРЖАВНИЙ НАУКОВО-ДОСЛІДНИЙ ІНСТИТУТ ПРОЕКТУВАННЯ МІСТ ""ДІПРОМІСТО"" ІМЕНІ Ю.М.БІЛОКОНЯ","17214","МІНІСТЕРСТВО РОЗВИТКУ ГРОМАД ТА ТЕРИТОРІЙ УКРАЇНИ","ДП"
"245","ДЕРЖАВНЕ ПІДПРИЄМСТВО ""ДЕРЖАВНИЙ ІНСТИТУТ ПРОЕКТУВАННЯ МІСТ ""МІСТОПРОЕКТ"" М. ЛЬВІВ""","17214","МІНІСТЕРСТВО РОЗВИТКУ ГРОМАД ТА ТЕРИТОРІЙ УКРАЇНИ","ДП"
"246","ДЕРЖАВНЕ ПІДПРИЄМСТВО ВОДНИХ ШЛЯХІВ ""УКРВОДШЛЯХ""","17214","МІНІСТЕРСТВО РОЗВИТКУ ГРОМАД ТА ТЕРИТОРІЙ УКРАЇНИ","ДП"
"247","ДЕРЖАВНИЙ НАВЧАЛЬНО-ВИРОБНИЧИЙ ЗАКЛАД АВІАЦІЙНОГО ПРОФІЛЮ ""ЗАПОРІЗЬКИЙ ЦЕНТР ЛЬОТНОЇ ПІДГОТОВКИ ІМ. МАРШАЛА АВІАЦІЇ О.І. ПОКРИШКІНА""","17214","МІНІСТЕРСТВО РОЗВИТКУ ГРОМАД ТА ТЕРИТОРІЙ УКРАЇНИ","ДП"
"248","ДЕРЖАВНЕ ПІДПРИЄМСТВО ""ДЕРЖАВНИЙ НАУКОВО-ДОСЛІДНИЙ ТА ПРОЕКТНО-ВИШУКУВАЛЬНИЙ ІНСТИТУТ ""НДІПРОЕКТРЕКОНСТРУКЦІЯ""","17214","МІНІСТЕРСТВО РОЗВИТКУ ГРОМАД ТА ТЕРИТОРІЙ УКРАЇНИ","ДП"
"249","ДЕРЖАВНЕ ПІДПРИЄМСТВО ""МОРСЬКИЙ ТОРГОВЕЛЬНИЙ ПОРТ ""ПІВДЕННИЙ""","17214","МІНІСТЕРСТВО РОЗВИТКУ ГРОМАД ТА ТЕРИТОРІЙ УКРАЇНИ","ДП"
"250","ДЕРЖАВНЕ ТЕРИТОРІАЛЬНО-ГАЛУЗЕВЕ ОБ'ЄДНАННЯ ""ПІВДЕННО-ЗАХІДНА ЗАЛІЗНИЦЯ""","17214","МІНІСТЕРСТВО РОЗВИТКУ ГРОМАД ТА ТЕРИТОРІЙ УКРАЇНИ","ДП"
"251","ДЕРЖАВНЕ ПІДПРИЄМСТВО ""УПРАВЛІННЯ АДМІНІСТРАТИВНИМИ ТА СЛУЖБОВИМИ БУДИНКАМИ""","17214","МІНІСТЕРСТВО РОЗВИТКУ ГРОМАД ТА ТЕРИТОРІЙ УКРАЇНИ","ДП"
"252","УКРАЇНСЬКИЙ ДЕРЖАВНИЙ НАУКОВО-ДОСЛІДНИЙ ТА ПРОЕКТНИЙ ІНСТИТУТ ""УКРНДІПРОЕКТРЕСТАВРАЦІЯ""","17214","МІНІСТЕРСТВО РОЗВИТКУ ГРОМАД ТА ТЕРИТОРІЙ УКРАЇНИ","ДП"
"253","ДЕРЖАВНЕ ПІДПРИЄМСТВО ""УКРКОМУНОБСЛУГОВУВАННЯ""","17214","МІНІСТЕРСТВО РОЗВИТКУ ГРОМАД ТА ТЕРИТОРІЙ УКРАЇНИ","ДП"
"254","ДЕРЖАВНЕ ПІДПРИЄМСТВО МАТЕРІАЛЬНО-ТЕХНІЧНОГО ЗАБЕЗПЕЧЕННЯ ЗАЛІЗНИЧНОГО ТРАНСПОРТУ УКРАЇНИ ""УКРЗАЛІЗНИЧПОСТАЧ""","17214","МІНІСТЕРСТВО РОЗВИТКУ ГРОМАД ТА ТЕРИТОРІЙ УКРАЇНИ","ДП"
"255","ДЕРЖАВНЕ ПІДПРИЄМСТВО ""СТИВІДОРНА КОМПАНІЯ ""ОЛЬВІЯ""","17214","МІНІСТЕРСТВО РОЗВИТКУ ГРОМАД ТА ТЕРИТОРІЙ УКРАЇНИ","ДП"
"256","ДЕРЖАВНЕ ПІДПРИЄМСТВО ОБСЛУГОВУВАННЯ ПОВІТРЯНОГО РУХУ УКРАЇНИ","17214","МІНІСТЕРСТВО РОЗВИТКУ ГРОМАД ТА ТЕРИТОРІЙ УКРАЇНИ","ДП"
"257","ДЕРЖАВНЕ ПІДПРИЄМСТВО ""УКРАЇНСЬКИЙ ДЕРЖАВНИЙ РОЗРАХУНКОВИЙ ЦЕНТР МІЖНАРОДНИХ ПЕРЕВЕЗЕНЬ""","17214","МІНІСТЕРСТВО РОЗВИТКУ ГРОМАД ТА ТЕРИТОРІЙ УКРАЇНИ","ДП"
"258","ДЕРЖАВНЕ ПІДПРИЄМСТВО "" МІЖНАРОДНИЙ АЕРОПОРТ ""БОРИСПІЛЬ""","17214","МІНІСТЕРСТВО РОЗВИТКУ ГРОМАД ТА ТЕРИТОРІЙ УКРАЇНИ","ДП"
"259","ДЕРЖАВНЕ ПІДПРИЄМСТВО ""ГОЛОВНИЙ ІНФОРМАЦІЙНО-ОБЧИСЛЮВАЛЬНИЙ ЦЕНТР ДЕРЖАВНОЇ АДМІНІСТРАЦІЇ ЗАЛІЗНИЧНОГО ТРАНСПОРТУ УКРАЇНИ""","17214","МІНІСТЕРСТВО РОЗВИТКУ ГРОМАД ТА ТЕРИТОРІЙ УКРАЇНИ","ДП"
"260","ДЕРЖАВНЕ ПІДПРИЄМСТВО ""УПРАВЛІННЯ ПРОМИСЛОВИХ ПІДПРИЄМСТВ ДЕРЖАВНОЇ АДМІНІСТРАЦІЇ ЗАЛІЗНИЧНОГО ТРАНСПОРТУ УКРАЇНИ""","17214","МІНІСТЕРСТВО РОЗВИТКУ ГРОМАД ТА ТЕРИТОРІЙ УКРАЇНИ","ДП"
"261","ДЕРЖАВНЕ АВІАЦІЙНЕ ПІДПРИЄМСТВО ""УКРАЇНА""","17214","МІНІСТЕРСТВО РОЗВИТКУ ГРОМАД ТА ТЕРИТОРІЙ УКРАЇНИ","ДП"
"262","ДЕРЖАВНЕ ПІДПРИЄМСТВО ""УКРСЕРВІС МІНТРАНСУ""","17214","МІНІСТЕРСТВО РОЗВИТКУ ГРОМАД ТА ТЕРИТОРІЙ УКРАЇНИ","ДП"
"263","ДЕРЖАВНЕ ПІДПРИЄМСТВО ""МІЖНАРОДНИЙ АЕРОПОРТ ""ЛЬВІВ"" ІМЕНІ ДАНИЛА ГАЛИЦЬКОГО""","17214","МІНІСТЕРСТВО РОЗВИТКУ ГРОМАД ТА ТЕРИТОРІЙ УКРАЇНИ","ДП"
"264","ДЕРЖАВНЕ ПІДПРИЄМСТВО ""АДМІНІСТРАЦІЯ РІЧКОВИХ ПОРТІВ""","17214","МІНІСТЕРСТВО РОЗВИТКУ ГРОМАД ТА ТЕРИТОРІЙ УКРАЇНИ","ДП"
"265","ДЕРЖАВНЕ ПІДПРИЄМСТВО ""ГАЛУЗЕВИЙ ЦЕНТР ЦИФРОВІЗАЦІЇ ТА КІБЕРБЕЗПЕКИ""","17214","МІНІСТЕРСТВО РОЗВИТКУ ГРОМАД ТА ТЕРИТОРІЙ УКРАЇНИ","ДП"
"266","ДЕРЖАВНЕ ПІДПРИЄМСТВО ""СПЕЦІАЛІЗОВАНА ДЕРЖАВНА ЕКСПЕРТНА ОРГАНІЗАЦІЯ-ЦЕНТРАЛЬНА СЛУЖБА УКРАЇНСЬКОЇ ДЕРЖАВНОЇ БУДІВЕЛЬНОЇ ЕКСПЕРТИЗИ""","17214","МІНІСТЕРСТВО РОЗВИТКУ ГРОМАД ТА ТЕРИТОРІЙ УКРАЇНИ","ДП"
"267","ДЕРЖАВНЕ ПІДПРИЄМСТВО ""РОЗРАХУНКОВИЙ ЦЕНТР МІНІСТЕРСТВА ІНФРАСТРУКТУРИ УКРАЇНИ""","17214","МІНІСТЕРСТВО РОЗВИТКУ ГРОМАД ТА ТЕРИТОРІЙ УКРАЇНИ","ДП"
"268","КАЗЕННЕ ПІДПРИЄМСТВО ""МОРСЬКА ПОШУКОВО-РЯТУВАЛЬНА СЛУЖБА""","17214","МІНІСТЕРСТВО РОЗВИТКУ ГРОМАД ТА ТЕРИТОРІЙ УКРАЇНИ","ДП"
"269","ДЕРЖАВНЕ ПІДПРИЄМСТВО ""НАУКОВО-ДОСЛІДНИЙ ІНСТИТУТ БУДІВЕЛЬНОГО ВИРОБНИЦТВА ІМЕНІ В.С. БАЛИЦЬКОГО""","17214","МІНІСТЕРСТВО РОЗВИТКУ ГРОМАД ТА ТЕРИТОРІЙ УКРАЇНИ","ДП"
"270","ДЕРЖАВНЕ ПІДПРИЄМСТВО ""УКРАЇНСЬКИЙ ІНСТИТУТ ІНЖЕНЕРНО-ТЕХНІЧНИХ РОЗВІДУВАНЬ ДЛЯ БУДІВНИЦТВА""","17214","МІНІСТЕРСТВО РОЗВИТКУ ГРОМАД ТА ТЕРИТОРІЙ УКРАЇНИ","ДП"
"271","ДЕРЖАВНЕ ПІДПРИЄМСТВО ""АДМІНІСТРАЦІЯ МОРСЬКИХ ПОРТІВ УКРАЇНИ""","17214","МІНІСТЕРСТВО РОЗВИТКУ ГРОМАД ТА ТЕРИТОРІЙ УКРАЇНИ","ДП"
"272","ДЕРЖАВНЕ ПІДПРИЄМСТВО ""РЕІНТЕГРАЦІЯ ТА ВІДНОВЛЕННЯ""","17214","МІНІСТЕРСТВО РОЗВИТКУ ГРОМАД ТА ТЕРИТОРІЙ УКРАЇНИ","ДП"
"273","ДЕРЖАВНЕ ПІДПРИЄМСТВО ""УКРАЇНСЬКИЙ НАЦІОНАЛЬНИЙ ЦЕНТР РОЗБУДОВИ МИРУ""","17214","МІНІСТЕРСТВО РОЗВИТКУ ГРОМАД ТА ТЕРИТОРІЙ УКРАЇНИ","ДП"
"274","ДЕРЖАВНЕ ПІДПРИЄМСТВО ""ДІЯ""","17241","МІНІСТЕРСТВО ЦИФРОВОЇ ТРАНСФОРМАЦІЇ УКРАЇНИ","ДП"
"275","ДЕРЖАВНЕ ПІДПРИЄМСТВО ""НАЦІОНАЛЬНИЙ ФОНД ІНВЕСТИЦІЙ УКРАЇНИ""","17241","МІНІСТЕРСТВО ЦИФРОВОЇ ТРАНСФОРМАЦІЇ УКРАЇНИ","ДП"
"276","ПІВДЕННЕ КАЗЕННЕ ПІДПРИЄМСТВО ПРОБІРНОГО КОНТРОЛЮ","17284","МІНІСТЕРСТВО ФІНАНСІВ УКРАЇНИ","ДП"
"277","СХІДНЕ КАЗЕННЕ ПІДПРИЄМСТВО ПРОБІРНОГО КОНТРОЛЮ","17284","МІНІСТЕРСТВО ФІНАНСІВ УКРАЇНИ","ДП"
"278","ДЕРЖАВНЕ ПІДПРИЄМСТВО КИЇВСЬКА ОФСЕТНА ФАБРИКА","17284","МІНІСТЕРСТВО ФІНАНСІВ УКРАЇНИ","ДП"
"279","ЦЕНТРАЛЬНЕ КАЗЕННЕ ПІДПРИЄМСТВО ПРОБІРНОГО КОНТРОЛЮ","17284","МІНІСТЕРСТВО ФІНАНСІВ УКРАЇНИ","ДП"
"280","ДЕРЖАВНЕ ПІДПРИЄМСТВО ""СЕРВІСНО-ВИДАВНИЧИЙ ЦЕНТР""","17284","МІНІСТЕРСТВО ФІНАНСІВ УКРАЇНИ","ДП"
"281","ЗАХІДНЕ КАЗЕННЕ ПІДПРИЄМСТВО ПРОБІРНОГО КОНТРОЛЮ","17284","МІНІСТЕРСТВО ФІНАНСІВ УКРАЇНИ","ДП"
"282","ДОНЕЦЬКЕ КАЗЕННЕ ПІДПРИЄМСТВО ПРОБІРНОГО КОНТРОЛЮ","17284","МІНІСТЕРСТВО ФІНАНСІВ УКРАЇНИ","ДП"
"283","ДЕРЖАВНЕ ПІДПРИЄМСТВО ""УПРАВЛІННЯ З ЕКСПЛУАТАЦІЇ МАЙНОВОГО КОМПЛЕКСУ""","17284","МІНІСТЕРСТВО ФІНАНСІВ УКРАЇНИ","ДП"
"284","КРИМСЬКЕ КАЗЕННЕ ПІДПРИЄМСТВО ПРОБІРНОГО КОНТРОЛЮ","17284","МІНІСТЕРСТВО ФІНАНСІВ УКРАЇНИ","ДП"
"285","ДНІПРОПЕТРОВСЬКЕ КАЗЕННЕ ПІДПРИЄМСТВО ПРОБІРНОГО КОНТРОЛЮ","17284","МІНІСТЕРСТВО ФІНАНСІВ УКРАЇНИ","ДП"
"286","ДЕРЖАВНЕ ПІДПРИЄМСТВО ""ЦЕНТР ОЦІНКИ ТА ІНФОРМАЦІЇ""","17294","МІНІСТЕРСТВО ЮСТИЦІЇ УКРАЇНИ","ДП"
"287","""СІЛЬСЬКОГОСПОДАРСЬКЕ ПІДПРИЄМСТВО ""ОКТЯБРЬСКОЕ"" УПРАВЛІННЯ ДЕРЖАВНОЇ ПЕНІТЕНЦІАРНОЇ СЛУЖБИ УКРАЇНИ В ДОНЕЦЬКІЙ ОБЛАСТІ""","17294","МІНІСТЕРСТВО ЮСТИЦІЇ УКРАЇНИ","ДП"
"288","ДЕРЖАВНЕ ПІДПРИЄМСТВО ""ДОСЛІДНО-ЕКСПЕРИМЕНТАЛЬНЕ ПІДПРИЄМСТВО ДЕРЖАВНОЇ КРИМІНАЛЬНО-ВИКОНАВЧОЇ СЛУЖБИ УКРАЇНИ""","17294","МІНІСТЕРСТВО ЮСТИЦІЇ УКРАЇНИ","ДП"
"289","ДЕРЖАВНЕ ПІДПРИЄМСТВО ""ПІДПРИЄМСТВО ДЕРЖАВНОЇ КРИМІНАЛЬНО-ВИКОНАВЧОЇ СЛУЖБИ УКРАЇНИ (№81)""","17294","МІНІСТЕРСТВО ЮСТИЦІЇ УКРАЇНИ","ДП"
"290","ДЕРЖАВНЕ ПІДПРИЄМСТВО ""ПІДПРИЄМСТВО ДЕРЖАВНОЇ КРИМІНАЛЬНО-ВИКОНАВЧОЇ СЛУЖБИ УКРАЇНИ (№123)""","17294","МІНІСТЕРСТВО ЮСТИЦІЇ УКРАЇНИ","ДП"
"291","ДЕРЖАВНЕ ПІДПРИЄМСТВО ""ПІДПРИЄМСТВО ДЕРЖАВНОЇ КРИМІНАЛЬНО-ВИКОНАВЧОЇ СЛУЖБИ УКРАЇНИ (№ 42)""","17294","МІНІСТЕРСТВО ЮСТИЦІЇ УКРАЇНИ","ДП"
"292","ДЕРЖАВНЕ ПІДПРИЄМСТВО ""ПІДПРИЄМСТВО ДЕРЖАВНОЇ КРИМІНАЛЬНО-ВИКОНАВЧОЇ СЛУЖБИ УКРАЇНИ (№84)""","17294","МІНІСТЕРСТВО ЮСТИЦІЇ УКРАЇНИ","ДП"
"293","ДЕРЖАВНЕ ПІДПРИЄМСТВО ""ПІДПРИЄМСТВО ДЕРЖАВНОЇ КРИМІНАЛЬНО-ВИКОНАВЧОЇ СЛУЖБИ УКРАЇНИ (№21)""","17294","МІНІСТЕРСТВО ЮСТИЦІЇ УКРАЇНИ","ДП"
"294","ДЕРЖАВНЕ ПІДПРИЄМСТВО ""ПІДПРИЄМСТВО ДЕРЖАВНОЇ КРИМІНАЛЬНО-ВИКОНАВЧОЇ СЛУЖБИ УКРАЇНИ (№26)""","17294","МІНІСТЕРСТВО ЮСТИЦІЇ УКРАЇНИ","ДП"
"295","ДЕРЖАВНЕ ПІДПРИЄМСТВО ""ПІДПРИЄМСТВО ДЕРЖАВНОЇ КРИМІНАЛЬНО-ВИКОНАВЧОЇ СЛУЖБИ УКРАЇНИ (№ 34)""","17294","МІНІСТЕРСТВО ЮСТИЦІЇ УКРАЇНИ","ДП"
"296","ДЕРЖАВНЕ ПІДПРИЄМСТВО ""СІЛЬСЬКОГОСПОДАРСЬКЕ ПІДПРИЄМСТВО ДЕРЖАВНОЇ КРИМІНАЛЬНО-ВИКОНАВЧОЇ СЛУЖБИ УКРАЇНИ (№75)""","17294","МІНІСТЕРСТВО ЮСТИЦІЇ УКРАЇНИ","ДП"
"297","ДЕРЖАВНЕ ПІДПРИЄМСТВО ""ПІДПРИЄМСТВО ДЕРЖАВНОЇ КРИМІНАЛЬНО-ВИКОНАВЧОЇ СЛУЖБИ УКРАЇНИ (№80)""","17294","МІНІСТЕРСТВО ЮСТИЦІЇ УКРАЇНИ","ДП"
"298","ДЕРЖАВНЕ ПІДПРИЄМСТВО ""ПІДПРИЄМСТВО ДЕРЖАВНОЇ КРИМІНАЛЬНО-ВИКОНАВЧОЇ СЛУЖБИ УКРАЇНИ (№ 89)""","17294","МІНІСТЕРСТВО ЮСТИЦІЇ УКРАЇНИ","ДП"
"299","ДЕРЖАВНЕ ПІДПРИЄМСТВО ""ПІДПРИЄМСТВО ДЕРЖАВНОЇ КРИМІНАЛЬНО-ВИКОНАВЧОЇ СЛУЖБИ УКРАЇНИ (№94)""","17294","МІНІСТЕРСТВО ЮСТИЦІЇ УКРАЇНИ","ДП"
"300","ДЕРЖАВНЕ ПІДПРИЄМСТВО ""ПІДПРИЄМСТВО ДЕРЖАВНОЇ КРИМІНАЛЬНО-ВИКОНАВЧОЇ СЛУЖБИ УКРАЇНИ (№133)""","17294","МІНІСТЕРСТВО ЮСТИЦІЇ УКРАЇНИ","ДП"
"301","ДЕРЖАВНЕ ПІДПРИЄМСТВО ""ПІДПРИЄМСТВО ДЕРЖАВНОЇ КРИМІНАЛЬНО-ВИКОНАВЧОЇ СЛУЖБИ УКРАЇНИ (№ 2)""","17294","МІНІСТЕРСТВО ЮСТИЦІЇ УКРАЇНИ","ДП"
"302","ДЕРЖАВНЕ ПІДПРИЄМСТВО ""ПІДПРИЄМСТВО ЖДАНІВСЬКОЇ ВИПРАВНОЇ КОЛОНІЇ УПРАВЛІННЯ ДЕРЖАВНОЇ ПЕНІТЕНЦІАРНОЇ СЛУЖБИ УКРАЇНИ В ДОНЕЦЬКІЙ ОБЛАСТІ (№3)""","17294","МІНІСТЕРСТВО ЮСТИЦІЇ УКРАЇНИ","ДП"
"303","ДЕРЖАВНЕ ПІДПРИЄМСТВО ""ПІДПРИЄМСТВО КАЛІНІНСЬКОЇ ВИПРАВНОЇ КОЛОНІЇ УПРАВЛІННЯ ДЕРЖАВНОЇ ПЕНІТЕНЦІАРНОЇ СЛУЖБИ УКРАЇНИ В ДОНЕЦЬКІЙ ОБЛАСТІ (№27)""","17294","МІНІСТЕРСТВО ЮСТИЦІЇ УКРАЇНИ","ДП"
"304","ДЕРЖАВНЕ ПІДПРИЄМСТВО ""ПІДПРИЄМСТВО ТОРЕЗЬКОЇ ВИПРАВНОЇ КОЛОНІЇ УПРАВЛІННЯ ДЕРЖАВНОЇ ПЕНІТЕНЦІАРНОЇ СЛУЖБИ УКРАЇНИ В ДОНЕЦЬКІЙ ОБЛАСТІ (№ 28)""","17294","МІНІСТЕРСТВО ЮСТИЦІЇ УКРАЇНИ","ДП"
"305","ДЕРЖАВНЕ ПІДПРИЄМСТВО ""ПІДПРИЄМСТВО МАКІЇВСЬКОЇ ВИПРАВНОЇ КОЛОНІЇ УПРАВЛІННЯ ДЕРЖАВНОЇ ПЕНІТЕНЦІАРНОЇ СЛУЖБИ УКРАЇНИ В ДОНЕЦЬКІЙ ОБЛАСТІ ( № 32)""","17294","МІНІСТЕРСТВО ЮСТИЦІЇ УКРАЇНИ","ДП"
"306","ДЕРЖАВНЕ ПІДПРИЄМСТВО ""ПІДПРИЄМСТВО КІРОВСЬКОЇ ВИПРАВНОЇ КОЛОНІЇ УПРАВЛІННЯ ДЕРЖАВНОЇ ПЕНІТЕНЦІАРНОЇ СЛУЖБИ УКРАЇНИ В ДОНЕЦЬКІЙ ОБЛАСТІ (№33)""","17294","МІНІСТЕРСТВО ЮСТИЦІЇ УКРАЇНИ","ДП"
"307","ДЕРЖАВНЕ ПІДПРИЄМСТВО ""ПІДПРИЄМСТВО ЄНАКІЄВСЬКОЇ ВИПРАВНОЇ КОЛОНІЇ УПРАВЛІННЯ ДЕРЖАВНОЇ ПЕНІТЕНЦІАРНОЇ СЛУЖБИ УКРАЇНИ В ДОНЕЦЬКІЙ ОБЛАСТІ (№ 52)""","17294","МІНІСТЕРСТВО ЮСТИЦІЇ УКРАЇНИ","ДП"
"308","ДЕРЖАВНЕ ПІДПРИЄМСТВО ""ПІДПРИЄМСТВО МІЧУРІНСЬКОЇ ВИПРАВНОЇ КОЛОНІЇ УПРАВЛІННЯ ДЕРЖАВНОЇ ПЕНІТЕНЦІАРНОЇ СЛУЖБИ УКРАЇНИ В ДОНЕЦЬКІЙ ОБЛАСТІ (№57)""","17294","МІНІСТЕРСТВО ЮСТИЦІЇ УКРАЇНИ","ДП"
"309","ДЕРЖАВНЕ ПІДПРИЄМСТВО ""ПІДПРИЄМСТВО ДЕРЖАВНОЇ КРИМІНАЛЬНО-ВИКОНАВЧОЇ СЛУЖБИ УКРАЇНИ (№82)""","17294","МІНІСТЕРСТВО ЮСТИЦІЇ УКРАЇНИ","ДП"
"310","ДЕРЖАВНЕ ПІДПРИЄМСТВО ""ПІДПРИЄМСТВО МИКИТИНСЬКОЇ ВИПРАВНОЇ КОЛОНІЇ УПРАВЛІННЯ ДЕРЖАВНОЇ ПЕНІТЕНЦІАРНОЇ СЛУЖБИ УКРАЇНИ В ДОНЕЦЬКОЇ ОБЛАСТІ (№87)""","17294","МІНІСТЕРСТВО ЮСТИЦІЇ УКРАЇНИ","ДП"
"311","ДЕРЖАВНЕ ПІДПРИЄМСТВО ""ПІДПРИЄМСТВО ЗАХІДНОЇ ВИПРАВНОЇ КОЛОНІЇ УПРАВЛІННЯ ДЕРЖАВНОЇ ПЕНІТЕНЦІАРНОЇ СЛУЖБИ УКРАЇНИ В ДОНЕЦЬКІЙ ОБЛАСТІ (№ 97)""","17294","МІНІСТЕРСТВО ЮСТИЦІЇ УКРАЇНИ","ДП"
"312","ДЕРЖАВНЕ ПІДПРИЄМСТВО ""ПІДПРИЄМСТВО ДЕРЖАВНОЇ КРИМІНАЛЬНО-ВИКОНАВЧОЇ СЛУЖБИ УКРАЇНИ (№107)""","17294","МІНІСТЕРСТВО ЮСТИЦІЇ УКРАЇНИ","ДП"
"313","ДЕРЖАВНЕ ПІДПРИЄМСТВО ""ПІДПРИЄМСТВО ВОЛНОВАСЬКОЇ ВИПРАВНОЇ КОЛОНІЇ УПРАВЛІННЯ ДЕРЖАВНОЇ ПЕНІТЕНЦІАРНОЇ СЛУЖБИ УКРАЇНИ В ДОНЕЦЬКІЙ ОБЛАСТІ (№120)""","17294","МІНІСТЕРСТВО ЮСТИЦІЇ УКРАЇНИ","ДП"
"314","ДЕРЖАВНЕ ПІДПРИЄМСТВО ""ПІДПРИЄМСТВО ДОНЕЦЬКОЇ ВИПРАВНОЇ КОЛОНІЇ УПРАВЛІННЯ ДЕРЖАВНОЇ ПЕНІТЕНЦІАРНОЇ СЛУЖБИ УКРАЇНИ В ДОНЕЦЬКІЙ ОБЛАСТІ (№124)""","17294","МІНІСТЕРСТВО ЮСТИЦІЇ УКРАЇНИ","ДП"
"315","ДЕРЖАВНЕ ПІДПРИЄМСТВО ""ПІДПРИЄМСТВО СНІЖНЯНСЬКОЇ ВИПРАВНОЇ КОЛОНІЇ УПРАВЛІННЯ ДЕРЖАВНОЇ ПЕНІТЕНЦІАРНОЇ СЛУЖБИ УКРАЇНИ В ДОНЕЦЬКІЙ ОБЛАСТІ (№127)""","17294","МІНІСТЕРСТВО ЮСТИЦІЇ УКРАЇНИ","ДП"
"316","ДЕРЖАВНЕ ПІДПРИЄМСТВО ""ПІДПРИЄМСТВО ДЕРЖАВНОЇ КРИМІНАЛЬНО-ВИКОНАВЧОЇ СЛУЖБИ УКРАЇНИ (№138)""","17294","МІНІСТЕРСТВО ЮСТИЦІЇ УКРАЇНИ","ДП"
"317","ДЕРЖАВНЕ ПІДПРИЄМСТВО ""ПІДПРИЄМСТВО ДЕРЖАВНОЇ КРИМІНАЛЬНО-ВИКОНАВЧОЇ СЛУЖБИ УКРАЇНИ (№ 4)""","17294","МІНІСТЕРСТВО ЮСТИЦІЇ УКРАЇНИ","ДП"
"318","ДЕРЖАВНЕ ПІДПРИЄМСТВО ""ПІДПРИЄМСТВО ДЕРЖАВНОЇ КРИМІНАЛЬНО-ВИКОНАВЧОЇ СЛУЖБИ УКРАЇНИ (№70)""","17294","МІНІСТЕРСТВО ЮСТИЦІЇ УКРАЇНИ","ДП"
"319","ДЕРЖАВНЕ ПІДПРИЄМСТВО ""ПІДПРИЄМСТВО ДЕРЖАВНОЇ КРИМІНАЛЬНО-ВИКОНАВЧОЇ СЛУЖБИ УКРАЇНИ (№71)""","17294","МІНІСТЕРСТВО ЮСТИЦІЇ УКРАЇНИ","ДП"
"320","ДЕРЖАВНЕ ПІДПРИЄМСТВО ""ПІДПРИЄМСТВО ДЕРЖАВНОЇ КРИМІНАЛЬНО-ВИКОНАВЧОЇ СЛУЖБИ УКРАЇНИ (№73)""","17294","МІНІСТЕРСТВО ЮСТИЦІЇ УКРАЇНИ","ДП"
"321","ДЕРЖАВНЕ ПІДПРИЄМСТВО ""ПІДПРИЄМСТВО ДЕРЖАВНОЇ КРИМІНАЛЬНО-ВИКОНАВЧОЇ СЛУЖБИ УКРАЇНИ (№8)""","17294","МІНІСТЕРСТВО ЮСТИЦІЇ УКРАЇНИ","ДП"
"322","ДЕРЖАВНЕ ПІДПРИЄМСТВО ""СІЛЬСЬКОГОСПОДАРСЬКЕ ПІДПРИЄМСТВО ДЕРЖАВНОЇ КРИМІНАЛЬНО-ВИКОНАВЧОЇ СЛУЖБИ УКРАЇНИ (№ 1)""","17294","МІНІСТЕРСТВО ЮСТИЦІЇ УКРАЇНИ","ДП"
"323","ДЕРЖАВНЕ ПІДПРИЄМСТВО ""ПІДПРИЄМСТВО ДЕРЖАВНОЇ КРИМІНАЛЬНО-ВИКОНАВЧОЇ СЛУЖБИ УКРАЇНИ (№20)""","17294","МІНІСТЕРСТВО ЮСТИЦІЇ УКРАЇНИ","ДП"
"324","ДЕРЖАВНЕ ПІДПРИЄМСТВО ""ПІДПРИЄМСТВО ДЕРЖАВНОЇ КРИМІНАЛЬНО-ВИКОНАВЧОЇ СЛУЖБИ УКРАЇНИ (№55)""","17294","МІНІСТЕРСТВО ЮСТИЦІЇ УКРАЇНИ","ДП"
"325","ДЕРЖАВНЕ ПІДПРИЄМСТВО ""ПІДПРИЄМСТВО ДЕРЖАВНОЇ КРИМІНАЛЬНО-ВИКОНАВЧОЇ СЛУЖБИ УКРАЇНИ (№77)""","17294","МІНІСТЕРСТВО ЮСТИЦІЇ УКРАЇНИ","ДП"
"326","ДЕРЖАВНЕ ПІДПРИЄМСТВО ""ПІДПРИЄМСТВО ДЕРЖАВНОЇ КРИМІНАЛЬНО-ВИКОНАВЧОЇ СЛУЖБИ УКРАЇНИ (№88)""","17294","МІНІСТЕРСТВО ЮСТИЦІЇ УКРАЇНИ","ДП"
"327","ДЕРЖАВНЕ ПІДПРИЄМСТВО ""ПІДПРИЄМСТВО ДЕРЖАВНОЇ КРИМІНАЛЬНО-ВИКОНАВЧОЇ СЛУЖБИ УКРАЇНИ (№99)""","17294","МІНІСТЕРСТВО ЮСТИЦІЇ УКРАЇНИ","ДП"
"328","ДЕРЖАВНЕ ПІДПРИЄМСТВО ""ПІДПРИЄМСТВО ДЕРЖАВНОЇ КРИМІНАЛЬНО-ВИКОНАВЧОЇ СЛУЖБИ УКРАЇНИ (№101)""","17294","МІНІСТЕРСТВО ЮСТИЦІЇ УКРАЇНИ","ДП"
"329","ДЕРЖАВНЕ ПІДПРИЄМСТВО ""ПІДПРИЄМСТВО ДЕРЖАВНОЇ КРИМІНАЛЬНО-ВИКОНАВЧОЇ СЛУЖБИ УКРАЇНИ (№202)""","17294","МІНІСТЕРСТВО ЮСТИЦІЇ УКРАЇНИ","ДП"
"330","ДЕРЖАВНЕ ПІДПРИЄМСТВО ""ПІДПРИЄМСТВО ДЕРЖАВНОЇ КРИМІНАЛЬНО-ВИКОНАВЧОЇ СЛУЖБИ УКРАЇНИ (№ 41)""","17294","МІНІСТЕРСТВО ЮСТИЦІЇ УКРАЇНИ","ДП"
"331","ДЕРЖАВНЕ ПІДПРИЄМСТВО ""ПІДПРИЄМСТВО ДЕРЖАВНОЇ КРИМІНАЛЬНО-ВИКОНАВЧОЇ СЛУЖБИ УКРАЇНИ (№118)""","17294","МІНІСТЕРСТВО ЮСТИЦІЇ УКРАЇНИ","ДП"
"332","ДЕРЖАВНЕ ПІДПРИЄМСТВО ""ПІДПРИЄМСТВО ДЕРЖАВНОЇ КРИМІНАЛЬНО-ВИКОНАВЧОЇ СЛУЖБИ УКРАЇНИ (№35)""","17294","МІНІСТЕРСТВО ЮСТИЦІЇ УКРАЇНИ","ДП"
"333","ДЕРЖАВНЕ ПІДПРИЄМСТВО ""ПІДПРИЄМСТВО ДЕРЖАВНОЇ КРИМІНАЛЬНО-ВИКОНАВЧОЇ СЛУЖБИ УКРАЇНИ №85""","17294","МІНІСТЕРСТВО ЮСТИЦІЇ УКРАЇНИ","ДП"
"334","ДЕРЖАВНЕ ПІДПРИЄМСТВО ""ПІДПРИЄМСТВО ДЕРЖАВНОЇ КРИМІНАЛЬНО-ВИКОНАВЧОЇ СЛУЖБИ УКРАЇНИ (№95)""","17294","МІНІСТЕРСТВО ЮСТИЦІЇ УКРАЇНИ","ДП"
"335","ДЕРЖАВНЕ ПІДПРИЄМСТВО ""ПІДПРИЄМСТВО ДЕРЖАВНОЇ КРИМІНАЛЬНО-ВИКОНАВЧОЇ СЛУЖБИ УКРАЇНИ (№119)""","17294","МІНІСТЕРСТВО ЮСТИЦІЇ УКРАЇНИ","ДП"
"336","ДЕРЖАВНЕ ПІДПРИЄМСТВО ""СІЛЬСЬКОГОСПОДАРСЬКЕ ПІДПРИЄМСТВО ДЕРЖАВНОЇ КРИМІНАЛЬНО-ВИКОНАВЧОЇ СЛУЖБИ УКРАЇНИ (№ 115)""","17294","МІНІСТЕРСТВО ЮСТИЦІЇ УКРАЇНИ","ДП"
"337","ДЕРЖАВНЕ ПІДПРИЄМСТВО ""СІЛЬСЬКОГОСПОДАРСЬКЕ ПІДПРИЄМСТВО ДЕРЖАВНОЇ КРИМІНАЛЬНО-ВИКОНАВЧОЇ СЛУЖБИ УКРАЇНИ (№37)""","17294","МІНІСТЕРСТВО ЮСТИЦІЇ УКРАЇНИ","ДП"
"338","ДЕРЖАВНЕ ПІДПРИЄМСТВО ""ПІДПРИЄМСТВО СІМФЕРОПОЛЬСЬКОЇ ВИПРАВНОЇ КОЛОНІЇ УПРАВЛІННЯ ДЕРЖАВНОЇ ПЕНІТЕНЦІАРНОЇ СЛУЖБИ УКРАЇНИ В АВТОНОМНІЙ РЕСПУБЛИЦІ КРИМ ТА М.СЕВАСТОПОЛІ (№102)""","17294","МІНІСТЕРСТВО ЮСТИЦІЇ УКРАЇНИ","ДП"
"339","ДЕРЖАВНЕ ПІДПРИЄМСТВО ""ПІДПРИЄМСТВО КЕРЧЕНСЬКОЇ ВИПРАВНОЇ КОЛОНІЇ УПРАВЛІННЯ ДЕРЖАВНОЇ ПЕНІТЕНЦІАРНОЇ СЛУЖБИ УКРАЇНИ В АВТОНОМНІЙ РЕСПУБЛІЦІ КРИМ ТА М.СЕВАСТОПОЛІ (№126)""","17294","МІНІСТЕРСТВО ЮСТИЦІЇ УКРАЇНИ","ДП"
"340","ДЕРЖАВНЕ ПІДПРИЄМСТВО ""ПІДПРИЄМСТВО БРЯНКІВСЬКОЇ ВИПРАВНОЇ КОЛОНІЇ УПРАВЛІННЯ ДЕРЖАВНОЇ ПЕНІТЕНЦІАРНОЇ СЛУЖБИ УКРАЇНИ В ЛУГАНСЬКІЙ ОБЛАСТІ (№11)""","17294","МІНІСТЕРСТВО ЮСТИЦІЇ УКРАЇНИ","ДП"
"341","ДЕРЖАВНЕ ПІДПРИЄМСТВО ""ПІДПРИЄМСТВО АЛЧЕВСЬКОЇ ВИПРАВНОЇ КОЛОНІЇ УПРАВЛІННЯ ДЕРЖАВНОЇ ПЕНІТЕНЦІАРНОЇ СЛУЖБИ УКРАЇНИ В ЛУГАНСЬКІЙ ОБЛАСТІ (№13)","17294","МІНІСТЕРСТВО ЮСТИЦІЇ УКРАЇНИ","ДП"
"342","ДЕРЖАВНЕ ПІДПРИЄМСТВО ""ПІДПРИЄМСТВО ПЕРЕВАЛЬСЬКОЇ ВИПРАВНОЇ КОЛОНІЇ УПРАВЛІННЯ ДЕРЖАВНОЇ ПЕНІТЕНЦІАРНОЇ СЛУЖБИ УКРАЇНИ В ЛУГАНСЬКІЙ ОБЛАСТІ (№15)""","17294","МІНІСТЕРСТВО ЮСТИЦІЇ УКРАЇНИ","ДП"
"343","ДЕРЖАВНЕ ПІДПРИЄМСТВО ""ПІДПРИЄМСТВО КРАСНОЛУЦЬКОЇ ВИПРАВНОЇ КОЛОНІЇ УПРАВЛІННЯ ДЕРЖАВНОЇ ПЕНІТЕНЦІАРНОЇ СЛУЖБИ УКРАЇНИ В ЛУГАНСЬКІЙ ОБЛАСТІ (№19)""","17294","МІНІСТЕРСТВО ЮСТИЦІЇ УКРАЇНИ","ДП"
"344","ДЕРЖАВНЕ ПІДПРИЄМСТВО ""ПІДПРИЄМСТВО КОМІСАРІВСЬКОЇ ВИПРАВНОЇ КОЛОНІЇ УПРАВЛІННЯ ДЕРЖАВНОЇ ПЕНІТЕНЦІАРНОЇ СЛУЖБИ УКРАЇНИ В ЛУГАНСЬКІЙ ОБЛАСТІ ( №22)""","17294","МІНІСТЕРСТВО ЮСТИЦІЇ УКРАЇНИ","ДП"
"345","ДЕРЖАВНЕ ПІДПРИЄМСТВО ""ПІДПРИЄМСТВО ЧОРНУХИНСЬКОЇ ВИПРАВНОЇ КОЛОНІЇ УПРАВЛІННЯ ДЕРЖАВНОЇ ПЕНІТЕНЦІАРНОЇ СЛУЖБИ УКРАЇНИ В ЛУГАНСЬКІЙ ОБЛАСТІ (№23)""","17294","МІНІСТЕРСТВО ЮСТИЦІЇ УКРАЇНИ","ДП"
"346","ДЕРЖАВНЕ ПІДПРИЄМСТВО ПІДПРИЄМСТВО ПЕТРОВСЬКОЇ ВИПРАВНОЇ КОЛОНІЇ УПРАВЛІННЯ ДЕРЖАВНОЇ ПЕНІТЕНЦІАРНОЇ СЛУЖБИ УКРАЇНИ В ЛУГАНСЬКІЙ ОБЛАСТІ (№24)","17294","МІНІСТЕРСТВО ЮСТИЦІЇ УКРАЇНИ","ДП"
"347","ДЕРЖАВНЕ ПІДПРИЄМСТВО ""ПІДПРИЄМСТВО СУХОДІЛЬСЬКОЇ ВИПРАВНОЇ КОЛОНІЇ УПРАВЛІННЯ ДЕРЖАВНОЇ ПЕНІТЕНЦІАРНОЇ СЛУЖБИ УКРАЇНИ В ЛУГАНСЬКІЙ ОБЛАСТІ (№36)""","17294","МІНІСТЕРСТВО ЮСТИЦІЇ УКРАЇНИ","ДП"
"348","ДЕРЖАВНЕ ПІДПРИЄМСТВО ""ПІДПРИЄМСТВО СВЕРДЛОВСЬКОЇ ВИПРАВНОЇ КОЛОНІЇ УПРАВЛІННЯ ДЕРЖАВНОЇ ПЕНІТЕНЦІАРНОЇ СЛУЖБИ УКРАЇНИ В ЛУГАНСЬКІЙ ОБЛАСТІ (№38)""","17294","МІНІСТЕРСТВО ЮСТИЦІЇ УКРАЇНИ","ДП"
"349","""ПІДПРИЄМСТВО СЛОВ'ЯНОСЕРБСЬКОЇ ВИПРАВНОЇ КОЛОНІЇ УПРАВЛІННЯ ДЕРЖАВНОЇ ПЕНІТЕНЦІАРНОЇ СЛУЖБИ УКРАЇНИ В ЛУГАНСЬКІЙ ОБЛАСТІ (№60)""","17294","МІНІСТЕРСТВО ЮСТИЦІЇ УКРАЇНИ","ДП"
"350","ДЕРЖАВНЕ ПІДПРИЄМСТВО ""ПІДПРИЄМСТВО ЧЕРВОНОПАРТИЗАНСЬКОЇ ВИПРАВНОЇ КОЛОНІЇ УПРАВЛІННЯ ДЕРЖАВНОЇ ПЕНІТЕНЦІАРНОЇ СЛУЖБИ УКРАЇНИ В ЛУГАНСЬКІЙ ОБЛАСТІ (№68)""","17294","МІНІСТЕРСТВО ЮСТИЦІЇ УКРАЇНИ","ДП"
"351","ДЕРЖАВНЕ ПІДПРИЄМСТВО ""ПІДПРИЄМСТВО ДЕРЖАВНОЇ КРИМІНАЛЬНО-ВИКОНАВЧОЇ СЛУЖБИ УКРАЇНИ (№30)""","17294","МІНІСТЕРСТВО ЮСТИЦІЇ УКРАЇНИ","ДП"
"352","ДЕРЖАВНЕ ПІДПРИЄМСТВО ""ПІДПРИЄМСТВО ДЕРЖАВНОЇ КРИМІНАЛЬНО-ВИКОНАВЧОЇ СЛУЖБИ УКРАЇНИ (№40)""","17294","МІНІСТЕРСТВО ЮСТИЦІЇ УКРАЇНИ","ДП"
"353","ДЕРЖАВНЕ ПІДПРИЄМСТВО ""ПІДПРИЄМСТВО ДЕРЖАВНОЇ КРИМІНАЛЬНО-ВИКОНАВЧОЇ СЛУЖБИ УКРАЇНИ (№47)""","17294","МІНІСТЕРСТВО ЮСТИЦІЇ УКРАЇНИ","ДП"
"354","ДЕРЖАВНЕ ПІДПРИЄМСТВО ""ПІДПРИЄМСТВО ДЕРЖАВНОЇ КРИМІНАЛЬНО-ВИКОНАВЧОЇ СЛУЖБИ УКРАЇНИ (№48)""","17294","МІНІСТЕРСТВО ЮСТИЦІЇ УКРАЇНИ","ДП"
"355","ДЕРЖАВНЕ ПІДПРИЄМСТВО ""ПІДПРИЄМСТВО ДЕРЖАВНОЇ КРИМІНАЛЬНО-ВИКОНАВЧОЇ СЛУЖБИ УКРАЇНИ (№203)""","17294","МІНІСТЕРСТВО ЮСТИЦІЇ УКРАЇНИ","ДП"
"356","ДЕРЖАВНЕ ПІДПРИЄМСТВО ""ПІДПРИЄМСТВО ДЕРЖАВНОЇ КРИМІНАЛЬНО-ВИКОНАВЧОЇ СЛУЖБИ УКРАЇНИ (№53)""","17294","МІНІСТЕРСТВО ЮСТИЦІЇ УКРАЇНИ","ДП"
"357","ДЕРЖАВНЕ ПІДПРИЄМСТВО ""ПІДПРИЄМСТВО ДЕРЖАВНОЇ КРИМІНАЛЬНО-ВИКОНАВЧОЇ СЛУЖБИ УКРАЇНИ (№83)""","17294","МІНІСТЕРСТВО ЮСТИЦІЇ УКРАЇНИ","ДП"
"358","ДЕРЖАВНЕ ПІДПРИЄМСТВО ""ПІДПРИЄМСТВО ДЕРЖАВНОЇ КРИМІНАЛЬНО-ВИКОНАВЧОЇ СЛУЖБИ УКРАЇНИ (№93)""","17294","МІНІСТЕРСТВО ЮСТИЦІЇ УКРАЇНИ","ДП"
"359","ДЕРЖАВНЕ ПІДПРИЄМСТВО ""ПІДПРИЄМСТВО ДЕРЖАВНОЇ КРИМІНАЛЬНО-ВИКОНАВЧОЇ СЛУЖБИ УКРАЇНИ (№14)""","17294","МІНІСТЕРСТВО ЮСТИЦІЇ УКРАЇНИ","ДП"
"360","ДЕРЖАВНЕ ПІДПРИЄМСТВО ""СІЛЬСЬКОГОСПОДАРСЬКЕ ПІДПРИЄМСТВО ДЕРЖАВНОЇ КРИМІНАЛЬНО-ВИКОНАВЧОЇ СЛУЖБИ УКРАЇНИ ( № 111)""","17294","МІНІСТЕРСТВО ЮСТИЦІЇ УКРАЇНИ","ДП"
"361","ДЕРЖАВНЕ ПІДПРИЄМСТВО ""ПІДПРИЄМСТВО ДЕРЖАВНОЇ КРИМІНАЛЬНО-ВИКОНАВЧОЇ СЛУЖБИ УКРАЇНИ (№64)""","17294","МІНІСТЕРСТВО ЮСТИЦІЇ УКРАЇНИ","ДП"
"362","ДЕРЖАВНЕ ПІДПРИЄМСТВО ""ПІДПРИЄМСТВО ДЕРЖАВНОЇ КРИМІНАЛЬНО-ВИКОНАВЧОЇ СЛУЖБИ УКРАЇНИ (№65)""","17294","МІНІСТЕРСТВО ЮСТИЦІЇ УКРАЇНИ","ДП"
"363","ДЕРЖАВНЕ ПІДПРИЄМСТВО ""ПІДПРИЄМСТВО ДЕРЖАВНОЇ КРИМІНАЛЬНО-ВИКОНАВЧОЇ СЛУЖБИ УКРАЇНИ (№46)""","17294","МІНІСТЕРСТВО ЮСТИЦІЇ УКРАЇНИ","ДП"
"364","ДЕРЖАВНЕ ПІДПРИЄМСТВО ""ПІДПРИЄМСТВО ДЕРЖАВНОЇ КРИМІНАЛЬНО-ВИКОНАВЧОЇ СЛУЖБИ УКРАЇНИ (№76)""","17294","МІНІСТЕРСТВО ЮСТИЦІЇ УКРАЇНИ","ДП"
"365","ДЕРЖАВНЕ ПІДПРИЄМСТВО ""ПІДПРИЄМСТВО ДЕРЖАВНОЇ КРИМІНАЛЬНО-ВИКОНАВЧОЇ СЛУЖБИ УКРАЇНИ (№96)""","17294","МІНІСТЕРСТВО ЮСТИЦІЇ УКРАЇНИ","ДП"
"366","ДЕРЖАВНЕ ПІДПРИЄМСТВО ""ПІДПРИЄМСТВО ДЕРЖАВНОЇ КРИМІНАЛЬНО-ВИКОНАВЧОЇ СЛУЖБИ УКРАЇНИ (№ 131)""","17294","МІНІСТЕРСТВО ЮСТИЦІЇ УКРАЇНИ","ДП"
"367","ДЕРЖАВНЕ ПІДПРИЄМСТВО ""ПІДПРИЄМСТВО ДЕРЖАВНОЇ КРИМІНАЛЬНО-ВИКОНАВЧОЇ СЛУЖБИ УКРАЇНИ (№56)""","17294","МІНІСТЕРСТВО ЮСТИЦІЇ УКРАЇНИ","ДП"
"368","ДЕРЖАВНЕ ПІДПРИЄМСТВО ""ПІДПРИЄМСТВО ДЕРЖАВНОЇ КРИМІНАЛЬНО-ВИКОНАВЧОЇ СЛУЖБИ УКРАЇНИ (№130)""","17294","МІНІСТЕРСТВО ЮСТИЦІЇ УКРАЇНИ","ДП"
"369","ДЕРЖАВНЕ ПІДПРИЄМСТВО ""ПІДПРИЄМСТВО ДЕРЖАВНОЇ КРИМІНАЛЬНО-ВИКОНАВЧОЇ СЛУЖБИ УКРАЇНИ (№ 63)""","17294","МІНІСТЕРСТВО ЮСТИЦІЇ УКРАЇНИ","ДП"
"370","ДЕРЖАВНЕ ПІДПРИЄМСТВО ""ПІДПРИЄМСТВО ДЕРЖАВНОЇ КРИМІНАЛЬНО-ВИКОНАВЧОЇ СЛУЖБИ УКРАЇНИ (№112)""","17294","МІНІСТЕРСТВО ЮСТИЦІЇ УКРАЇНИ","ДП"
"371","ДЕРЖАВНЕ ПІДПРИЄМСТВО ""ПІДПРИЄМСТВО ДЕРЖАВНОЇ КРИМІНАЛЬНО-ВИКОНАВЧОЇ СЛУЖБИ УКРАЇНИ (№12)""","17294","МІНІСТЕРСТВО ЮСТИЦІЇ УКРАЇНИ","ДП"
"372","ДЕРЖАВНЕ ПІДПРИЄМСТВО ""ПІДПРИЄМСТВО ДЕРЖАВНОЇ КРИМІНАЛЬНО-ВИКОНАВЧОЇ СЛУЖБИ УКРАЇНИ (№18)""","17294","МІНІСТЕРСТВО ЮСТИЦІЇ УКРАЇНИ","ДП"
"373","ДЕРЖАВНЕ ПІДПРИЄМСТВО ""ПІДПРИЄМСТВО ДЕРЖАВНОЇ КРИМІНАЛЬНО-ВИКОНАВЧОЇ СЛУЖБИ УКРАЇНИ (№25)""","17294","МІНІСТЕРСТВО ЮСТИЦІЇ УКРАЇНИ","ДП"
"374","ДЕРЖАВНЕ ПІДПРИЄМСТВО ""ПІДПРИЄМСТВО ДЕРЖАВНОЇ КРИМІНАЛЬНО-ВИКОНАВЧОЇ СЛУЖБИ УКРАЇНИ (№43)""","17294","МІНІСТЕРСТВО ЮСТИЦІЇ УКРАЇНИ","ДП"
"375","ДЕРЖАВНЕ ПІДПРИЄМСТВО ""ПІДПРИЄМСТВО ДЕРЖАВНОЇ КРИМІНАЛЬНО-ВИКОНАВЧОЇ СЛУЖБИ УКРАЇНИ (№54)""","17294","МІНІСТЕРСТВО ЮСТИЦІЇ УКРАЇНИ","ДП"
"376","ДЕРЖАВНЕ ПІДПРИЄМСТВО ""ПІДПРИЄМСТВО ДЕРЖАВНОЇ КРИМІНАЛЬНО-ВИКОНАВЧОЇ СЛУЖБИ УКРАЇНИ (№100)""","17294","МІНІСТЕРСТВО ЮСТИЦІЇ УКРАЇНИ","ДП"
"377","ДЕРЖАВНЕ ПІДПРИЄМСТВО ""ПІДПРИЄМСТВО ДЕРЖАВНОЇ КРИМІНАЛЬНО-ВИКОНАВЧОЇ СЛУЖБИ УКРАЇНИ (№ 10)""","17294","МІНІСТЕРСТВО ЮСТИЦІЇ УКРАЇНИ","ДП"
"378","ДЕРЖАВНЕ ПІДПРИЄМСТВО ""ПІДПРИЄМСТВО ДЕРЖАВНОЇ КРИМІНАЛЬНО-ВИКОНАВЧОЇ СЛУЖБИ УКРАЇНИ (№ 90)""","17294","МІНІСТЕРСТВО ЮСТИЦІЇ УКРАЇНИ","ДП"
"379","ДЕРЖАВНЕ ПІДПРИЄМСТВО ""ПІДПРИЄМСТВО ДЕРЖАВНОЇ КРИМІНАЛЬНО-ВИКОНАВЧОЇ СЛУЖБИ УКРАЇНИ (№ 31)""","17294","МІНІСТЕРСТВО ЮСТИЦІЇ УКРАЇНИ","ДП"
"380","ДЕРЖАВНЕ ПІДПРИЄМСТВО ""ПІДПРИЄМСТВО ДЕРЖАВНОЇ КРИМІНАЛЬНО-ВИКОНАВЧОЇ СЛУЖБИ УКРАЇНИ (№ 58)""","17294","МІНІСТЕРСТВО ЮСТИЦІЇ УКРАЇНИ","ДП"
"381","ДЕРЖАВНЕ ПІДПРИЄМСТВО ""ПІДПРИЄМСТВО ДЕРЖАВНОЇ КРИМІНАЛЬНО-ВИКОНАВЧОЇ СЛУЖБИ УКРАЇНИ (№98)""","17294","МІНІСТЕРСТВО ЮСТИЦІЇ УКРАЇНИ","ДП"
"382","ДЕРЖАВНЕ ПІДПРИЄМСТВО ""ПІДПРИЄМСТВО ДЕРЖАВНОЇ КРИМІНАЛЬНО-ВИКОНАВЧОЇ СЛУЖБИ УКРАЇНИ (№62)""","17294","МІНІСТЕРСТВО ЮСТИЦІЇ УКРАЇНИ","ДП"
"383","ДЕРЖАВНЕ ПІДПРИЄМСТВО ""ПІДПРИЄМСТВО ДЕРЖАВНОЇ КРИМІНАЛЬНО-ВИКОНАВЧОЇ СЛУЖБИ УКРАЇНИ (№92)""","17294","МІНІСТЕРСТВО ЮСТИЦІЇ УКРАЇНИ","ДП"
"384","ДЕРЖАВНЕ ПІДПРИЄМСТВО ""ПІДПРИЄМСТВО ДЕРЖАВНОЇ КРИМІНАЛЬНО-ВИКОНАВЧОЇ СЛУЖБИ УКРАЇНИ (№ 91)""","17294","МІНІСТЕРСТВО ЮСТИЦІЇ УКРАЇНИ","ДП"
"385","ДЕРЖАВНЕ ПІДПРИЄМСТВО ""ПІДПРИЄМСТВО ДЕРЖАВНОЇ КРИМІНАЛЬНО-ВИКОНАВЧОЇ СЛУЖБИ УКРАЇНИ (№67)""","17294","МІНІСТЕРСТВО ЮСТИЦІЇ УКРАЇНИ","ДП"
"386","АГРОПРОМИСЛОВЕ ПІДПРИЄМСТВО СІМФЕРОПОЛЬСЬКОЇ ВИПРАВНОЇ КОЛОНІЇ № 102 В АР КРИМ УПРАВЛІННЯ ДЕРЖАВНОГО ДЕПАРТАМЕНТУ УКРАЇНИ З ПИТАНЬ ВИКОНАННЯ ПОКАРАНЬ","17294","МІНІСТЕРСТВО ЮСТИЦІЇ УКРАЇНИ","ДП"
"387","ДЕРЖАВНЕ ПІДПРИЄМСТВО ""НАЦІОНАЛЬНІ ІНФОРМАЦІЙНІ СИСТЕМИ""","17294","МІНІСТЕРСТВО ЮСТИЦІЇ УКРАЇНИ","ДП"
"388","ДЕРЖАВНЕ ПІДПРИЄМСТВО ""СЕТАМ""","17294","МІНІСТЕРСТВО ЮСТИЦІЇ УКРАЇНИ","ДП"
"389","ДЕРЖАВНЕ ПІДПРИЄМСТВО ""ПРОЗОРРО""","18184","МІНІСТЕРСТВО ЕКОНОМІКИ, ДОВКІЛЛЯ ТА СІЛЬСЬКОГО ГОСПОДАРСТВА УКРАЇНИ","ДП"
"390","ДЕРЖАВНЕ ПІДПРИЄМСТВО ""КИЇВСЬКИЙ ОБЛАСНИЙ НАУКОВО-ВИРОБНИЧИЙ ЦЕНТР СТАНДАРТИЗАЦІЇ, МЕТРОЛОГІЇ ТА СЕРТИФІКАЦІЇ""","18184","МІНІСТЕРСТВО ЕКОНОМІКИ, ДОВКІЛЛЯ ТА СІЛЬСЬКОГО ГОСПОДАРСТВА УКРАЇНИ","ДП"
"391","ДЕРЖАВНЕ ПІДПРИЄМСТВО ""КРИВОРІЗЬКИЙ НАУКОВО-ВИРОБНИЧИЙ ЦЕНТР СТАНДАРТИЗАЦІЇ, МЕТРОЛОГІЇ ТА СЕРТИФІКАЦІЇ""","18184","МІНІСТЕРСТВО ЕКОНОМІКИ, ДОВКІЛЛЯ ТА СІЛЬСЬКОГО ГОСПОДАРСТВА УКРАЇНИ","ДП"
"392","ДЕРЖАВНЕ ПІДПРИЄМСТВО ""ІВАНО-ФРАНКІВСЬКИЙ НАУКОВО-ВИРОБНИЧИЙ ЦЕНТР СТАНДАРТИЗАЦІЇ, МЕТРОЛОГІЇ ТА СЕРТИФІКАЦІЇ""","18184","МІНІСТЕРСТВО ЕКОНОМІКИ, ДОВКІЛЛЯ ТА СІЛЬСЬКОГО ГОСПОДАРСТВА УКРАЇНИ","ДП"
"393","ДЕРЖАВНЕ ПІДПРИЄМСТВО ""ВСЕУКРАЇНСЬКИЙ ДЕРЖАВНИЙ НАУКОВО-ВИРОБНИЧИЙ ЦЕНТР СТАНДАРТИЗАЦІЇ, МЕТРОЛОГІЇ, СЕРТИФІКАЦІЇ ТА ЗАХИСТУ ПРАВ СПОЖИВАЧІВ""","18184","МІНІСТЕРСТВО ЕКОНОМІКИ, ДОВКІЛЛЯ ТА СІЛЬСЬКОГО ГОСПОДАРСТВА УКРАЇНИ","ДП"
"394","ДЕРЖАВНЕ ПІДПРИЄМСТВО ""РІВНЕНСЬКИЙ НАУКОВО-ВИРОБНИЧИЙ ЦЕНТР СТАНДАРТИЗАЦІЇ, МЕТРОЛОГІЇ ТА СЕРТИФІКАЦІЇ""","18184","МІНІСТЕРСТВО ЕКОНОМІКИ, ДОВКІЛЛЯ ТА СІЛЬСЬКОГО ГОСПОДАРСТВА УКРАЇНИ","ДП"
"395","НАЦІОНАЛЬНИЙ НАУКОВИЙ ЦЕНТР ""ІНСТИТУТ МЕТРОЛОГІЇ""","18184","МІНІСТЕРСТВО ЕКОНОМІКИ, ДОВКІЛЛЯ ТА СІЛЬСЬКОГО ГОСПОДАРСТВА УКРАЇНИ","ДП"
"396","ДЕРЖАВНЕ ПІДПРИЄМСТВО ""ХЕРСОНСЬКИЙ НАУКОВО-ВИРОБНИЧИЙ ЦЕНТР СТАНДАРТИЗАЦІЇ, МЕТРОЛОГІЇ ТА СЕРТИФІКАЦІЇ""","18184","МІНІСТЕРСТВО ЕКОНОМІКИ, ДОВКІЛЛЯ ТА СІЛЬСЬКОГО ГОСПОДАРСТВА УКРАЇНИ","ДП"
"397","ДЕРЖАВНЕ ПІДПРИЄМСТВО ""СЕВАСТОПОЛЬСЬКИЙ НАУКОВО- ВИРОБНИЧИЙ ЦЕНТР СТАНДАРТИЗАЦІЇ, МЕТРОЛОГІЇ ТА СЕРТИФІКАЦІЇ""","18184","МІНІСТЕРСТВО ЕКОНОМІКИ, ДОВКІЛЛЯ ТА СІЛЬСЬКОГО ГОСПОДАРСТВА УКРАЇНИ","ДП"
"398","ДЕРЖАВНЕ ПІДПРИЄМСТВО ""ХАРКІВСЬКИЙ РЕГІОНАЛЬНИЙ НАУКОВО-ВИРОБНИЧИЙ ЦЕНТР СТАНДАРТИЗАЦІЇ, МЕТРОЛОГІЇ ТА СЕРТИФІКАЦІЇ""","18184","МІНІСТЕРСТВО ЕКОНОМІКИ, ДОВКІЛЛЯ ТА СІЛЬСЬКОГО ГОСПОДАРСТВА УКРАЇНИ","ДП"
"399","ДЕРЖАВНЕ ПІДПРИЄМСТВО ""ЛЬВІВСЬКИЙ НАУКОВО-ВИРОБНИЧИЙ ЦЕНТР СТАНДАРТИЗАЦІЇ, МЕТРОЛОГІЇ ТА СЕРТИФІКАЦІЇ""","18184","МІНІСТЕРСТВО ЕКОНОМІКИ, ДОВКІЛЛЯ ТА СІЛЬСЬКОГО ГОСПОДАРСТВА УКРАЇНИ","ДП"
"400","ДЕРЖАВНЕ ПІДПРИЄМСТВО ""ВІННИЦЬКИЙ НАУКОВО-ВИРОБНИЧИЙ ЦЕНТР СТАНДАРТИЗАЦІЇ,МЕТРОЛОГІЇ ТА СЕРТИФІКАЦІЇ""","18184","МІНІСТЕРСТВО ЕКОНОМІКИ, ДОВКІЛЛЯ ТА СІЛЬСЬКОГО ГОСПОДАРСТВА УКРАЇНИ","ДП"
"401","ДЕРЖАВНЕ ПІДПРИЄМСТВО ""ЛУГАНСЬКИЙ РЕГІОНАЛЬНИЙ НАУКОВО-ВИРОБНИЧИЙ ЦЕНТР СТАНДАРТИЗАЦІЇ, МЕТРОЛОГІЇ ТА СЕРТИФІКАЦІЇ""","18184","МІНІСТЕРСТВО ЕКОНОМІКИ, ДОВКІЛЛЯ ТА СІЛЬСЬКОГО ГОСПОДАРСТВА УКРАЇНИ","ДП"
"402","ДЕРЖАВНЕ ПІДПРИЄМСТВО ""ДНІПРОПЕТРОВСЬКИЙ РЕГІОНАЛЬНИЙ ДЕРЖАВНИЙ НАУКОВО-ТЕХНІЧНИЙ ЦЕНТР СТАНДАРТИЗАЦІЇ, МЕТРОЛОГІЇ ТА СЕРТИФІКАЦІЇ""","18184","МІНІСТЕРСТВО ЕКОНОМІКИ, ДОВКІЛЛЯ ТА СІЛЬСЬКОГО ГОСПОДАРСТВА УКРАЇНИ","ДП"
"403","ДЕРЖАВНЕ ПІДПРИЄМСТВО ""ЗАПОРІЗЬКИЙ НАУКОВО-ВИРОБНИЧИЙ ЦЕНТР СТАНДАРТИЗАЦІЇ, МЕТРОЛОГІЇ ТА СЕРТИФІКАЦІЇ""","18184","МІНІСТЕРСТВО ЕКОНОМІКИ, ДОВКІЛЛЯ ТА СІЛЬСЬКОГО ГОСПОДАРСТВА УКРАЇНИ","ДП"
"404","ДЕРЖАВНЕ ПІДПРИЄМСТВО ""КРИМСЬКИЙ НАУКОВО-ВИРОБНИЧИЙ ЦЕНТР СТАНДАРТИЗАЦІЇ, МЕТРОЛОГІЇ ТА СЕРТИФІКАЦІЇ""","18184","МІНІСТЕРСТВО ЕКОНОМІКИ, ДОВКІЛЛЯ ТА СІЛЬСЬКОГО ГОСПОДАРСТВА УКРАЇНИ","ДП"
"405","ДЕРЖАВНЕ ПІДПРИЄМСТВО ""ОДЕСЬКИЙ РЕГІОНАЛЬНИЙ ЦЕНТР СТАНДАРТИЗАЦІЇ, МЕТРОЛОГІЇ ТА СЕРТИФІКАЦІЇ""","18184","МІНІСТЕРСТВО ЕКОНОМІКИ, ДОВКІЛЛЯ ТА СІЛЬСЬКОГО ГОСПОДАРСТВА УКРАЇНИ","ДП"
"406","ДЕРЖАВНЕ ПІДПРИЄМСТВО ""ПОЛТАВСЬКИЙ РЕГІОНАЛЬНИЙ НАУКОВО-ТЕХНІЧНИЙ ЦЕНТР СТАНДАРТИЗАЦІЇ, МЕТРОЛОГІЇ ТА СЕРТИФІКАЦІЇ""","18184","МІНІСТЕРСТВО ЕКОНОМІКИ, ДОВКІЛЛЯ ТА СІЛЬСЬКОГО ГОСПОДАРСТВА УКРАЇНИ","ДП"
"407","ДЕРЖАВНЕ ПІДПРИЄМСТВО ""НАУКОВО-ДОСЛІДНИЙ ІНСТИТУТ МЕТРОЛОГІЇ ВИМІРЮВАЛЬНИХ І УПРАВЛЯЮЧИХ СИСТЕМ""","18184","МІНІСТЕРСТВО ЕКОНОМІКИ, ДОВКІЛЛЯ ТА СІЛЬСЬКОГО ГОСПОДАРСТВА УКРАЇНИ","ДП"
"408","ВИРОБНИЧЕ ОБ'ЄДНАННЯ ""ДОМОБУДІВЕЛЬНИК""","18184","МІНІСТЕРСТВО ЕКОНОМІКИ, ДОВКІЛЛЯ ТА СІЛЬСЬКОГО ГОСПОДАРСТВА УКРАЇНИ","ДП"
"409","ДЕРЖАВНЕ ПІДПРИЄМСТВО ""ПОЛІГРАФІЧНИЙ КОМБІНАТ ""УКРАЇНА"" ПО ВИГОТОВЛЕННЮ ЦІННИХ ПАПЕРІВ""","18184","МІНІСТЕРСТВО ЕКОНОМІКИ, ДОВКІЛЛЯ ТА СІЛЬСЬКОГО ГОСПОДАРСТВА УКРАЇНИ","ДП"
"410","ДЕРЖАВНЕ ПІДПРИЄМСТВО ЗОВНІШНЬОЕКОНОМІЧНОЇ ДІЯЛЬНОСТІ ""УКРІНТЕРЕНЕРГО""","18184","МІНІСТЕРСТВО ЕКОНОМІКИ, ДОВКІЛЛЯ ТА СІЛЬСЬКОГО ГОСПОДАРСТВА УКРАЇНИ","ДП"
"411","УКРАЇНСЬКЕ ДЕРЖАВНЕ ЗОВНІШНЬОЕКОНОМІЧНЕ ПІДПРИЄМСТВО - ФІРМА ""УКРТЕХНОПРОМ""","18184","МІНІСТЕРСТВО ЕКОНОМІКИ, ДОВКІЛЛЯ ТА СІЛЬСЬКОГО ГОСПОДАРСТВА УКРАЇНИ","ДП"
"412","НАЦІОНАЛЬНЕ АГЕНТСТВО З АКРЕДИТАЦІЇ УКРАЇНИ","18184","МІНІСТЕРСТВО ЕКОНОМІКИ, ДОВКІЛЛЯ ТА СІЛЬСЬКОГО ГОСПОДАРСТВА УКРАЇНИ","ДП"
"413","ДЕРЖАВНЕ ПІДПРИЄМСТВО ""ЦИФРОВЕ""","18184","МІНІСТЕРСТВО ЕКОНОМІКИ, ДОВКІЛЛЯ ТА СІЛЬСЬКОГО ГОСПОДАРСТВА УКРАЇНИ","ДП"
"414","ДЕРЖАВНЕ ПІДПРИЄМСТВО ""УКРАЇНСЬКИЙ НАУКОВО-ДОСЛІДНИЙ І НАВЧАЛЬНИЙ ЦЕНТР ПРОБЛЕМ СТАНДАРТИЗАЦІЇ, СЕРТИФІКАЦІЇ ТА ЯКОСТІ""","18184","МІНІСТЕРСТВО ЕКОНОМІКИ, ДОВКІЛЛЯ ТА СІЛЬСЬКОГО ГОСПОДАРСТВА УКРАЇНИ","ДП"
"415","ДЕРЖАВНА ІПОТЕЧНА УСТАНОВА","18184","МІНІСТЕРСТВО ЕКОНОМІКИ, ДОВКІЛЛЯ ТА СІЛЬСЬКОГО ГОСПОДАРСТВА УКРАЇНИ","ДП"
"416","ДЕРЖАВНЕ ПІДПРИЄМСТВО ""ДОНЕЦЬКИЙ НАУКОВО-ВИРОБНИЧИЙ ЦЕНТР СТАНДАРТИЗАЦІЇ, МЕТРОЛОГІЇ ТА СЕРТИФІКАЦІЇ""","18184","МІНІСТЕРСТВО ЕКОНОМІКИ, ДОВКІЛЛЯ ТА СІЛЬСЬКОГО ГОСПОДАРСТВА УКРАЇНИ","ДП"
"417","ДЕРЖАВНЕ ПІДПРИЄМСТВО ""АГРАРНІ РЕЄСТРИ""","18184","МІНІСТЕРСТВО ЕКОНОМІКИ, ДОВКІЛЛЯ ТА СІЛЬСЬКОГО ГОСПОДАРСТВА УКРАЇНИ","ДП"
"418","ДЕРЖАВНЕ ПІДПРИЄМСТВО ""ДЕРЖАВНИЙ ЦЕНТР СЕРТИФІКАЦІЇ І ЕКСПЕРТИЗИ СІЛЬСЬКОГОСПОДАРСЬКОЇ ПРОДУКЦІЇ""","18184","МІНІСТЕРСТВО ЕКОНОМІКИ, ДОВКІЛЛЯ ТА СІЛЬСЬКОГО ГОСПОДАРСТВА УКРАЇНИ","ДП"
"419","КАЗЕННЕ НАУКОВО-ВИРОБНИЧЕ ОБ'ЄДНАННЯ ""ФОРТ"" МВС УКРАЇНИ","18354","МІНІСТЕРСТВО ВНУТРІШНІХ СПРАВ УКРАЇНИ","ДП"
"420","ДЕРЖАВНЕ ПІДПРИЄМСТВО ""УКРАЇНСЬКЕ АВІАЦІЙНО-ТРАНСПОРТНЕ ПІДПРИЄМСТВО ""ХОРІВ-АВІА""","18354","МІНІСТЕРСТВО ВНУТРІШНІХ СПРАВ УКРАЇНИ","ДП"
"421","ДЕРЖАВНЕ ПІДПРИЄМСТВО ""ІНФОТЕХ""","18354","МІНІСТЕРСТВО ВНУТРІШНІХ СПРАВ УКРАЇНИ","ДП"
"422","ДЕРЖАВНЕ ПІДПРИЄМСТВО ""КРИВОРІЗЬКИЙ ДЕРЖАВНИЙ ЦИРК""","19094","МІНІСТЕРСТВО КУЛЬТУРИ УКРАЇНИ","ДП"
"423","ДЕРЖАВНЕ ПІДПРИЄМСТВО ""ДНІПРОВСЬКИЙ ДЕРЖАВНИЙ ЦИРК""","19094","МІНІСТЕРСТВО КУЛЬТУРИ УКРАЇНИ","ДП"
"424","ДЕРЖАВНЕ ПІДПРИЄМСТВО ""ДИРЕКЦІЯ ПЕРЕСУВНИХ ЦИРКОВИХ КОЛЕКТИВІВ УКРАЇНИ""","19094","МІНІСТЕРСТВО КУЛЬТУРИ УКРАЇНИ","ДП"
"425","ДЕРЖАВНЕ ПІДПРИЄМСТВО ""НАЦІОНАЛЬНИЙ ЦИРК УКРАЇНИ""","19094","МІНІСТЕРСТВО КУЛЬТУРИ УКРАЇНИ","ДП"
"426","ДЕРЖАВНЕ ПІДПРИЄМСТВО ""ЛЬВІВСЬКИЙ ДЕРЖАВНИЙ ЦИРК""","19094","МІНІСТЕРСТВО КУЛЬТУРИ УКРАЇНИ","ДП"
"427","ДЕРЖАВНЕ ПІДПРИЄМСТВО ""ЗАПОРІЗЬКИЙ ДЕРЖАВНИЙ ЦИРК""","19094","МІНІСТЕРСТВО КУЛЬТУРИ УКРАЇНИ","ДП"
"428","ДЕРЖАВНЕ ПІДПРИЄМСТВО ""ОДЕСЬКИЙ ДЕРЖАВНИЙ ЦИРК""","19094","МІНІСТЕРСТВО КУЛЬТУРИ УКРАЇНИ","ДП"
"429","НАЦІОНАЛЬНА ЗАСЛУЖЕНА АКАДЕМІЧНА КАПЕЛА УКРАЇНИ ""ДУМКА""","19094","МІНІСТЕРСТВО КУЛЬТУРИ УКРАЇНИ","ДП"
"430","НАЦІОНАЛЬНИЙ ЗАСЛУЖЕНИЙ АКАДЕМІЧНИЙ УКРАЇНСЬКИЙ НАРОДНИЙ ХОР УКРАЇНИ ІМЕНІ Г.Г. ВЕРЬОВКИ","19094","МІНІСТЕРСТВО КУЛЬТУРИ УКРАЇНИ","ДП"
"431","ДЕРЖАВНЕ ПІДПРИЄМСТВО ""НАЦІОНАЛЬНИЙ АКАДЕМІЧНИЙ ТЕАТР ОПЕРИ ТА БАЛЕТУ УКРАЇНИ ІМЕНІ Т.Г.ШЕВЧЕНКА""","19094","МІНІСТЕРСТВО КУЛЬТУРИ УКРАЇНИ","ДП"
"432","ДЕРЖАВНЕ ПІДПРИЄМСТВО ""НАЦІОНАЛЬНИЙ АКАДЕМІЧНИЙ ДРАМАТИЧНИЙ ТЕАТР ІМЕНІ ЛЕСІ УКРАЇНКИ""","19094","МІНІСТЕРСТВО КУЛЬТУРИ УКРАЇНИ","ДП"
"433","НАЦІОНАЛЬНА ЗАСЛУЖЕНА КАПЕЛА БАНДУРИСТІВ УКРАЇНИ ІМЕНІ Г.І. МАЙБОРОДИ","19094","МІНІСТЕРСТВО КУЛЬТУРИ УКРАЇНИ","ДП"
"434","ДЕРЖАВНЕ ПІДПРИЄМСТВО ""НАЦІОНАЛЬНИЙ АКАДЕМІЧНИЙ ДРАМАТИЧНИЙ ТЕАТР ІМЕНІ ІВАНА ФРАНКА""","19094","МІНІСТЕРСТВО КУЛЬТУРИ УКРАЇНИ","ДП"
"435","НАЦІОНАЛЬНИЙ ЗАСЛУЖЕНИЙ АКАДЕМІЧНИЙ АНСАМБЛЬ ТАНЦЮ УКРАЇНИ ІМЕНІ ПАВЛА ВІРСЬКОГО","19094","МІНІСТЕРСТВО КУЛЬТУРИ УКРАЇНИ","ДП"
"436","ДЕРЖАВНЕ ПІДПРИЄМСТВО ""НАЦІОНАЛЬНИЙ АКАДЕМІЧНИЙ УКРАЇНСЬКИЙ ДРАМАТИЧНИЙ ТЕАТР ІМЕНІ МАРІЇ ЗАНЬКОВЕЦЬКОЇ""","19094","МІНІСТЕРСТВО КУЛЬТУРИ УКРАЇНИ","ДП"
"437","ЛЬВІВСЬКИЙ НАЦІОНАЛЬНИЙ АКАДЕМІЧНИЙ ТЕАТР ОПЕРИ ТА БАЛЕТУ ІМЕНІ СОЛОМІЇ КРУШЕЛЬНИЦЬКОЇ","19094","МІНІСТЕРСТВО КУЛЬТУРИ УКРАЇНИ","ДП"
"438","ОДЕСЬКИЙ НАЦІОНАЛЬНИЙ АКАДЕМІЧНИЙ ТЕАТР ОПЕРИ ТА БАЛЕТУ","19094","МІНІСТЕРСТВО КУЛЬТУРИ УКРАЇНИ","ДП"
"439","ДЕРЖАВНА ОРГАНІЗАЦІЯ ""ІВАНО-ФРАНКІВСЬКИЙ НАЦІОНАЛЬНИЙ АКАДЕМІЧНИЙ ДРАМАТИЧНИЙ ТЕАТР ІМЕНІ ІВАНА ФРАНКА""","19094","МІНІСТЕРСТВО КУЛЬТУРИ УКРАЇНИ","ДП"
"440","НАЦІОНАЛЬНА ФІЛАРМОНІЯ УКРАЇНИ","19094","МІНІСТЕРСТВО КУЛЬТУРИ УКРАЇНИ","ДП"
"441","ДЕРЖАВНА ОРГАНІЗАЦІЯ ""НАЦІОНАЛЬНИЙ ЗАСЛУЖЕНИЙ АКАДЕМІЧНИЙ СИМФОНІЧНИЙ ОРКЕСТР УКРАЇНИ""","19094","МІНІСТЕРСТВО КУЛЬТУРИ УКРАЇНИ","ДП"
"442","НАЦІОНАЛЬНИЙ АКАДЕМІЧНИЙ ОРКЕСТР НАРОДНИХ ІНСТРУМЕНТІВ УКРАЇНИ","19094","МІНІСТЕРСТВО КУЛЬТУРИ УКРАЇНИ","ДП"
"443","ДЕРЖАВНЕ ПІДПРИЄМСТВО ""ХАРКІВСЬКИЙ ДЕРЖАВНИЙ ЦИРК ІМЕНІ Ф.Д.ЯШИНОВА""","19094","МІНІСТЕРСТВО КУЛЬТУРИ УКРАЇНИ","ДП"
"444","ДЕРЖАВНЕ ПІДПРИЄМСТВО ""ДЕРЖАВНИЙ АКАДЕМІЧНИЙ ЕСТРАДНО-СИМФОНІЧНИЙ ОРКЕСТР УКРАЇНИ""","19094","МІНІСТЕРСТВО КУЛЬТУРИ УКРАЇНИ","ДП"
"445","ДЕРЖАВНА ОРГАНІЗАЦІЯ ""НАЦІОНАЛЬНИЙ АКАДЕМІЧНИЙ ДУХОВИЙ ОРКЕСТР УКРАЇНИ""","19094","МІНІСТЕРСТВО КУЛЬТУРИ УКРАЇНИ","ДП"
"446","ДЕРЖАВНА ОРГАНІЗАЦІЯ ""НАЦІОНАЛЬНИЙ БУДИНОК ОРГАННОЇ ТА КАМЕРНОЇ МУЗИКИ УКРАЇНИ""","19094","МІНІСТЕРСТВО КУЛЬТУРИ УКРАЇНИ","ДП"
"447","ДЕРЖАВНЕ ХУДОЖНЬО-ТВОРЧЕ ВИРОБНИЧЕ ПІДПРИЄМСТВО","19094","МІНІСТЕРСТВО КУЛЬТУРИ УКРАЇНИ","ДП"
"448","ДЕРЖАВНЕ ПІДПРИЄМСТВО ""НАЦІОНАЛЬНЕ ГАЗЕТНО-ЖУРНАЛЬНЕ ВИДАВНИЦТВО""","19094","МІНІСТЕРСТВО КУЛЬТУРИ УКРАЇНИ","ДП"
"449","ДЕРЖАВНЕ ПІДПРИЄМСТВО ""ДЕРЖАВНА ЦИРКОВА КОМПАНІЯ УКРАЇНИ""","19094","МІНІСТЕРСТВО КУЛЬТУРИ УКРАЇНИ","ДП"
"450","ДЕРЖАВНЕ ПІДПРИЄМСТВО ""НАЦІОНАЛЬНИЙ ОДЕСЬКИЙ ФІЛАРМОНІЙНИЙ ОРКЕСТР""","19094","МІНІСТЕРСТВО КУЛЬТУРИ УКРАЇНИ","ДП"
"451","НАЦІОНАЛЬНИЙ АНСАМБЛЬ СОЛІСТІВ ""КИЇВСЬКА КАМЕРАТА""","19094","МІНІСТЕРСТВО КУЛЬТУРИ УКРАЇНИ","ДП"
"452","ДЕРЖАВНЕ ПІДПРИЄМСТВО ""ДИРЕКЦІЯ БУДИНКУ ДЕРЖАВНИХ ХУДОЖНІХ КОЛЕКТИВІВ""","19094","МІНІСТЕРСТВО КУЛЬТУРИ УКРАЇНИ","ДП"
"453","НАЦІОНАЛЬНИЙ КАМЕРНИЙ АНСАМБЛЬ ""КИЇВСЬКІ СОЛІСТИ""","19094","МІНІСТЕРСТВО КУЛЬТУРИ УКРАЇНИ","ДП"
"454","ДЕРЖАВНЕ ПІДПРИЄМСТВО ""НАЦІОНАЛЬНА ТУРИСТИЧНА ОРГАНІЗАЦІЯ""","19094","МІНІСТЕРСТВО КУЛЬТУРИ УКРАЇНИ","ДП"
"455","ДЕРЖАВНЕ ПІДПРИЄМСТВО ""ДЕРЖАВНЕ КОНЦЕРТНЕ АГЕНТСТВО ""УКРАЇНА""","19094","МІНІСТЕРСТВО КУЛЬТУРИ УКРАЇНИ","ДП"
"456","ДЕРЖАВНЕ ПІДПРИЄМСТВО ""ДЕРЖАВНА ТЕАТРАЛЬНО-ВИДОВИЩНА АГЕНЦІЯ""","19094","МІНІСТЕРСТВО КУЛЬТУРИ УКРАЇНИ","ДП"
"457","ДЕРЖАВНЕ ПІДПРИЄМСТВО ""ТВОРЧО-ВИРОБНИЧИЙ ТА НАВЧАЛЬНО-ДОСЛІДНИЙ ЦЕНТР РОЗВИТКУ СУЧАСНОГО МИСТЕЦТВА""","19094","МІНІСТЕРСТВО КУЛЬТУРИ УКРАЇНИ","ДП"
"458","КАЗЕННЕ ПІДПРИЄМСТВО ""ДЕРЖАВНИЙ ГАСТРОЛЬНО-КОНЦЕРТНИЙ ЦЕНТР УКРАЇНИ""","19094","МІНІСТЕРСТВО КУЛЬТУРИ УКРАЇНИ","ДП"
"459","ДЕРЖАВНЕ ПІДПРИЄМСТВО ""НАЦІОНАЛЬНИЙ ТУРИСТИЧНИЙ ОФІС""","19094","МІНІСТЕРСТВО КУЛЬТУРИ УКРАЇНИ","ДП"
"460","ІВАНО-ФРАНКІВСЬКИЙ НАЦІОНАЛЬНИЙ АКАДЕМІЧНИЙ ГУЦУЛЬСЬКИЙ АНСАМБЛЬ ПІСНІ І ТАНЦЮ ""ГУЦУЛІЯ""","19094","МІНІСТЕРСТВО КУЛЬТУРИ УКРАЇНИ","ДП"
"461","ДЕРЖАВНЕ ПІДПРИЄМСТВО ""ХАРКІВСЬКИЙ НАЦІОНАЛЬНИЙ АКАДЕМІЧНИЙ ТЕАТР ОПЕРИ ТА БАЛЕТУ ІМЕНІ М.В.ЛИСЕНКА""","19094","МІНІСТЕРСТВО КУЛЬТУРИ УКРАЇНИ","ДП"
"462","ДЕРЖАВНЕ ПІДПРИЄМСТВО ""КРИМСЬКИЙ ДІМ""","19094","МІНІСТЕРСТВО КУЛЬТУРИ УКРАЇНИ","ДП"
"463","ДЕРЖАВНЕ УНІТАРНЕ ПІДПРИЄМСТВО ""ДИРЕКЦІЯ З БУДІВНИЦТВА ДРУГОЇ ЧЕРГИ НАЦІОНАЛЬНОГО МУЗЕЮ ""МЕМОРІАЛ ЖЕРТВ ГОЛОДОМОРУ""","19094","МІНІСТЕРСТВО КУЛЬТУРИ УКРАЇНИ","ДП"
"464","ДЕРЖАВНЕ ПІДПРИЄМСТВО ""ЦЕНТР ЗАХИСТУ ІНФОРМАЦІЙНОГО ПРОСТОРУ УКРАЇНИ""","19094","МІНІСТЕРСТВО КУЛЬТУРИ УКРАЇНИ","ДП"
"465","ДЕРЖАВНЕ ПІДПРИЄМСТВО ""ЦЕНТРАЛЬНА УЧБОВО-ТРЕНУВАЛЬНА БАЗА ПО КОВЗАНЯРСЬКОМУ СПОРТУ ""ЛЬОДОВИЙ СТАДІОН""","19104","МІНІСТЕРСТВО МОЛОДІ ТА СПОРТУ УКРАЇНИ","ДП"
"466","ДЕРЖАВНЕ ПІДПРИЄМСТВО ""НАЦІОНАЛЬНИЙ СПОРТИВНИЙ КОМПЛЕКС ""ОЛІМПІЙСЬКИЙ""","19104","МІНІСТЕРСТВО МОЛОДІ ТА СПОРТУ УКРАЇНИ","ДП"
"467","ДЕРЖАВНЕ ПІДПРИЄМСТВО ""ВОРОХТЯНСЬКА ВИСОКОГІРСЬКА НАВЧАЛЬНО-СПОРТИВНА БАЗА ""ЗАРОСЛЯК""","19104","МІНІСТЕРСТВО МОЛОДІ ТА СПОРТУ УКРАЇНИ","ДП"
"468","ДЕРЖАВНЕ ПІДПРИЄМСТВО ""ОЛІМПІЙСЬКИЙ НАВЧАЛЬНО-СПОРТИВНИЙ ЦЕНТР ""ЧЕРНІГІВ""","19104","МІНІСТЕРСТВО МОЛОДІ ТА СПОРТУ УКРАЇНИ","ДП"
"469","ДЕРЖАВНЕ ПІДПРИЄМСТВО ""ОЛІМПІЙСЬКИЙ НАВЧАЛЬНО-СПОРТИВНИЙ ЦЕНТР ""КОНЧА-ЗАСПА""","19104","МІНІСТЕРСТВО МОЛОДІ ТА СПОРТУ УКРАЇНИ","ДП"
"470","ДЕРЖАВНЕ ПІДПРИЄМСТВО ""АРЕНА ЛЬВІВ""","19104","МІНІСТЕРСТВО МОЛОДІ ТА СПОРТУ УКРАЇНИ","ДП"
"471","ДЕРЖАВНЕ ПІДПРИЄМСТВО ""СПОРТИВНИЙ КОМПЛЕКС ""АТЛЕТ""","19104","МІНІСТЕРСТВО МОЛОДІ ТА СПОРТУ УКРАЇНИ","ДП"
"472","ДЕРЖАВНЕ ПІДПРИЄМСТВО ""СПОРТИВНИЙ КОМПЛЕКС ""АВАНГАРД""","19104","МІНІСТЕРСТВО МОЛОДІ ТА СПОРТУ УКРАЇНИ","ДП"
"473","ДЕРЖАВНЕ ГЕОФІЗИЧНЕ ПІДПРИЄМСТВО ""УКРГЕОФІЗИКА""","21077","ДЕРЖАВНА СЛУЖБА ГЕОЛОГІЇ ТА НАДР УКРАЇНИ","ДП"
"474","ДЕРЖАВНЕ НАУКОВО-ВИРОБНИЧЕ ПІДПРИЄМСТВО ""ДЕРЖАВНИЙ ІНФОРМАЦІЙНИЙ ГЕОЛОГІЧНИЙ ФОНД УКРАЇНИ""","21077","ДЕРЖАВНА СЛУЖБА ГЕОЛОГІЇ ТА НАДР УКРАЇНИ","ДП"
"475","КАЗЕННЕ ПІДПРИЄМСТВО ""КІРОВГЕОЛОГІЯ""","21077","ДЕРЖАВНА СЛУЖБА ГЕОЛОГІЇ ТА НАДР УКРАЇНИ","ДП"
"476","ДЕРЖАВНЕ ПІДПРИЄМСТВО ""УКРАЇНСЬКА ГЕОЛОГІЧНА КОМПАНІЯ""","21077","ДЕРЖАВНА СЛУЖБА ГЕОЛОГІЇ ТА НАДР УКРАЇНИ","ДП"
"477","НАЦІОНАЛЬНЕ ВИДАВНИЦТВО ДИТЯЧОЇ ЛІТЕРАТУРИ ""ВЕСЕЛКА""","21104","ДЕРЖАВНИЙ КОМІТЕТ ТЕЛЕБАЧЕННЯ І РАДІОМОВЛЕННЯ УКРАЇНИ","ДП"
"478","ДЕРЖАВНЕ ПІДПРИЄМСТВО ""УКРАЇНСЬКА СТУДІЯ ТЕЛЕВІЗІЙНИХ ФІЛЬМІВ ""УКРТЕЛЕФІЛЬМ""","21104","ДЕРЖАВНИЙ КОМІТЕТ ТЕЛЕБАЧЕННЯ І РАДІОМОВЛЕННЯ УКРАЇНИ","ДП"
"479","ДЕРЖАВНЕ ПІДПРИЄМСТВО ""ВСЕУКРАЇНСЬКЕ ДЕРЖАВНЕ СПЕЦІАЛІЗОВАНЕ ВИДАВНИЦТВО ""УКРАЇНСЬКА ЕНЦИКЛОПЕДІЯ"" ІМЕНІ М.П.БАЖАНА""","21104","ДЕРЖАВНИЙ КОМІТЕТ ТЕЛЕБАЧЕННЯ І РАДІОМОВЛЕННЯ УКРАЇНИ","ДП"
"480","ДЕРЖАВНЕ ПІДПРИЄМСТВО ""СУМСЬКА БІОЛОГІЧНА ФАБРИКА""","21204","ДЕРЖАВНА СЛУЖБА УКРАЇНИ З ПИТАНЬ БЕЗПЕЧНОСТІ ХАРЧОВИХ ПРОДУКТІВ ТА ЗАХИСТУ СПОЖИВАЧІВ","ДП"
"481","ДЕРЖАВНИЙ НАУКОВО-ДОСЛІДНИЙ КОНТРОЛЬНИЙ ІНСТИТУТ ВЕТЕРИНАРНИХ ПРЕПАРАТІВ ТА КОРМОВИХ ДОБАВОК","21204","ДЕРЖАВНА СЛУЖБА УКРАЇНИ З ПИТАНЬ БЕЗПЕЧНОСТІ ХАРЧОВИХ ПРОДУКТІВ ТА ЗАХИСТУ СПОЖИВАЧІВ","ДП"
"482","ДЕРЖАВНЕ ПІДПРИЄМСТВО ""КИЇВСЬКИЙ ОБЛАСНИЙ ВИРОБНИЧО-ТЕХНІЧНИЙ ЦЕНТР СТАНДАРТИЗАЦІЇ, МЕТРОЛОГІЇ І ЯКОСТІ ПРОДУКЦІЇ""","21204","ДЕРЖАВНА СЛУЖБА УКРАЇНИ З ПИТАНЬ БЕЗПЕЧНОСТІ ХАРЧОВИХ ПРОДУКТІВ ТА ЗАХИСТУ СПОЖИВАЧІВ","ДП"
"483","ДЕРЖАВНИЙ НАУКОВО-КОНТРОЛЬНИЙ ІНСТИТУТ БІОТЕХНОЛОГІЇ І ШТАМІВ МІКРООРГАНІЗМІВ","21204","ДЕРЖАВНА СЛУЖБА УКРАЇНИ З ПИТАНЬ БЕЗПЕЧНОСТІ ХАРЧОВИХ ПРОДУКТІВ ТА ЗАХИСТУ СПОЖИВАЧІВ","ДП"
"484","ДЕРЖАВНЕ ПІДПРИЄМСТВО ""ПРОЕКТНО-КОНСТРУКТОРСЬКИЙ ТЕХНОЛОГІЧНИЙ ІНСТИТУТ ""ЛЬВІВХАРЧОПРОЕКТ""","21204","ДЕРЖАВНА СЛУЖБА УКРАЇНИ З ПИТАНЬ БЕЗПЕЧНОСТІ ХАРЧОВИХ ПРОДУКТІВ ТА ЗАХИСТУ СПОЖИВАЧІВ","ДП"
"485","ДЕРЖАВНЕ ПІДПРИЄМСТВО ""АГЕНТСТВО З ІДЕНТИФІКАЦІЇ І РЕЄСТРАЦІЇ ТВАРИН""","21204","ДЕРЖАВНА СЛУЖБА УКРАЇНИ З ПИТАНЬ БЕЗПЕЧНОСТІ ХАРЧОВИХ ПРОДУКТІВ ТА ЗАХИСТУ СПОЖИВАЧІВ","ДП"
"486","ДЕРЖАВНЕ ПІДПРИЄМСТВО ""ДЕРЖРЕЄСТРИ УКРАЇНИ""","21204","ДЕРЖАВНА СЛУЖБА УКРАЇНИ З ПИТАНЬ БЕЗПЕЧНОСТІ ХАРЧОВИХ ПРОДУКТІВ ТА ЗАХИСТУ СПОЖИВАЧІВ","ДП"
"487","ДЕРЖАВНЕ ПІДПРИЄМСТВО ""ДЕРЖАВНИЙ СЕРВІСНИЙ ЦЕНТР УКРАЇНИ""","21204","ДЕРЖАВНА СЛУЖБА УКРАЇНИ З ПИТАНЬ БЕЗПЕЧНОСТІ ХАРЧОВИХ ПРОДУКТІВ ТА ЗАХИСТУ СПОЖИВАЧІВ","ДП"
"488","ДЕРЖАВНЕ ПІДПРИЄМСТВО ""ІНФОРМАЦІЙНИЙ ЦЕНТР ПЕРСОНІФІКОВАНОГО ОБЛІКУ ПЕНСІЙНОГО ФОНДУ УКРАЇНИ""","22784","ПЕНСІЙНИЙ ФОНД УКРАЇНИ","ДП"
"489","ДЕРЖАВНЕ ПІДПРИЄМСТВО ""ОКРЕМА БУДІВЕЛЬНА ДІЛЬНИЦЯ ДЕРЖАВНОЇ ПРИКОРДОННОЇ СЛУЖБИ УКРАЇНИ""","23094","АДМІНІСТРАЦІЯ ДЕРЖАВНОЇ ПРИКОРДОННОЇ СЛУЖБИ УКРАЇНИ ","ДП"
"490","ДЕРЖАВНЕ ПІДПРИЄМСТВО ""ДИРЕКЦІЯ З БУДІВНИЦТВА ТА ОБСЛУГОВУВАННЯ ПРИКОРДОННОЇ ІНФРАСТРУКТУРИ""","23094","АДМІНІСТРАЦІЯ ДЕРЖАВНОЇ ПРИКОРДОННОЇ СЛУЖБИ УКРАЇНИ ","ДП"
"491","ДЕРЖАВНЕ ПІДПРИЄМСТВО ""ГОЛОВНИЙ НАВЧАЛЬНО-МЕТОДИЧНИЙ ЦЕНТР ДЕРЖПРАЦІ""","27072","ДЕРЖАВНА СЛУЖБА УКРАЇНИ З ПИТАНЬ ПРАЦІ","ДП"
"492","ДЕРЖАВНЕ ПІДПРИЄМСТВО ""УКРАЇНСЬКИЙ НАУКОВИЙ ФАРМАКОПЕЙНИЙ ЦЕНТР ЯКОСТІ ЛІКАРСЬКИХ ЗАСОБІВ""","27189","ДЕРЖАВНА СЛУЖБА УКРАЇНИ З ЛІКАРСЬКИХ ЗАСОБІВ ТА КОНТРОЛЮ ЗА НАРКОТИКАМИ","ДП"
"493","ДЕРЖАВНЕ ПІДПРИЄМСТВО ""ЦЕНТРАЛЬНА ЛАБОРАТОРІЯ З АНАЛІЗУ ЯКОСТІ ЛІКАРСЬКИХ ЗАСОБІВ І МЕДИЧНОЇ ПРОДУКЦІЇ""","27189","ДЕРЖАВНА СЛУЖБА УКРАЇНИ З ЛІКАРСЬКИХ ЗАСОБІВ ТА КОНТРОЛЮ ЗА НАРКОТИКАМИ","ДП"
"494","ДЕРЖАВНЕ ПІДПРИЄМСТВО ""УКРАЇНСЬКИЙ ФАРМАЦЕВТИЧНИЙ ІНСТИТУТ ЯКОСТІ""","27189","ДЕРЖАВНА СЛУЖБА УКРАЇНИ З ЛІКАРСЬКИХ ЗАСОБІВ ТА КОНТРОЛЮ ЗА НАРКОТИКАМИ","ДП"
"495","ДЕРЖАВНЕ ПІДПРИЄМСТВО ""КИЇВСЬКА ДЕРЖАВНА РЕГІОНАЛЬНА ТЕХНІЧНА ІНСПЕКЦІЯ МІСЬКОГО ЕЛЕКТРОТРАНСПОРТУ""","27212","ДЕРЖАВНА СЛУЖБА УКРАЇНИ З БЕЗПЕКИ НА ТРАНСПОРТІ","ДП"
"496","ДЕРЖАВНЕ ПІДПРИЄМСТВО ""НАУКОВО-ДОСЛІДНИЙ ПРОЕКТНО-КОНСТРУКТОРСЬКИЙ ІНСТИТУТ МОРСЬКОГО ФЛОТУ УКРАЇНИ З ДОСЛІДНИМ ВИРОБНИЦТВОМ""","27218","ДЕРЖАВНА СЛУЖБА МОРСЬКОГО І ВНУТРІШНЬОГО ВОДНОГО ТРАНСПОРТУ ТА СУДНОПЛАВСТВА УКРАЇНИ","ДП"
"497","ДЕРЖАВНА УСТАНОВА ""ДЕРЖГІДРОГРАФІЯ""","27218","ДЕРЖАВНА СЛУЖБА МОРСЬКОГО І ВНУТРІШНЬОГО ВОДНОГО ТРАНСПОРТУ ТА СУДНОПЛАВСТВА УКРАЇНИ","ДП"
"498","ДЕРЖАВНЕ ПІДПРИЄМСТВО ""КЛАСИФІКАЦІЙНЕ ТОВАРИСТВО РЕГІСТР СУДНОПЛАВСТВА УКРАЇНИ""","27218","ДЕРЖАВНА СЛУЖБА МОРСЬКОГО І ВНУТРІШНЬОГО ВОДНОГО ТРАНСПОРТУ ТА СУДНОПЛАВСТВА УКРАЇНИ","ДП"
"499","ДЕРЖАВНЕ ПІДПРИЄМСТВО ""СЕРВІСНИЙ ЦЕНТР МОРСЬКОГО ТА РІЧКОВОГО ТРАНСПОРТУ""","27218","ДЕРЖАВНА СЛУЖБА МОРСЬКОГО І ВНУТРІШНЬОГО ВОДНОГО ТРАНСПОРТУ ТА СУДНОПЛАВСТВА УКРАЇНИ","ДП"
"500","ДЕРЖАВНЕ ПІДПРИЄМСТВО ""УКРАЇНСЬКИЙ НАУКОВО-ДОСЛІДНИЙ ІНСТИТУТ РАДІО І ТЕЛЕБАЧЕННЯ""","27226","АДМІНІСТРАЦІЯ ДЕРЖАВНОЇ СЛУЖБИ СПЕЦІАЛЬНОГО ЗВ'ЯЗКУ ТА ЗАХИСТУ ІНФОРМАЦІЇ УКРАЇНИ ","ДП"
"501","ДЕРЖАВНЕ ПІДПРИЄМСТВО ""ХАРКІВСЬКИЙ ОБЛАСНИЙ РАДІОТЕЛЕВІЗІЙНИЙ ПЕРЕДАВАЛЬНИЙ ЦЕНТР""","27226","АДМІНІСТРАЦІЯ ДЕРЖАВНОЇ СЛУЖБИ СПЕЦІАЛЬНОГО ЗВ'ЯЗКУ ТА ЗАХИСТУ ІНФОРМАЦІЇ УКРАЇНИ ","ДП"
"502","КОНЦЕРН РАДІОМОВЛЕННЯ, РАДІОЗВ'ЯЗКУ ТА ТЕЛЕБАЧЕННЯ","27226","АДМІНІСТРАЦІЯ ДЕРЖАВНОЇ СЛУЖБИ СПЕЦІАЛЬНОГО ЗВ'ЯЗКУ ТА ЗАХИСТУ ІНФОРМАЦІЇ УКРАЇНИ ","ДП"
"503","ДЕРЖАВНЕ ПІДПРИЄМСТВО ""РАДІОТЕЛЕВІЗІЙНИЙ ПЕРЕДАВАЛЬНИЙ ЦЕНТР АВТОНОМНОЇ РЕСПУБЛІКИ КРИМ""","27226","АДМІНІСТРАЦІЯ ДЕРЖАВНОЇ СЛУЖБИ СПЕЦІАЛЬНОГО ЗВ'ЯЗКУ ТА ЗАХИСТУ ІНФОРМАЦІЇ УКРАЇНИ ","ДП"
"504","ДЕРЖАВНЕ ПІДПРИЄМСТВО ""ОДЕСЬКИЙ НАУКОВО-ДОСЛІДНИЙ ІНСТИТУТ ЗВ'ЯЗКУ""","27226","АДМІНІСТРАЦІЯ ДЕРЖАВНОЇ СЛУЖБИ СПЕЦІАЛЬНОГО ЗВ'ЯЗКУ ТА ЗАХИСТУ ІНФОРМАЦІЇ УКРАЇНИ ","ДП"
"505","ДЕРЖАВНЕ ПІДПРИЄМСТВО ""РАДІОПЕРЕДАВАЛЬНИЙ ЦЕНТР""","27226","АДМІНІСТРАЦІЯ ДЕРЖАВНОЇ СЛУЖБИ СПЕЦІАЛЬНОГО ЗВ'ЯЗКУ ТА ЗАХИСТУ ІНФОРМАЦІЇ УКРАЇНИ ","ДП"
"506","ДЕРЖАВНЕ ПІДПРИЄМСТВО СПЕЦІАЛЬНОГО ЗВ'ЯЗКУ","27226","АДМІНІСТРАЦІЯ ДЕРЖАВНОЇ СЛУЖБИ СПЕЦІАЛЬНОГО ЗВ'ЯЗКУ ТА ЗАХИСТУ ІНФОРМАЦІЇ УКРАЇНИ ","ДП"
"507","ДЕРЖАВНЕ ПІДПРИЄМСТВО ""УКРАЇНСЬКІ СПЕЦІАЛЬНІ СИСТЕМИ""","27226","АДМІНІСТРАЦІЯ ДЕРЖАВНОЇ СЛУЖБИ СПЕЦІАЛЬНОГО ЗВ'ЯЗКУ ТА ЗАХИСТУ ІНФОРМАЦІЇ УКРАЇНИ ","ДП"
"508","КАЗЕННЕ ПІДПРИЄМСТВО ""УКРСПЕЦЗВ'ЯЗОК""","27226","АДМІНІСТРАЦІЯ ДЕРЖАВНОЇ СЛУЖБИ СПЕЦІАЛЬНОГО ЗВ'ЯЗКУ ТА ЗАХИСТУ ІНФОРМАЦІЇ УКРАЇНИ ","ДП"
"509","ДЕРЖАВНЕ ПІДПРИЄМСТВО ""ВИРОБНИЧО-СЕРВІСНИЙ ЦЕНТР У ЛЬВІВСЬКІЙ ОБЛАСТІ""","27307","ДЕРЖАВНА ФІСКАЛЬНА СЛУЖБА УКРАЇНИ","ДП"
"510","ДЕРЖАВНЕ ПІДПРИЄМСТВО ""ТРЕНІНГОВИЙ ЦЕНТР МАЙДАН""","27307","ДЕРЖАВНА ФІСКАЛЬНА СЛУЖБА УКРАЇНИ","ДП"
"511","ДЕРЖАВНЕ ПІДПРИЄМСТВО НАУКОВО-ВИРОБНИЧЕ ПІДПРИЄМСТВО ""КИЇВСЬКИЙ ІНСТИТУТ АВТОМАТИКИ""","28356","ДЕРЖАВНА МІГРАЦІЙНА СЛУЖБА УКРАЇНИ","ДП"
"512","ДЕРЖАВНЕ ПІДПРИЄМСТВО ""КИЇВСЬКЕ ПРОЕКТНО-КОНСТРУКТОРСЬКЕ БЮРО АВТОМАТИЗОВАННИХ СИСТЕМ УПРАВЛІННЯ""","28356","ДЕРЖАВНА МІГРАЦІЙНА СЛУЖБА УКРАЇНИ","ДП"
"513","ДЕРЖАВНА НАУКОВО-ВИРОБНИЧА КОРПОРАЦІЯ ""КИЇВСЬКИЙ ІНСТИТУТ АВТОМАТИКИ""","28356","ДЕРЖАВНА МІГРАЦІЙНА СЛУЖБА УКРАЇНИ","ДП"
"514","ДЕРЖАВНЕ НАУКОВО-ВИРОБНИЧЕ ПІДПРИЄМСТВО ""КОМПЛЕКСНІ МЕТОДИ АВТОМАТИЗАЦІЇ"" (КОМЕТА)","28356","ДЕРЖАВНА МІГРАЦІЙНА СЛУЖБА УКРАЇНИ","ДП"
"515","ДЕРЖАВНЕ ПІДПРИЄМСТВО ДЕРЖАВНЕ НАУКОВО-ВИРОБНИЧЕ ПІДПРИЄМСТВО ""ПРИМАТ""","28356","ДЕРЖАВНА МІГРАЦІЙНА СЛУЖБА УКРАЇНИ","ДП"
"516","ДЕРЖАВНЕ НАУКОВО-ВИРОБНИЧЕ ПІДПРИЄМСТВО ""АГРОГАЗ""","28356","ДЕРЖАВНА МІГРАЦІЙНА СЛУЖБА УКРАЇНИ","ДП"
"517","ДЕРЖАВНЕ НАУКОВО-ВИРОБНИЧЕ ПІДПРИЄМСТВО ""АСУ ТЕРМО""","28356","ДЕРЖАВНА МІГРАЦІЙНА СЛУЖБА УКРАЇНИ","ДП"
"518","ДЕРЖАВНЕ НАУКОВО-ВИРОБНИЧЕ ПІДПРИЄМСТВО ""РАДІОІЗОТОПНЕ ІНФОРМАЦІЙНЕ УСТАТКУВАННЯ І СИСТЕМИ""","28356","ДЕРЖАВНА МІГРАЦІЙНА СЛУЖБА УКРАЇНИ","ДП"
"519","ДЕРЖАВНЕ НАУКОВО-ВИРОБНИЧЕ ПІДПРИЄМСТВО ""АСТЕС""","28356","ДЕРЖАВНА МІГРАЦІЙНА СЛУЖБА УКРАЇНИ","ДП"
"520","НАУКОВО-ВИРОБНИЧЕ ПІДПРИЄМСТВО "" ІМТРЕС ""","28356","ДЕРЖАВНА МІГРАЦІЙНА СЛУЖБА УКРАЇНИ","ДП"
"521","ДЕРЖАВНЕ НАУКОВО-ВИРОБНИЧЕ ПІДПРИЄМСТВО ""АВТОПРОМ""","28356","ДЕРЖАВНА МІГРАЦІЙНА СЛУЖБА УКРАЇНИ","ДП"
"522","ДЕРЖАВНЕ ПІДПРИЄМСТВО ""АСКОРТ""","28356","ДЕРЖАВНА МІГРАЦІЙНА СЛУЖБА УКРАЇНИ","ДП"
"523","ДЕРЖАВНЕ НАУКОВО-ВИРОБНИЧЕ ПІДПРИЄМСТВО ""КОМПЛЕКСНІ СИСТЕМИ АВТОМАТИЗАЦІЇ. НОВІ ТЕХНОЛОГІЇ."" (КСАНТ)","28356","ДЕРЖАВНА МІГРАЦІЙНА СЛУЖБА УКРАЇНИ","ДП"
"524","ДЕРЖАВНЕ НАУКОВО-ВИРОБНИЧЕ ПІДПРИЄМСТВО ""АМІУС""","28356","ДЕРЖАВНА МІГРАЦІЙНА СЛУЖБА УКРАЇНИ","ДП"
"525","ДЕРЖАВНЕ НАУКОВО-ВИРОБНИЧЕ ПІДПРИЄМСТВО ""ІНДУСТРІАЛЬНІ КОМП'ЮТЕРНІ СИСТЕМИ""","28356","ДЕРЖАВНА МІГРАЦІЙНА СЛУЖБА УКРАЇНИ","ДП"
"526","ДЕРЖАВНЕ НАУКОВО-ВИРОБНИЧЕ ПІДПРИЄМСТВО ""СПЕЦАВТОМАТИКА""","28356","ДЕРЖАВНА МІГРАЦІЙНА СЛУЖБА УКРАЇНИ","ДП"
"527","ДЕРЖАВНЕ НАУКОВО-ВИРОБНИЧЕ ПІДПРИЄМСТВО ""ПРИЛАДИ, АВТОМАТИКА, СИСТЕМИ"" (ПАС)","28356","ДЕРЖАВНА МІГРАЦІЙНА СЛУЖБА УКРАЇНИ","ДП"
"528","ДЕРЖАВНЕ НАУКОВО-ВИРОБНИЧЕ ПІДПРИЄМСТВО ""ЕЛОЇЗА"" ""ЕЛЕКТРОННЕ ОБЛАДНАННЯ І ЗАСОБИ АВТОМАТИЗАЦІЇ""","28356","ДЕРЖАВНА МІГРАЦІЙНА СЛУЖБА УКРАЇНИ","ДП"
"529","ДЕРЖАВНЕ НАУКОВО-ВИРОБНИЧЕ ПІДПРИЄМСТВО ""АСУ АПК""","28356","ДЕРЖАВНА МІГРАЦІЙНА СЛУЖБА УКРАЇНИ","ДП"
"530","ДЕРЖАВНЕ НАУКОВО-ВИРОБНИЧЕ ПІДПРИЄМСТВО ""АСУ ЕКОЛОГІЯ""","28356","ДЕРЖАВНА МІГРАЦІЙНА СЛУЖБА УКРАЇНИ","ДП"
"531","ДЕРЖАВНЕ НАУКОВО-ВИРОБНИЧЕ ПІДПРИЄМСТВО ""ДОЗА""","28356","ДЕРЖАВНА МІГРАЦІЙНА СЛУЖБА УКРАЇНИ","ДП"
"532","ДЕРЖАВНЕ ПІДПРИЄМСТВО ДЕРЖАВНЕ НАУКОВО-ВИРОБНИЧЕ ПІДПРИЄМСТВО ""РЕКТ""","28356","ДЕРЖАВНА МІГРАЦІЙНА СЛУЖБА УКРАЇНИ","ДП"
"533","ДЕРЖАВНЕ НАУКОВО-ВИРОБНИЧЕ ПІДПРИЄМСТВО ""АВТОМАТИЗОВАНІ ІНФОРМАЦІЙНІ СИСТЕМИ ТА ТЕХНОЛОГІЇ""","28356","ДЕРЖАВНА МІГРАЦІЙНА СЛУЖБА УКРАЇНИ","ДП"
"534","ДЕРЖАВНЕ НАУКОВО-ВИРОБНИЧЕ ПІДПРИЄМСТВО ""БАГАТОФУНКЦІОНІЛЬНІ АВТОМАТИЗОВАНІ КОМП'ЮТЕРНІ СИСТЕМИ КЕРУВАННЯ ТЕХНОЛОГІЯМИ"" (БАКСТ)","28356","ДЕРЖАВНА МІГРАЦІЙНА СЛУЖБА УКРАЇНИ","ДП"
"535","ДЕРЖАВНЕ НАУКОВО-ВИРОБНИЧЕ ПІДПРИЄМСТВО ""СИСТЕМИ КОМП'ЮТЕРНОЇ АВТОМАТИЗАЦІЇ ТЕХНОЛОГІЙ"" (СКАТ)","28356","ДЕРЖАВНА МІГРАЦІЙНА СЛУЖБА УКРАЇНИ","ДП"
"536","ДЕРЖАВНЕ НАУКОВО-ТЕХНІЧНЕ ПІДПРИЄМСТВО ""НІСАР""","28356","ДЕРЖАВНА МІГРАЦІЙНА СЛУЖБА УКРАЇНИ","ДП"
"537","ДЕРЖАВНЕ НАУКОВО-ВИРОБНИЧЕ ПІДПРИЄМСТВО ""НІЦА""","28356","ДЕРЖАВНА МІГРАЦІЙНА СЛУЖБА УКРАЇНИ","ДП"
"538","ДЕРЖАВНЕ НАУКОВО-ТЕХНІЧНЕ ПІДПРИЄМСТВО ""ІНФОРМТЕХ""","28356","ДЕРЖАВНА МІГРАЦІЙНА СЛУЖБА УКРАЇНИ","ДП"
"539","ДЕРЖАВНЕ НАУКОВО-ВИРОБНИЧЕ ПІДПРИЄМСТВО ""КОМПАС""","28356","ДЕРЖАВНА МІГРАЦІЙНА СЛУЖБА УКРАЇНИ","ДП"
"540","ДЕРЖАВНЕ НАУКОВО-ВИРОБНИЧЕ ПІДПРИЄМСТВО ""ПРОЕКТНО- КОНСТРУКТОРСЬКЕ ТЕХНОЛОГІЧНЕ БЮРО""","28356","ДЕРЖАВНА МІГРАЦІЙНА СЛУЖБА УКРАЇНИ","ДП"
"541","ДЕРЖАВНЕ ПІДПРИЄМСТВО ""НАУКОВО-ДОСЛІДНИЙ ЦЕНТР ""КІА ПРОМАВТОМАТИКА""","28356","ДЕРЖАВНА МІГРАЦІЙНА СЛУЖБА УКРАЇНИ","ДП"
"542","ДЕРЖАВНЕ ПІДПРИЄМСТВО ""ДОКУМЕНТ""","28356","ДЕРЖАВНА МІГРАЦІЙНА СЛУЖБА УКРАЇНИ","ДП"
"543","ДЕРЖАВНЕ НАУКОВО-ВИРОБНИЧЕ ПІДПРИЄМСТВО ""КАРТОГРАФІЯ""","28604","ДЕРЖАВНА СЛУЖБА УКРАЇНИ З ПИТАНЬ ГЕОДЕЗІЇ, КАРТОГРАФІЇ ТА КАДАСТРУ","ДП"
"544","ДЕРЖАВНЕ ПІДПРИЄМСТВО ""УКРАЇНСЬКИЙ ДЕРЖАВНИЙ НАУКОВО-ВИРОБНИЧИЙ ІНСТИТУТ ЗЙОМОК МІСТ ТА ГЕОІНФОРМАТИКИ ІМЕНІ А.В. ШАХА"" (ДП ""УКРГЕОІНФОРМ"")","28604","ДЕРЖАВНА СЛУЖБА УКРАЇНИ З ПИТАНЬ ГЕОДЕЗІЇ, КАРТОГРАФІЇ ТА КАДАСТРУ","ДП"
"545","ХЕРСОНСЬКЕ ДЕРЖАВНЕ ПІДПРИЄМСТВО ГЕОДЕЗІЇ, КАРТОГРАФІЇ ТА КАДАСТРУ","28604","ДЕРЖАВНА СЛУЖБА УКРАЇНИ З ПИТАНЬ ГЕОДЕЗІЇ, КАРТОГРАФІЇ ТА КАДАСТРУ","ДП"
"546","ДЕРЖАВНЕ ПІДПРИЄМСТВО ""УКРАЇНСЬКЕ ДЕРЖАВНЕ АЕРОГЕОДЕЗИЧНЕ ПІДПРИЄМСТВО""","28604","ДЕРЖАВНА СЛУЖБА УКРАЇНИ З ПИТАНЬ ГЕОДЕЗІЇ, КАРТОГРАФІЇ ТА КАДАСТРУ","ДП"
"547","ДЕРЖАВНЕ НАУКОВО-ВИРОБНИЧЕ ПІДПРИЄМСТВО ""ГЕОСИСТЕМА""","28604","ДЕРЖАВНА СЛУЖБА УКРАЇНИ З ПИТАНЬ ГЕОДЕЗІЇ, КАРТОГРАФІЇ ТА КАДАСТРУ","ДП"
"548","ДЕРЖАВНЕ ПІДПРИЄМСТВО ""ЦЕНТР ДЕРЖАВНОГО ЗЕМЕЛЬНОГО КАДАСТРУ""","28604","ДЕРЖАВНА СЛУЖБА УКРАЇНИ З ПИТАНЬ ГЕОДЕЗІЇ, КАРТОГРАФІЇ ТА КАДАСТРУ","ДП"
"549","ДЕРЖАВНЕ ПІДПРИЄМСТВО ""НАУКОВО-ДОСЛІДНИЙ ІНСТИТУТ ГЕОДЕЗІЇ І КАРТОГРАФІЇ"" (НДІГК)","28604","ДЕРЖАВНА СЛУЖБА УКРАЇНИ З ПИТАНЬ ГЕОДЕЗІЇ, КАРТОГРАФІЇ ТА КАДАСТРУ","ДП"
"550","ДЕРЖАВНЕ ПІДПРИЄМСТВО ""ДЕРЖАВНЕ УПРАВЛІННЯ КОМПЛЕКСНОГО ЗАБЕЗПЕЧЕННЯ""","28754","ДЕРЖАВНА АУДИТОРСЬКА СЛУЖБА УКРАЇНИ","ДП"
"551","УКРАЇНСЬКА ДЕРЖАВНА КОРПОРАЦІЯ ПО ВИКОНАННЮ МОНТАЖНИХ І СПЕЦІАЛЬНИХ БУДІВЕЛЬНИХ РОБІТ ""УКРМОНТАЖСПЕЦБУД""","28784","ФОНД ДЕРЖАВНОГО МАЙНА УКРАЇНИ ","ДП"
"552","УКРАЇНСЬКА ДЕРЖАВНА БУДІВЕЛЬНА КОРПОРАЦІЯ ""УКРБУД""","28784","ФОНД ДЕРЖАВНОГО МАЙНА УКРАЇНИ ","ДП"
"553","УКРАЇНСЬКА КООПЕРАТИВНО-ДЕРЖАВНА КОРПОРАЦІЯ ПО АГРОПРОМИСЛОВОМУ БУДІВНИЦТВУ ""УКРАГРОПРОМБУД""","28784","ФОНД ДЕРЖАВНОГО МАЙНА УКРАЇНИ ","ДП"
"554","УКРАЇНСЬКА ДЕРЖАВНА КОРПОРАЦІЯ ПО БУДІВНИЦТВУ МЕТРОПОЛІТЕНІВ І ТУНЕЛІВ ""УКРМЕТРОТУНЕЛЬБУД""","28784","ФОНД ДЕРЖАВНОГО МАЙНА УКРАЇНИ ","ДП"
"555","УКРАЇНСЬКА ДЕРЖАВНА КОРПОРАЦІЯ ПО ТРАНСПОРТНОМУ БУДІВНИЦТВУ ""УКРТРАНСБУД""","28784","ФОНД ДЕРЖАВНОГО МАЙНА УКРАЇНИ ","ДП"
"556","ДЕРЖАВНЕ ПІДПРИЄМСТВО ""УКРАЇНСЬКИЙ ПРОЕКТНИЙ ТА КОНСТРУКТОРСЬКО-ТЕХНОЛОГІЧНИЙ ІНСТИТУТ ""АТОМЕНЕРГОБУДПРОЕКТ""","28784","ФОНД ДЕРЖАВНОГО МАЙНА УКРАЇНИ ","ДП"
"557","ДЕРЖАВНЕ ПІДПРИЄМСТВО ""ДЕРЖАВНИЙ ПРОЕКТНО-ВИШУКУВАЛЬНИЙ ТА НАУКОВО-ДОСЛІДНИЙ ІНСТИТУТ ""УКРЕНЕРГОМЕРЕЖПРОЕКТ""","28784","ФОНД ДЕРЖАВНОГО МАЙНА УКРАЇНИ ","ДП"
"558","ДЕРЖАВНЕ ПІДПРИЄМСТВО ПЕРЕСУВНА МЕХАНІЗОВАНА КОЛОНА № 256","28784","ФОНД ДЕРЖАВНОГО МАЙНА УКРАЇНИ ","ДП"
"559","ДЕРЖАВНЕ ПІДПРИЄМСТВО ""НАУКОВО-ДОСЛІДНИЙ ІНСТИТУТ ВИСОКИХ НАПРУГ""","28784","ФОНД ДЕРЖАВНОГО МАЙНА УКРАЇНИ ","ДП"
"560","ДЕРЖАВНЕ ПІДПРИЄМСТВО З КОМПЛЕКТНОЇ ПОСТАВКИ УСТАТКУВАННЯ ""УКРЕНЕРГОКОМПЛЕКТ""","28784","ФОНД ДЕРЖАВНОГО МАЙНА УКРАЇНИ ","ДП"
"561","ДЕРЖАВНЕ ПІДПРИЄМСТВО ""ПОЛТАВСЬКЕ УПРАВЛІННЯ ГЕОФІЗИЧНИХ РОБІТ""","28784","ФОНД ДЕРЖАВНОГО МАЙНА УКРАЇНИ ","ДП"
"562","ДЕРЖАВНЕ ПІДПРИЄМСТВО УКРАЇНСЬКИЙ НАУКОВО-ДОСЛІДНИЙ ІНСТИТУТ НАФТОПЕРЕРОБНОЇ ПРОМИСЛОВОСТІ ""МАСМА""","28784","ФОНД ДЕРЖАВНОГО МАЙНА УКРАЇНИ ","ДП"
"563","ДЕРЖАВНЕ ПІДПРИЄМСТВО ""ЛЬВІВСЬКИЙ ДЕРЖАВНИЙ ІНСТИТУТ З ПРОЕКТУВАННЯ НАФТОПЕРЕРОБНИХ І НАФТОХІМІЧНИХ ПІДПРИЄМСТВ ""ЛЬВІВДІПРОНАФТОХІМ""","28784","ФОНД ДЕРЖАВНОГО МАЙНА УКРАЇНИ ","ДП"
"564","ДЕРЖАВНЕ ПІДПРИЄМСТВО ""НАУКОВО-ДОСЛІДНИЙ ІНСТИТУТ ""ЕЛАСТИК""","28784","ФОНД ДЕРЖАВНОГО МАЙНА УКРАЇНИ ","ДП"
"565","ДЕРЖАВНИЙ НАУКОВО-ДОСЛІДНИЙ ІНСТИТУТ ВЕЛИКОГАБАРИТНИХ ШИН","28784","ФОНД ДЕРЖАВНОГО МАЙНА УКРАЇНИ ","ДП"
"566","ДЕРЖАВНЕ ПІДПРИЄМСТВО ""ІНСТИТУТ КОМПЛЕКСНОЇ МЕХАНІЗАЦІЇ ОЧИСНИХ ТА ПІДГОТОВЧИХ РОБІТ""","28784","ФОНД ДЕРЖАВНОГО МАЙНА УКРАЇНИ ","ДП"
"567","ДРУГИЙ ВОЄНІЗОВАНИЙ ГІРНИЧОРЯТУВАЛЬНИЙ ЗАГІН","28784","ФОНД ДЕРЖАВНОГО МАЙНА УКРАЇНИ ","ДП"
"568","ДЕРЖАВНЕ ПІДПРИЄМСТВО ""ПРОЕКТУВАННЯ БУДІВНИЦТВА ПІДПРИЄМСТВ ВУГІЛЬНОЇ ПРОМИСЛОВОСТІ ""ПІВДЕНДІПРОШАХТ""","28784","ФОНД ДЕРЖАВНОГО МАЙНА УКРАЇНИ ","ДП"
"569","ДЕРЖАВНЕ ПІДПРИЄМСТВО ""ДЕРЖАВНА ІНВЕСТИЦІЙНА ЕКСПЕРТИЗА ВУГІЛЬНОЇ ГАЛУЗІ ""УКРВУГЛЕІНВЕСТЕКСПЕРТИЗА""","28784","ФОНД ДЕРЖАВНОГО МАЙНА УКРАЇНИ ","ДП"
"570","ДЕРЖАВНЕ ПІДПРИЄМСТВО ""РЕГІОНАЛЬНЕ ВИРОБНИЧЕ ОБ'ЄДНАННЯ ""УКРВУГЛЕЕКОЛОГІЯ""","28784","ФОНД ДЕРЖАВНОГО МАЙНА УКРАЇНИ ","ДП"
"571","ДЕРЖАВНЕ ПІДПРИЄМСТВО ""ДОНБАСЬКИЙ НАУКОВО-ДОСЛІДНИЙ І ПРОЕКТНО-КОНСТРУКТОРСЬКИЙ ВУГІЛЬНИЙ ІНСТИТУТ""","28784","ФОНД ДЕРЖАВНОГО МАЙНА УКРАЇНИ ","ДП"
"572","ДЕРЖАВНЕ ПІДПРИЄМСТВО ДЕРЖАВНИЙ МАКІЇВСЬКИЙ НАУКОВО-ДОСЛІДНИЙ ІНСТИТУТ З БЕЗПЕКИ РОБІТ У ГІРНИЧІЙ ПРОМИСЛОВОСТІ","28784","ФОНД ДЕРЖАВНОГО МАЙНА УКРАЇНИ ","ДП"
"573","ДЕРЖАВНЕ ПІДПРИЄМСТВО ШАХТОУПРАВЛІННЯ ІМ ГАЗЕТИ ""ПРАВДА""","28784","ФОНД ДЕРЖАВНОГО МАЙНА УКРАЇНИ ","ДП"
"574","ДЕРЖАВНЕ ПІДПРИЄМСТВО ""ШАХТА ""ПЕТРОВСЬКА""","28784","ФОНД ДЕРЖАВНОГО МАЙНА УКРАЇНИ ","ДП"
"575","ДОНЕЦЬКЕ ВИРОБНИЧЕ ОБ'ЄДНАННЯ ПО ВИДОБУТКУ ВУГІЛЛЯ ""ДОНЕЦЬКВУГІЛЛЯ""","28784","ФОНД ДЕРЖАВНОГО МАЙНА УКРАЇНИ ","ДП"
"576","ДЕРЖАВНЕ ПІДПРИЄМСТВО ШАХТА ""ГІРНИК"" ВИРОБНИЧОГО ОБ'ЄДНАННЯ ""СЕЛИДІВВУГІЛЛЯ""","28784","ФОНД ДЕРЖАВНОГО МАЙНА УКРАЇНИ ","ДП"
"577","""ШАХТА ЧЕРВОНИЙ ПРОФІНТЕРН"" ВИРОБНИЧОГО ОБ'ЄДНАННЯ ""ОРДЖОНІКІДЗЕВУГІЛЛЯ"" МІНІСТЕРСТВА ВУГІЛЬНОЇ ПРОМИСЛОВОСТІ УКРАЇНИ","28784","ФОНД ДЕРЖАВНОГО МАЙНА УКРАЇНИ ","ДП"
"578","ДЕРЖАВНЕ ПІДПРИЄМСТВО ""ШАХТА №3 ШАХТОУПРАВЛІННЯ ""ОЛЕКСАНДРІВСЬКЕ"" ВИРОБНИЧОГО ОБ'ЄДНАННЯ ПО ВИДОБУТКУ ВУГІЛЛЯ ""ОРДЖОНІКІДЗЕВУГІЛЛЯ""","28784","ФОНД ДЕРЖАВНОГО МАЙНА УКРАЇНИ ","ДП"
"579","ШАХТА ""ЮНИЙ КОМУНАР"" ВИРОБНИЧОГО ОБ'ЄДНАННЯ ПО ВИДОБУТКУ ВУГІЛЛЯ ""ОРДЖОНІКІДЗЕВУГІЛЛЯ"" МІНІСТЕРСТВА ПАЛИВА ТА ЕНЕРГЕТИКИ УКРАЇНИ","28784","ФОНД ДЕРЖАВНОГО МАЙНА УКРАЇНИ ","ДП"
"580","ДЕРЖАВНЕ ПІДПРИЄМСТВО ШАХТА ""ДОНЕЦЬКА""","28784","ФОНД ДЕРЖАВНОГО МАЙНА УКРАЇНИ ","ДП"
"581","ДЕРЖАВНЕ ПІДПРИЄМСТВО ШАХТА ""СНІЖНЯНСЬКА"" ВИРОБНИЧОГО ОБ'ЄДНАННЯ ""СНІЖНЕАНТРАЦИТ""","28784","ФОНД ДЕРЖАВНОГО МАЙНА УКРАЇНИ ","ДП"
"582","ДЕРЖАВНЕ ПІДПРИЄМСТВО ШАХТА ""РЕМОВСКАЯ"" ВО ""ТОРЕЗАНТРАЦИТ""","28784","ФОНД ДЕРЖАВНОГО МАЙНА УКРАЇНИ ","ДП"
"583","ДЕРЖАВНЕ ПІДПРИЄМСТВО ШАХТА ВИРОБНИЧОГО ОБ'ЄДНАННЯ ""СНІЖНЕАНТРАЦИТ""-""СХІД""","28784","ФОНД ДЕРЖАВНОГО МАЙНА УКРАЇНИ ","ДП"
"584","ДЕРЖАВНЕ ПІДПРИЄМСТВО ШАХТА ""МІУСЬКА"" ВИРОБНИЧОГО ОБ'ЄДНАННЯ ""СНІЖНЕАНТРАЦИТ""","28784","ФОНД ДЕРЖАВНОГО МАЙНА УКРАЇНИ ","ДП"
"585","ДЕРЖАВНЕ ПІДПРИЄМСТВО ЦЕНТРАЛЬНА ЗБАГАЧУВАЛЬНА ФАБРИКА ""СНІЖНЯНСЬКА""","28784","ФОНД ДЕРЖАВНОГО МАЙНА УКРАЇНИ ","ДП"
"586","ДЕРЖАВНЕ ПІДПРИЄМСТВО ШАХТА ""ЛІСОВА""","28784","ФОНД ДЕРЖАВНОГО МАЙНА УКРАЇНИ ","ДП"
"587","ДЕРЖАВНЕ ПІДПРИЄМСТВО ШАХТОУПРАВЛІННЯ ""МОСКОВСЬКЕ"" ДЕРЖАВНОЇ ХОЛДІНГОВОЇ КОМПАНІЇ ""ШАХТАРСЬКАНТРАЦИТ""","28784","ФОНД ДЕРЖАВНОГО МАЙНА УКРАЇНИ ","ДП"
"588","ДЕРЖАВНЕ ПІДПРИЄМСТВО ""ШАХТА ""НІКАНОР"" ПО ""ЛУГАНСЬКВУГІЛЛЯ""","28784","ФОНД ДЕРЖАВНОГО МАЙНА УКРАЇНИ ","ДП"
"589","ДЕРЖАВНЕ ПІДПРИЄМСТВО ""ШАХТА ""УКРАЇНА""","28784","ФОНД ДЕРЖАВНОГО МАЙНА УКРАЇНИ ","ДП"
"590","ДЕРЖАВНЕ ПІДПРИЄМСТВО ""ШАХТА""СЛОВ'ЯНОСЕРБСЬКА""","28784","ФОНД ДЕРЖАВНОГО МАЙНА УКРАЇНИ ","ДП"
"591","ДЕРЖАВНЕ ПІДПРИЄМСТВО ""ШАХТА ""БЕЖАНІВСЬКА""","28784","ФОНД ДЕРЖАВНОГО МАЙНА УКРАЇНИ ","ДП"
"592","ДЕРЖАВНЕ ПІДПРИЄМСТВО ШАХТА ""ЛУГАНСЬКА"" ВИРОБНИЧОГО ОБ'ЄДНАННЯ ПО ВИДОБУТКУ ВУГІЛЛЯ ""СТАХАНОВУГОЛЬ""","28784","ФОНД ДЕРЖАВНОГО МАЙНА УКРАЇНИ ","ДП"
"593","ДЕРЖАВНЕ ПІДПРИЄМСТВО ШАХТА ІМЕНІ ВОЛОДАРСЬКОГО ВИРОБНИЧОГО ОБ'ЄДНАННЯ ""СВЕРДЛОВАНТРАЦИТ"" МІНІСТЕРСТВА ВУГІЛЬНОЇ ПРОМИСЛОВОСТІ УКРАЇНИ","28784","ФОНД ДЕРЖАВНОГО МАЙНА УКРАЇНИ ","ДП"
"594","ДЕРЖАВНЕ ПІДПРИЄМСТВО ШАХТА ""ЛЕНИНСКАЯ"" ВО ""СВЕРДЛОВАНТРАЦИТ""","28784","ФОНД ДЕРЖАВНОГО МАЙНА УКРАЇНИ ","ДП"
"595","ДЕРЖАВНЕ ПІДПРИЄМСТВО ""НОВОВОЛИНСЬКИЙ РЕМОНТНО-МЕХАНІЧНИЙ ЗАВОД""","28784","ФОНД ДЕРЖАВНОГО МАЙНА УКРАЇНИ ","ДП"
"596","ДЕРЖАВНЕ ПІДПРИЄМСТВО ""СНІЖНЯНСЬКІ ЦЕНТРАЛЬНІ ЕЛЕКТРОМЕХАНІЧНІ МАЙСТЕРНІ""","28784","ФОНД ДЕРЖАВНОГО МАЙНА УКРАЇНИ ","ДП"
"597","ДЕРЖАВНЕ ПІДПРИЄМСТВО РЕМОНТНО-БУДІВЕЛЬНЕ УПРАВЛІННЯ ХАНЖЕНКОВСЬКЕ В/О ""МАКІЇВВУГІЛЛЯ""","28784","ФОНД ДЕРЖАВНОГО МАЙНА УКРАЇНИ ","ДП"
"598","ДЕРЖАВНЕ ПІДПРИЄМСТВО ""РЕМОНТНО-ЕКСПЛУАТАЦІЙНЕ ПІДПРИЄМСТВО ЖИТЛОВО-КОМУНАЛЬНОГО ГОСПОДАРСТВА""","28784","ФОНД ДЕРЖАВНОГО МАЙНА УКРАЇНИ ","ДП"
"599","ДЕРЖАВНЕ ПІДПРИЄМСТВО ""ЛУГАНСЬКЕ ШАХТОБУДІВЕЛЬНЕ УПРАВЛІННЯ""","28784","ФОНД ДЕРЖАВНОГО МАЙНА УКРАЇНИ ","ДП"
"600","ДЕРЖАВНЕ ПІДПРИЄМСТВО ""РЕМОНТНО-БУДІВЕЛЬНЕ УПРАВЛІННЯ""","28784","ФОНД ДЕРЖАВНОГО МАЙНА УКРАЇНИ ","ДП"
"601","ДЕРЖАВНЕ ПІДПРИЄМСТВО ""ЛУГАНСЬКВУГЛЕРЕМОНТ""","28784","ФОНД ДЕРЖАВНОГО МАЙНА УКРАЇНИ ","ДП"
"602","ДЕРЖАВНЕ ПІДПРИЄМСТВО ""КРАСНОЛУЦЬКИЙ ВІДДІЛ РОБІТНИЧОГО ПОСТАЧАННЯ""","28784","ФОНД ДЕРЖАВНОГО МАЙНА УКРАЇНИ ","ДП"
"603","ДЕРЖАВНЕ ПІДПРИЄМСТВО ""ФІРМА МАТЕРІАЛЬНО-ТЕХНІЧНОГО ЗАБЕЗПЕЧЕННЯ ТА ЗБУТУ ПРОДУКЦІЇ"" ВИРОБНИЧОГО ОБ'ЄДНАННЯ ""ДОНЕЦЬКВУГІЛЛЯ""","28784","ФОНД ДЕРЖАВНОГО МАЙНА УКРАЇНИ ","ДП"
"604","ДЕРЖАВНЕ ПІДПРИЄМСТВО ПРОЛЕТАРСЬКЕ УПРАВЛІННЯ ЖИТЛОВО-КОМУНАЛЬНОГО ГОСПОДАРСТВА","28784","ФОНД ДЕРЖАВНОГО МАЙНА УКРАЇНИ ","ДП"
"605","ЧЕРВОНОГВАРДІЙСЬКЕ УПРАВЛІННЯ ЖИТЛОВО-КОМУНАЛЬНОГО ГОСПОДАРСТВА","28784","ФОНД ДЕРЖАВНОГО МАЙНА УКРАЇНИ ","ДП"
"606","УПРАВЛІННЯ ЖИТЛОВО-КОМУНАЛЬНОГО ГОСПОДАРСТВА ВИРОБНИЧОГО ОБ*ЄДНАННЯ ПО ВИДОБУТКУ ВУГІЛЛЯ КРАСНОАРМІЙСЬКВУГІЛЛЯ","28784","ФОНД ДЕРЖАВНОГО МАЙНА УКРАЇНИ ","ДП"
"607","ДЕРЖАВНЕ ПІДПРИЄМСТВО ""ШАХТА ""ВЕДМЕЖОЯРСЬКА""","28784","ФОНД ДЕРЖАВНОГО МАЙНА УКРАЇНИ ","ДП"
"608","ДЕРЖАВНЕ ПІДПРИЄМСТВО ""СНІЖНЯНСЬКЕ УПРАВЛІННЯ ЖИТЛОВО-КОМУНАЛЬНОГО ГОСПОДАРСТВА""","28784","ФОНД ДЕРЖАВНОГО МАЙНА УКРАЇНИ ","ДП"
"609","ДЕРЖАВНЕ ПІДПРИЄМСТВО ""БРЯНКІВСЬКЕ УПРАВЛІННЯ ЖИТЛОВО-КОМУНАЛЬНОГО ГОСПОДАРСТВА ""ВИРОБНИЧОГО ОБ'ЄДНАННЯ ""СТАХАНОВВУГІЛЛЯ""","28784","ФОНД ДЕРЖАВНОГО МАЙНА УКРАЇНИ ","ДП"
"610","ДЕРЖАВНЕ ПІДПРИЄМСТВО ""УКРАЇНСЬКИЙ НАУКОВО-ДОСЛІДНИЙ І ПРОЕКТНО-КОНСТРУКТОРСЬКИЙ ІНСТИТУТ ПО ЗБАГАЧЕННЮ ТА БРИКЕТУВАННЮ ВУГІЛЛЯ""","28784","ФОНД ДЕРЖАВНОГО МАЙНА УКРАЇНИ ","ДП"
"611","ДЕРЖАВНЕ ПІДПРИЄМСТВО ""ЦЕНТРАЛЬНЕ БЮРО НАУКОВО-ТЕХНІЧНОЇ ІНФОРМАЦІЇ (ЦБНТІ) ВУГІЛЬНОЇ ПРОМИСЛОВОСТІ""","28784","ФОНД ДЕРЖАВНОГО МАЙНА УКРАЇНИ ","ДП"
"612","ДЕРЖАВНЕ ПІДПРИЄМСТВО ""СПЕЦІАЛІЗОВАНИЙ ЦЕНТР ""ВУГЛЕІЗОТОП""","28784","ФОНД ДЕРЖАВНОГО МАЙНА УКРАЇНИ ","ДП"
"613","ВИРОБНИЧЕ ОБ'ЄДНАННЯ ШАХТНОЇ ГЕОЛОГІЇ ТА ТЕХНІЧНОГО БУРІННЯ ""УКРВУГЛЕГЕОЛОГІЯ""","28784","ФОНД ДЕРЖАВНОГО МАЙНА УКРАЇНИ ","ДП"
"614","ДЕРЖАВНЕ ПІДПРИЄМСТВО ""ЗАВОД ПОРОШКОВОЇ МЕТАЛУРГІЇ""","28784","ФОНД ДЕРЖАВНОГО МАЙНА УКРАЇНИ ","ДП"
"615","ДЕРЖАВНЕ ПІДПРИЄМСТВО ""ЛУТУГИНСЬКИЙ НАУКОВО-ВИРОБНИЧИЙ ВАЛКОВИЙ КОМБІНАТ""","28784","ФОНД ДЕРЖАВНОГО МАЙНА УКРАЇНИ ","ДП"
"616","ДЕРЖАВНЕ ПІДПРИЄМСТВО ""УКРАЇНСЬКИЙ ІНСТИТУТ ПО ПРОЕКТУВАННЮ МЕТАЛУРГІЙНИХ ЗАВОДІВ""","28784","ФОНД ДЕРЖАВНОГО МАЙНА УКРАЇНИ ","ДП"
"617","ДЕРЖАВНЕ ПІДПРИЄМСТВО ""ДЕРЖАВНИЙ ІНСТИТУТ ПО ПРОЕКТУВАННЮ ПІДПРИЄМСТВ КОКСОХІМІЧНОЇ ПРОМИСЛОВОСТІ""","28784","ФОНД ДЕРЖАВНОГО МАЙНА УКРАЇНИ ","ДП"
"618","ДЕРЖАВНЕ ПІДПРИЄМСТВО ""ДЕРЖАВНА КОКСОХІМІЧНА СТАНЦІЯ""","28784","ФОНД ДЕРЖАВНОГО МАЙНА УКРАЇНИ ","ДП"
"619","ДЕРЖАВНА УСТАНОВА ""ДЕРЖАВНИЙ ІНСТИТУТ ПРАЦІ ТА СОЦІАЛЬНО-ЕКОНОМІЧНИХ ДОСЛІДЖЕНЬ""","28784","ФОНД ДЕРЖАВНОГО МАЙНА УКРАЇНИ ","ДП"
"620","ДЕРЖАВНЕ ПІДПРИЄМСТВО ""УКРАЇНСЬКИЙ НАУКОВО-ДОСЛІДНИЙ ІНСТИТУТ СПЕЦІАЛЬНИХ СТАЛЕЙ, СПЛАВІВ ТА ФЕРОСПЛАВІВ""","28784","ФОНД ДЕРЖАВНОГО МАЙНА УКРАЇНИ ","ДП"
"621","ДЕРЖАВНЕ ПІДПРИЄМСТВО ""УКРАЇНСЬКИЙ ДЕРЖАВНИЙ НАУКОВО-ДОСЛІДНИЙ ВУГЛЕХІМІЧНИЙ ІНСТИТУТ (УХІН)""","28784","ФОНД ДЕРЖАВНОГО МАЙНА УКРАЇНИ ","ДП"
"622","ДЕРЖАВНЕ СПЕЦІАЛІЗОВАНЕ КОНСТРУКТОРСЬКЕ БЮРО АВТОМАТИЗАЦІЇ КОКСОХІМІЧНОГО ВИРОБНИЦТВА","28784","ФОНД ДЕРЖАВНОГО МАЙНА УКРАЇНИ ","ДП"
"623","УКРАЇНСЬКИЙ ВИРОБНИЧО-ТОРГІВЕЛЬНИЙ КОНЦЕРН РОБІТНИЧОГО ПОСТАЧАННЯ ПІДПРИЄМСТВ МЕТАЛУРГІЇ ""УКРМЕТАЛЛУРГТОРГСНАБ""","28784","ФОНД ДЕРЖАВНОГО МАЙНА УКРАЇНИ ","ДП"
"624","ДЕРЖАВНЕ ПІДПРИЄМСТВО ""ПРОМСПЕЦЗВ'ЯЗОК""","28784","ФОНД ДЕРЖАВНОГО МАЙНА УКРАЇНИ ","ДП"
"625","ЧАСІВОЯРСЬКЕ СПЕЦІАЛІЗОВАНЕ УПРАВЛІННЯ ПО РЕМОНТУ УСТАТКУВАННЯ БУДІВЕЛЬ ТА СПОРУД","28784","ФОНД ДЕРЖАВНОГО МАЙНА УКРАЇНИ ","ДП"
"626","ДЕРЖАВНЕ ПІДПРИЄМСТВО ""УКРАЇНСЬКИЙ РЕСПУБЛІКАНСЬКИЙ ДЕРЖАВНИЙ ТРЕСТ КОМПЛЕКТУВАННЯ ПІДПРИЄМСТВ МЕТАЛУРГІЇ""","28784","ФОНД ДЕРЖАВНОГО МАЙНА УКРАЇНИ ","ДП"
"627","ДЕРЖАВНИЙ ЗАКЛАД ""ДНІПРОПЕТРОВСЬКИЙ ІНСТИТУТ ПРОФЕСІЙНОГО РОЗВИТКУ І ОСВІТИ""","28784","ФОНД ДЕРЖАВНОГО МАЙНА УКРАЇНИ ","ДП"
"628","ДЕРЖАВНЕ ПІДПРИЄМСТВО ""УКРМЕТАЛУРГІЗОТОП""","28784","ФОНД ДЕРЖАВНОГО МАЙНА УКРАЇНИ ","ДП"
"629","ДОНЕЦЬКИЙ ДЕРЖАВНИЙ НАУКОВО-ДОСЛІДНИЙ ІНСТИТУТ ЧОРНОЇ МЕТАЛУРГІЇ","28784","ФОНД ДЕРЖАВНОГО МАЙНА УКРАЇНИ ","ДП"
"630","ДЕРЖАВНЕ ПІДПРИЄМСТВО ""ДОНЕЦЬКИЙ ІНСТИТУТ НАУКОВО-ДОСЛІДНИХ, ПРОЕКТНИХ РОБІТ ТА ІНЖЕНЕРНИХ ПОСЛУГ У ВОГНЕТРИВКІЙ ПРОМИСЛОВОСТІ""","28784","ФОНД ДЕРЖАВНОГО МАЙНА УКРАЇНИ ","ДП"
"631","ДЕРЖАВНЕ ПІДПРИЄМСТВО ""УКРЧОРМЕТГЕОЛОГІЯ""","28784","ФОНД ДЕРЖАВНОГО МАЙНА УКРАЇНИ ","ДП"
"632","ДЕРЖАВНЕ ПІДПРИЄМСТВО ""ЧАСІВ-ЯРСЬКА ДЕРЖАВНА ГЕОЛОГОРОЗВІДУВАЛЬНА ПАРТІЯ""","28784","ФОНД ДЕРЖАВНОГО МАЙНА УКРАЇНИ ","ДП"
"633","ДЕРЖАВНЕ НАУКОВО-ПРОЕКТНЕ ПІДПРИЄМСТВО ""ВТОРМЕТРОЕКТ""","28784","ФОНД ДЕРЖАВНОГО МАЙНА УКРАЇНИ ","ДП"
"634","ДЕРЖАВНЕ ПІДПРИЄМСТВО ""СВІТЛОВОДСЬКИЙ КОМБІНАТ ТВЕРДИХ СПЛАВІВ І ТУГОПЛАВКИХ МЕТАЛІВ""","28784","ФОНД ДЕРЖАВНОГО МАЙНА УКРАЇНИ ","ДП"
"635","ДОНЕЦЬКИЙ ДЕРЖАВНИЙ НАУКОВО-ДОСЛІДНИЙ ТА ПРОЕКТНИЙ ІНСТИТУТ КОЛЬОРОВИХ МЕТАЛІВ","28784","ФОНД ДЕРЖАВНОГО МАЙНА УКРАЇНИ ","ДП"
"636","ЗАПОРІЗЬКЕ ДЕРЖАВНЕ ПІДПРИЄМСТВО ""КРЕМНІЙПОЛІМЕР""","28784","ФОНД ДЕРЖАВНОГО МАЙНА УКРАЇНИ ","ДП"
"637","ДЕРЖАВНЕ ПІДПРИЄМСТВО ""ЧЕРКАСЬКИЙ ДЕРЖАВНИЙ ЗАВОД ХІМІЧНИХ РЕАКТИВІВ""","28784","ФОНД ДЕРЖАВНОГО МАЙНА УКРАЇНИ ","ДП"
"638","ГОРЛІВСЬКЕ ДЕРЖАВНЕ ПІДПРИЄМСТВО ""ХІМРЕМОНТ""","28784","ФОНД ДЕРЖАВНОГО МАЙНА УКРАЇНИ ","ДП"
"639","ДЕРЖАВНЕ ПІДПРИЄМСТВО ""ІНСТИТУТ ПО ПРОЕКТУВАННЮ ПІДПРИЄМСТВ ХІМІЧНИХ РЕАКТИВІВ, ПРЕПАРАТІВ ТА ВИСОКОЧИСТИХ РЕЧОВИН ""ДІПРОХІМРЕАКТИВ""","28784","ФОНД ДЕРЖАВНОГО МАЙНА УКРАЇНИ ","ДП"
"640","ХАРКІВСЬКИЙ ДЕРЖАВНИЙ ЗАГІН ВОЄНІЗОВАНОЇ ОХОРОНИ","28784","ФОНД ДЕРЖАВНОГО МАЙНА УКРАЇНИ ","ДП"
"641","ДНІПРОПЕТРОВСЬКИЙ ЗАГІН ВОЄНІЗОВАНОЇ ОХОРОНИ","28784","ФОНД ДЕРЖАВНОГО МАЙНА УКРАЇНИ ","ДП"
"642","ДЕРЖАВНЕ ПІДПРИЄМСТВО ""НАУКОВО-ДОСЛІДНИЙ ІНСТИТУТ ТЕХНІКИ БЕЗПЕКИ ХІМІЧНИХ ВИРОБНИЦТВ""","28784","ФОНД ДЕРЖАВНОГО МАЙНА УКРАЇНИ ","ДП"
"643","ДЕРЖАВНЕ ПІДПРИЄМСТВО ""НАУКОВО-ДОСЛІДНИЙ ІНСТИТУТ ГАЛУРГІЇ""","28784","ФОНД ДЕРЖАВНОГО МАЙНА УКРАЇНИ ","ДП"
"644","ДЕРЖАВНЕ ПІДПРИЄМСТВО ""ЧЕРКАСЬКИЙ ДЕРЖАВНИЙ НАУКОВО-ДОСЛІДНИЙ ІНСТИТУТ ТЕХНІКО-ЕКОНОМІЧНОЇ ІНФОРМАЦІЇ В ХІМІЧНІЙ ПРОМИСЛОВОСТІ""","28784","ФОНД ДЕРЖАВНОГО МАЙНА УКРАЇНИ ","ДП"
"645","ДЕРЖАВНЕ ПІДПРИЄМСТВО ""УКРАЇНСЬКИЙ ДЕРЖАВНИЙ НАУКОВО-ДОСЛІДНИЙ ІНСТИТУТ ПЛАСТИЧНИХ МАС""","28784","ФОНД ДЕРЖАВНОГО МАЙНА УКРАЇНИ ","ДП"
"646","ДОСЛІДНИЙ ЗАВОД ВНДИ ""МОНОКРИСТАЛІВ""","28784","ФОНД ДЕРЖАВНОГО МАЙНА УКРАЇНИ ","ДП"
"647","ДЕРЖАВНЕ ПІДПРИЄМСТВО ""УКРАЇНСЬКИЙ ДЕРЖАВНИЙ ІНСТИТУТ ПО ПРОЕКТУВАННЮ ЗАВОДІВ ВАЖКОГО МАШИНОБУДУВАННЯ""","28784","ФОНД ДЕРЖАВНОГО МАЙНА УКРАЇНИ ","ДП"
"648","ДЕРЖАВНЕ ПІДПРИЄМСТВО ""НАУКОВО-ДОСЛІДНИЙ ІНСТИТУТ ""ХЕМЗ""","28784","ФОНД ДЕРЖАВНОГО МАЙНА УКРАЇНИ ","ДП"
"649","ДЕРЖАВНЕ ПІДПРИЄМСТВО ""ТЕХНОЛОГІЧНЕ БЮРО ЕЛЕКТРОАПАРАТУРИ""","28784","ФОНД ДЕРЖАВНОГО МАЙНА УКРАЇНИ ","ДП"
"650","ДЕРЖАВНЕ ПІДПРИЄМСТВО ""УКРАЇНСЬКИЙ НАУКОВО-ДОСЛІДНИЙ, ПРОЕКТНО-КОНСТРУКТОРСЬКИЙ ТА ТЕХНОЛОГІЧНИЙ ІНСТИТУТ ВИБУХОЗАХИЩЕНОГО ТА РУДНИКОВОГО ЕЛЕКТРООБЛАДНАННЯ З ДОСЛІДНО-ЕКСПЕ","28784","ФОНД ДЕРЖАВНОГО МАЙНА УКРАЇНИ ","ДП"
"651","ДЕРЖАВНЕ ПІДПРИЄМСТВО ""НАУКОВО-ДОСЛІДНИЙ ТА ПРОЕКТНИЙ ІНСТИТУТ ""УКРДІПРОГАЗООЧИСТКА""","28784","ФОНД ДЕРЖАВНОГО МАЙНА УКРАЇНИ ","ДП"
"652","УЧБОВО-ВИРОБНИЧА МАЙСТЕРНЯ ХАРКІВСЬКОГО ВЕРСТАТОІНСТРУМЕНТАЛЬНОГО ТЕХНІКУМУ","28784","ФОНД ДЕРЖАВНОГО МАЙНА УКРАЇНИ ","ДП"
"653","ДЕРЖАВНЕ ПІДПРИЄМСТВО ""КОНСТРУКТОРСЬКО-ТЕХНОЛОГІЧНИЙ ЦЕНТР ВЕРСТАТОБУДУВАННЯ""","28784","ФОНД ДЕРЖАВНОГО МАЙНА УКРАЇНИ ","ДП"
"654","ОДЕСЬКЕ СПЕЦІАЛЬНЕ КОНСТРУКТОРСЬКЕ БЮРО АЛМАЗНО-РОЗТОЧУВАЛЬНИХ ТА РАДІАЛЬНО-СВЕРДЛИЛЬНИХ ВЕРСТАТІВ","28784","ФОНД ДЕРЖАВНОГО МАЙНА УКРАЇНИ ","ДП"
"655","ДЕРЖАВНЕ ПІДПРИЄМСТВО ""ОДЕСЬКЕ СПЕЦІАЛЬНЕ КОНСТРУКТОРСЬКЕ БЮРО ПРЕЦИЗІЙНИХ ВЕРСТАТІВ""","28784","ФОНД ДЕРЖАВНОГО МАЙНА УКРАЇНИ ","ДП"
"656","ДЕРЖАВНЕ ПІДПРИЄМСТВО ""ДОСЛІДНО-КОНСТРУКТОРСЬКЕ БЮРО ШЛІФУВАЛЬНИХ ВЕРСТАТІВ""","28784","ФОНД ДЕРЖАВНОГО МАЙНА УКРАЇНИ ","ДП"
"657","ДЕРЖАВНЕ ПІДПРИЄМСТВО ""КРИВОРІЗЬКИЙ ІНСТИТУТ АВТОМАТИКИ""","28784","ФОНД ДЕРЖАВНОГО МАЙНА УКРАЇНИ ","ДП"
"658","ДЕРЖАВНЕ ПІДПРИЄМСТВО ""ЛЬВІВСЬКИЙ ДОСЛІДНО-ЕКСПЕРИМЕНТАЛЬНИЙ ЗАВОД ТЕХНОЛОГІЧНОГО ОБЛАДНАННЯ""","28784","ФОНД ДЕРЖАВНОГО МАЙНА УКРАЇНИ ","ДП"
"659","ДЕРЖАВНЕ ПІДПРИЄМСТВО ""ОДЕСЬКИЙ СПЕЦІАЛЬНИЙ НАУКОВО-ДОСЛІДНИЙ І ПРОЕКТНО-КОНСТРУКТОРСЬКИЙ ІНСТИТУТ""","28784","ФОНД ДЕРЖАВНОГО МАЙНА УКРАЇНИ ","ДП"
"660","ДЕРЖАВНЕ ПІДПРИЄМСТВО ""МЕЛІТОПОЛЬСЬКИЙ ЗАВОД ""ГІДРОМАШ""","28784","ФОНД ДЕРЖАВНОГО МАЙНА УКРАЇНИ ","ДП"
"661","ДЕРЖАВНЕ ПІДПРИЄМСТВО ""ДЕРЖАВНИЙ СЕРТИФІКАЦІЙНИЙ ЦЕНТР СИНТЕТИЧНИХ МИЮЧИХ ЗАСОБІВ ТА ВИРОБІВ ЕЛЕКТРОННОЇ ТЕХНІКИ ""ЕЛХІМ""","28784","ФОНД ДЕРЖАВНОГО МАЙНА УКРАЇНИ ","ДП"
"662","ДЕРЖАВНЕ ПІДПРИЄМСТВО ""НАВЧАЛЬНО-ВИРОБНИЧІ МАЙСТЕРНІ""","28784","ФОНД ДЕРЖАВНОГО МАЙНА УКРАЇНИ ","ДП"
"663","ДЕРЖАВНИЙ ІНФОРМАЦІЙНО-ОБЧИСЛЮВАЛЬНИЙ ЦЕНТР ""МОДУЛЬ""","28784","ФОНД ДЕРЖАВНОГО МАЙНА УКРАЇНИ ","ДП"
"664","ДЕРЖАВНЕ ПІДПРИЄМСТВО КТЦ ""АГРОМАШСЕРВІС""","28784","ФОНД ДЕРЖАВНОГО МАЙНА УКРАЇНИ ","ДП"
"665","ДЕРЖАВНЕ ПІДПРИЄМСТВО ""ПАПІРПРИЛАД""","28784","ФОНД ДЕРЖАВНОГО МАЙНА УКРАЇНИ ","ДП"
"666","ДОСЛІДНЕ ВИРОБНИЦТВО ІНСТИТУТУ БІОЛОГІЇ ПІВДЕННИХ МОРІВ ІМ О.О.КОВАЛЕВСЬКОГО НАНУ","28784","ФОНД ДЕРЖАВНОГО МАЙНА УКРАЇНИ ","ДП"
"667","ДЕРЖАВНЕ ПІДПРИЄМСТВО ""ХАРКІВВИБУХПРОМ""","28784","ФОНД ДЕРЖАВНОГО МАЙНА УКРАЇНИ ","ДП"
"668","ДЕРЖАВНЕ ПІДПРИЄМСТВО ""ТОКІВСЬКИЙ ГРАНІТНИЙ КАР'ЄР""","28784","ФОНД ДЕРЖАВНОГО МАЙНА УКРАЇНИ ","ДП"
"669","ДЕРЖАВНЕ ПІДПРИЄМСТВО -ДЕРЖАВНИЙ ПРОЕКТНИЙ ІНСТИТУТ ""ВІННИЦЯБУДМПРОЕКТ""","28784","ФОНД ДЕРЖАВНОГО МАЙНА УКРАЇНИ ","ДП"
"670","ДЕРЖАВНЕ ПІДПРИЄМСТВО ""УКРАЇНСЬКИЙ НАУКОВО-ДОСЛІДНИЙ І ПРОЕКТНО-КОНСТРУКТОРСЬКИЙ ІНСТИТУТ БУДІВЕЛЬНИХ МАТЕРІАЛІВ ТА ВИРОБІВ ""НДІБМВ""","28784","ФОНД ДЕРЖАВНОГО МАЙНА УКРАЇНИ ","ДП"
"671","ДЕРЖАВНЕ ПІДПРИЄМСТВО ""ІНСТИТУТ ПІДГОТОВКИ КАДРІВ ПРОМИСЛОВОСТІ""","28784","ФОНД ДЕРЖАВНОГО МАЙНА УКРАЇНИ ","ДП"
"672","ВИШНІВЕЦЬКЕ ДЕРЖАВНЕ ВИРОБНИЧО-ТОРГОВЕЛЬНЕ ПІДПРИЄМСТВО ""ШКІРГАЛАНТЕРЕЯ""","28784","ФОНД ДЕРЖАВНОГО МАЙНА УКРАЇНИ ","ДП"
"673","ДЕРЖАВНЕ ПІДПРИЄМСТВО ""ЦЕНТР-СЕРВІС""","28784","ФОНД ДЕРЖАВНОГО МАЙНА УКРАЇНИ ","ДП"
"674","ДЕРЖАВНЕ ПІДПРИЄМСТВО - УПРАВЛІННЯ КОМПЛЕКТАЦІЇ ТА ПОСТАВОК УСТАТКУВАННЯ ДЛЯ ЛЕГКОЇ ПРОМИСЛОВОСТІ І МАТЕРІАЛЬНО-ТЕХНІЧНОГО ПОСТАЧАННЯ","28784","ФОНД ДЕРЖАВНОГО МАЙНА УКРАЇНИ ","ДП"
"675","ДЕРЖАВНЕ ПІДПРИЄМСТВО ""БЕРЕЗНІВСЬКА ЛЬОНОНАСІННИЦЬКА СТАНЦІЯ""","28784","ФОНД ДЕРЖАВНОГО МАЙНА УКРАЇНИ ","ДП"
"676","ДЕРЖАВНЕ ПІДПРИЄМСТВО ДЕРЖАВНЕ ЦЕНТРАЛЬНЕ БЮРО ТЕХНІЧНОЇ ІНФОРМАЦІЇ З ЛЕГКОЇ ТА ТЕКСТИЛЬНОЇ ПРОМИСЛОВОСТІ","28784","ФОНД ДЕРЖАВНОГО МАЙНА УКРАЇНИ ","ДП"
"677","ДЕРЖАВНЕ ПІДПРИЄМСТВО ""ЯГОТИНСЬКИЙ ЦУКРОВИЙ ЗАВОД""","28784","ФОНД ДЕРЖАВНОГО МАЙНА УКРАЇНИ ","ДП"
"678","ДЕРЖАВНЕ ПІДПРИЄМСТВО ""ЛУЖАНСЬКИЙ ЕКСПЕРИМЕНТАЛЬНИЙ ЗАВОД""","28784","ФОНД ДЕРЖАВНОГО МАЙНА УКРАЇНИ ","ДП"
"679","ДЕРЖАВНЕ ПІДПРИЄМСТВО ""УКРАЇНСЬКИЙ НАУКОВО-ДОСЛІДНИЙ І ПРОЕКТНИЙ ІНСТИТУТ ХАРЧОВОЇ ПРОМИСЛОВОСТІ""","28784","ФОНД ДЕРЖАВНОГО МАЙНА УКРАЇНИ ","ДП"
"680","ДЕРЖАВНЕ ПІДПРИЄМСТВО ""ДЕРЖАВНИЙ ІНСТИТУТ ПО ПРОЕКТУВАННЮ ПІДПРИЄМСТВ ПО ПЕРЕРОБЦІ ПЛОДООВОЧЕВОЇ ПРОДУКЦІЇ ""ДІПРОПЛОДООВОЧГОСП""","28784","ФОНД ДЕРЖАВНОГО МАЙНА УКРАЇНИ ","ДП"
"681","УКРАЇНСЬКИЙ НАУКОВО-ДОСЛІДНИЙ ІНСТИТУТ СОЛЯНОЇ ПРОМИСЛОВОСТІ","28784","ФОНД ДЕРЖАВНОГО МАЙНА УКРАЇНИ ","ДП"
"682","ДЕРЖАВНА НАУКОВА УСТАНОВА ""УКРАЇНСЬКИЙ НАУКОВО-ДОСЛІДНИЙ ІНСТИТУТ ЦУКРОВОЇ ПРОМИСЛОВОСТІ"" (УКРНДІЦП)","28784","ФОНД ДЕРЖАВНОГО МАЙНА УКРАЇНИ ","ДП"
"683","ДЕРЖАВНЕ ПІДПРИЄМСТВО ""ДОСЛІДНЕ ГОСПОДАРСТВО ""СТЕПОВЕ"" НАЦІОНАЛЬНОГО ІНСТИТУТУ ВИНОГРАДУ І ВИНА ""МАГАРАЧ""","28784","ФОНД ДЕРЖАВНОГО МАЙНА УКРАЇНИ ","ДП"
"684","ДЕРЖАВНЕ ПІДПРИЄМСТВО МУРАФСЬКИЙ КАР'ЄР","28784","ФОНД ДЕРЖАВНОГО МАЙНА УКРАЇНИ ","ДП"
"685","ДЕРЖАВНЕ ПІДПРИЄМСТВО ПІЩАНСЬКИЙ КАР'ЄР","28784","ФОНД ДЕРЖАВНОГО МАЙНА УКРАЇНИ ","ДП"
"686","ДЕРЖАВНЕ ПІДПРИЄМСТВО ""ЗАКУПНЯНСЬКИЙ КАР'ЄР""","28784","ФОНД ДЕРЖАВНОГО МАЙНА УКРАЇНИ ","ДП"
"687","ДЕРЖАВНЕ ПІДПРИЄМСТВО ""НІГИНСЬКИЙ КАР'ЄР""","28784","ФОНД ДЕРЖАВНОГО МАЙНА УКРАЇНИ ","ДП"
"688","ДЕРЖАВНЕ ПІДПРИЄМСТВО ""ЛИПНИЦЬКИЙ СПИРТОВИЙ ЗАВОД""","28784","ФОНД ДЕРЖАВНОГО МАЙНА УКРАЇНИ ","ДП"
"689","ДЕРЖАВНЕ ПІДПРИЄМСТВО ""КОРОСТИШІВСЬКИЙ СПИРТОВИЙ КОМБІНАТ""","28784","ФОНД ДЕРЖАВНОГО МАЙНА УКРАЇНИ ","ДП"
"690","ДЕРЖАВНЕ ПІДПРИЄМСТВО ""ЧЕРВОНЕНСЬКИЙ ЗАВОД ПРОДТОВАРІВ""","28784","ФОНД ДЕРЖАВНОГО МАЙНА УКРАЇНИ ","ДП"
"691","СТРУТИНСЬКИЙ ДЕРЖАВНИЙ СПИРТОВИЙ ЗАВОД","28784","ФОНД ДЕРЖАВНОГО МАЙНА УКРАЇНИ ","ДП"
"692","ДЕРЖАВНЕ ПІДПРИЄМСТВО ""УГЕРСЬКИЙ СПИРТОВИЙ ЗАВОД""","28784","ФОНД ДЕРЖАВНОГО МАЙНА УКРАЇНИ ","ДП"
"693","ДЕРЖАВНЕ ПІДПРИЄМСТВО ""РАВА-РУСЬКИЙ СПИРТОВИЙ ЗАВОД""","28784","ФОНД ДЕРЖАВНОГО МАЙНА УКРАЇНИ ","ДП"
"694","ДЕРЖАВНЕ ПІДПРИЄМСТВО ""ВОЮТИЦЬКИЙ СПИРТОВИЙ ЗАВОД""","28784","ФОНД ДЕРЖАВНОГО МАЙНА УКРАЇНИ ","ДП"
"695","ДЕРЖАВНЕ ПІДПРИЄМСТВО ""ЛОХВИЦЬКИЙ СПИРТОВИЙ КОМБІНАТ""","28784","ФОНД ДЕРЖАВНОГО МАЙНА УКРАЇНИ ","ДП"
"696","ДЕРЖАВНЕ ПІДПРИЄМСТВО ""ЖОВТНЕВИЙ СПИРТОВИЙ ЗАВОД""","28784","ФОНД ДЕРЖАВНОГО МАЙНА УКРАЇНИ ","ДП"
"697","ДЕРЖАВНЕ ПІДПРИЄМСТВО ""ІВАНЬКІВСЬКИЙ СПИРТОВИЙ ЗАВОД""","28784","ФОНД ДЕРЖАВНОГО МАЙНА УКРАЇНИ ","ДП"
"698","ДЕРЖАВНЕ ПІДПРИЄМСТВО ""ГАННОПІЛЬСЬКИЙ СПИРТОВИЙ ЗАВОД""","28784","ФОНД ДЕРЖАВНОГО МАЙНА УКРАЇНИ ","ДП"
"699","ДЕРЖАВНЕ ПІДПРИЄМСТВО ""МАНИКОВЕЦЬКИЙ СПИРТОВИЙ ЗАВОД""","28784","ФОНД ДЕРЖАВНОГО МАЙНА УКРАЇНИ ","ДП"
"700","ДЕРЖАВНЕ ПІДПРИЄМСТВО ТХОРІВСЬКИЙ СПИРТОВИЙ ЗАВОД","28784","ФОНД ДЕРЖАВНОГО МАЙНА УКРАЇНИ ","ДП"
"701","ДЕРЖАВНЕ ПІДПРИЄМСТВО "" СТАДНИЦЬКИЙ СПИРТОВИЙ ЗАВОД ""","28784","ФОНД ДЕРЖАВНОГО МАЙНА УКРАЇНИ ","ДП"
"702","ДЕРЖАВНЕ ПІДПРИЄМСТВО ""МАЛОВИСКІВСЬКИЙ СПИРТОВИЙ ЗАВОД""","28784","ФОНД ДЕРЖАВНОГО МАЙНА УКРАЇНИ ","ДП"
"703","ДЕРЖАВНЕ ПІДПРИЄМСТВО ""ЗІРНЕНСЬКИЙ СПИРТОВИЙ ЗАВОД""","28784","ФОНД ДЕРЖАВНОГО МАЙНА УКРАЇНИ ","ДП"
"704","ДЕРЖАВНЕ ПІДПРИЄМСТВО ""КОВАЛІВСЬКИЙ СПИРТОВИЙ ЗАВОД""","28784","ФОНД ДЕРЖАВНОГО МАЙНА УКРАЇНИ ","ДП"
"705","ДЕРЖАВНЕ ПІДПРИЄМСТВО ""ЗАРУБИНСЬКИЙ СПИРТОВИЙ ЗАВОД""","28784","ФОНД ДЕРЖАВНОГО МАЙНА УКРАЇНИ ","ДП"
"706","ДЕРЖАВНЕ ПІДПРИЄМСТВО ""КОБИЛОВОЛОЦЬКИЙ СПИРТОВИЙ ЗАВОД""","28784","ФОНД ДЕРЖАВНОГО МАЙНА УКРАЇНИ ","ДП"
"707","ДЕРЖАВНЕ ПІДПРИЄМСТВО ""НОВОСІЛКІВСЬКИЙ СПИРТОВИЙ ЗАВОД""","28784","ФОНД ДЕРЖАВНОГО МАЙНА УКРАЇНИ ","ДП"
"708","ДЕРЖАВНЕ ПІДПРИЄМСТВО СТРУСІВСЬКИЙ КОМБІНАТ ПРОДТОВАРІВ","28784","ФОНД ДЕРЖАВНОГО МАЙНА УКРАЇНИ ","ДП"
"709","ДЕРЖАВНЕ ПІДПРИЄМСТВО "" МАРИЛІВСЬКИЙ СПИРТОВИЙ ЗАВОД ""","28784","ФОНД ДЕРЖАВНОГО МАЙНА УКРАЇНИ ","ДП"
"710","ДЕРЖАВНЕ ПІДПРИЄМСТВО ""МИШКОВИЦЬКИЙ СПИРТОВИИЙ ЗАВОД""","28784","ФОНД ДЕРЖАВНОГО МАЙНА УКРАЇНИ ","ДП"
"711","ДЕРЖАВНЕ ПІДПРИЄМСТВО ""ДУБОВ'ЯЗІВСЬКИЙ СПИРТОВИЙ ЗАВОД""","28784","ФОНД ДЕРЖАВНОГО МАЙНА УКРАЇНИ ","ДП"
"712","ДЕРЖАВНЕ ПІДПРИЄМСТВО ""НАУМІВСЬКИЙ СПИРТОВИЙ ЗАВОД""","28784","ФОНД ДЕРЖАВНОГО МАЙНА УКРАЇНИ ","ДП"
"713","ДЕРЖАВНЕ ПІДПРИЄМСТВО ""НОВОСУХАНІВСЬКИЙ СПИРТОВИЙ ЗАВОД""","28784","ФОНД ДЕРЖАВНОГО МАЙНА УКРАЇНИ ","ДП"
"714","ДЕРЖАВНЕ ПІДПРИЄМСТВО ""ПОПІВСЬКИЙ ЕКСПЕРИМЕНТАЛЬНИЙ ЗАВОД""","28784","ФОНД ДЕРЖАВНОГО МАЙНА УКРАЇНИ ","ДП"
"715","ДЕРЖАВНЕ ПІДПРИЄМСТВО ""СУМИСПИРТ""","28784","ФОНД ДЕРЖАВНОГО МАЙНА УКРАЇНИ ","ДП"
"716","ДЕРЖАВНЕ ПІДПРИЄМСТВО ""ІВАШКІВСЬКИЙ СПИРТЗАВОД""","28784","ФОНД ДЕРЖАВНОГО МАЙНА УКРАЇНИ ","ДП"
"717","ДЕРЖАВНЕ ПІДПРИЄМСТВО КАРАВАНСЬКИЙ СПИРТОВИЙ ЗАВОД","28784","ФОНД ДЕРЖАВНОГО МАЙНА УКРАЇНИ ","ДП"
"718","ДЕРЖАВНЕ ПІДПРИЄМСТВО ""АРТЕМІВСЬКИЙ СПИРТОВИЙ ЗАВОД""","28784","ФОНД ДЕРЖАВНОГО МАЙНА УКРАЇНИ ","ДП"
"719","ДЕРЖАВНЕ ПІДПРИЄМСТВО ""ДУБЛЯНСЬКИЙ СПИРТОВИЙ ЗАВОД""","28784","ФОНД ДЕРЖАВНОГО МАЙНА УКРАЇНИ ","ДП"
"720","ДЕРЖАВНЕ ПІДПРИЄМСТВО ""НОВОБОРОВИЦЬКИЙ СПИРТОВИЙ ЗАВОД""","28784","ФОНД ДЕРЖАВНОГО МАЙНА УКРАЇНИ ","ДП"
"721","ДЕРЖАВНЕ ПІДПРИЄМСТВО ""ХОЛМИНСЬКИЙ СПИРТОВИЙ ЗАВОД""","28784","ФОНД ДЕРЖАВНОГО МАЙНА УКРАЇНИ ","ДП"
"722","ДЕРЖАВНЕ ПІДПРИЄМСТВО ""ШАБАЛИНІВСЬКИЙ СПИРТОВИЙ ЗАВОД""","28784","ФОНД ДЕРЖАВНОГО МАЙНА УКРАЇНИ ","ДП"
"723","ДЕРЖАВНЕ ПІДПРИЄМСТВО "" КОВАЛЬОВСЬКИЙ СПИРТОВИЙ ЗАВОД ""","28784","ФОНД ДЕРЖАВНОГО МАЙНА УКРАЇНИ ","ДП"
"724","ДЕРЖАВНЕ ПІДПРИЄМСТВО ""ЧЕМЕРСЬКИЙ СПИРТОВИЙ ЗАВОД""","28784","ФОНД ДЕРЖАВНОГО МАЙНА УКРАЇНИ ","ДП"
"725","ДЕРЖАВНЕ ПІДПРИЄМСТВО ""ІЧНЯНСЬКИЙ СПИРТОВИЙ ЗАВОД ""","28784","ФОНД ДЕРЖАВНОГО МАЙНА УКРАЇНИ ","ДП"
"726","ДЕРЖАВНЕ ПІДПРИЄМСТВО ""КРИСКІВСЬКИЙ СПИРТОВИЙ ЗАВОД""","28784","ФОНД ДЕРЖАВНОГО МАЙНА УКРАЇНИ ","ДП"
"727","ДЕРЖАВНЕ ПІДПРИЄМСТВО ЗАЛУЧАНСЬКИЙ СПИРТОВИЙ ЗАВОД","28784","ФОНД ДЕРЖАВНОГО МАЙНА УКРАЇНИ ","ДП"
"728","ДЕРЖАВНЕ ПІДПРИЄМСТВО ""КАРАПЧІВСЬКИЙ СПИРТОВИЙ ЗАВОД""","28784","ФОНД ДЕРЖАВНОГО МАЙНА УКРАЇНИ ","ДП"
"729","ДЕРЖАВНЕ ПІДПРИЄМСТВО ""БРАЇЛІВСЬКИЙ СОКОМОРСОВИЙ ЗАВОД""","28784","ФОНД ДЕРЖАВНОГО МАЙНА УКРАЇНИ ","ДП"
"730","ДЕРЖАВНЕ ПІДПРИЄМСТВО ""ЖИТОМИРСЬКИЙ ЛІКЕРО-ГОРІЛЧАНИЙ ЗАВОД""","28784","ФОНД ДЕРЖАВНОГО МАЙНА УКРАЇНИ ","ДП"
"731","ДЕРЖАВНЕ ПІДПРИЄМСТВО ""БАРСЬКИЙ СПИРТОВИЙ КОМБІНАТ""","28784","ФОНД ДЕРЖАВНОГО МАЙНА УКРАЇНИ ","ДП"
"732","ДЕРЖАВНЕ ПІДПРИЄМСТВО ""КАМ'ЯНСЬКИЙ СПИРТОГОРІЛЧАНИЙ КОМБІНАТ""","28784","ФОНД ДЕРЖАВНОГО МАЙНА УКРАЇНИ ","ДП"
"733","ДЕРЖАВНЕ ПІДПРИЄМСТВО ""ВЕЛИКОБЕРЕЗНЯНСЬКИЙ КОНСЕРВНИЙ ЗАВОД""","28784","ФОНД ДЕРЖАВНОГО МАЙНА УКРАЇНИ ","ДП"
"734","ДЕРЖАВНЕ ПІДПРИЄМСТВО ""ТЕРЕСВЯНСЬКИЙ ЗАВОД ПРОДТОВАРІВ""","28784","ФОНД ДЕРЖАВНОГО МАЙНА УКРАЇНИ ","ДП"
"735","ДЕРЖАВНИЙ КІРОВОГРАДСЬКИЙ СОКОЕКСТРАКТОВИЙ ЗАВОД","28784","ФОНД ДЕРЖАВНОГО МАЙНА УКРАЇНИ ","ДП"
"736","ДЕРЖАВНЕ ПІДПРИЄМСТВО ГАЙВОРОНСЬКИЙ ЗАВОД БЕЗАЛКОГОЛЬНИХ НАПОЇВ","28784","ФОНД ДЕРЖАВНОГО МАЙНА УКРАЇНИ ","ДП"
"737","ДЕРЖАВНЕ ПІДПРИЄМСТВО ""АРТЕМСІЛЬ""","28784","ФОНД ДЕРЖАВНОГО МАЙНА УКРАЇНИ ","ДП"
"738","ДЕРЖАВНЕ ПІДПРИЄМСТВО ЗБАРАЗЬКИЙ ЗАВОД ПРОДОВОЛЬЧИХ ТОВАРІВ","28784","ФОНД ДЕРЖАВНОГО МАЙНА УКРАЇНИ ","ДП"
"739","ДЕРЖАВНЕ ПІДПРИЄМСТВО ""СОЛОТВИНСЬКИЙ СОЛЕРУДНИК""","28784","ФОНД ДЕРЖАВНОГО МАЙНА УКРАЇНИ ","ДП"
"740","ДОЛИНСЬКИЙ СОЛЕВИВАРЮВАЛЬНИЙ КОМБІНАТ","28784","ФОНД ДЕРЖАВНОГО МАЙНА УКРАЇНИ ","ДП"
"741","ДЕРЖАВНЕ ПІДПРИЄМСТВО ГЕНІЧЕСЬКИЙ СОЛЕЗАВОД","28784","ФОНД ДЕРЖАВНОГО МАЙНА УКРАЇНИ ","ДП"
"742","ДЕРЖАВНЕ ПІДПРИЄМСТВО ""ГЕРОЙСЬКЕ ДОСЛІДНО-ПРОМИСЛОВЕ ПІДПРИЄМСТВО""","28784","ФОНД ДЕРЖАВНОГО МАЙНА УКРАЇНИ ","ДП"
"743","ДЕРЖАВНЕ ПІДПРИЄМСТВО ТЕРНОПІЛЬСЬКА СПЕЦІАЛІЗОВАНА КОНТРОЛЬНО-НАСІННЄВА ЛАБОРАТОРІЯ ПО ЦУКРОВИХ БУРЯКАХ","28784","ФОНД ДЕРЖАВНОГО МАЙНА УКРАЇНИ ","ДП"
"744","ДЕРЖАВНЕ ПІДПРИЄМСТВО ""ВІННИЦЬКА СПЕЦІАЛІЗОВАНА КОНТРОЛЬНО-НАСІННЄВА ЛАБОРАТОРІЯ ПО ЦУКРОВИХ БУРЯКАХ""","28784","ФОНД ДЕРЖАВНОГО МАЙНА УКРАЇНИ ","ДП"
"745","ДЕРЖАВНЕ ПІДПРИЄМСТВО ""КІРОВОГРАДСЬКА СПЕЦІАЛІЗОВАНА КОНТРОЛЬНО-НАСІННЄВА ЛАБОРАТОРІЯ ПО ЦУКРОВИХ БУРЯКАХ""","28784","ФОНД ДЕРЖАВНОГО МАЙНА УКРАЇНИ ","ДП"
"746","ХАРКІВСЬКА СПЕЦІАЛІЗОВАНА КОНТРОЛЬНО-НАСІННЕВА ЛАБОРАТОРІЯ ПО ЦУКРОВИХ БУРЯКАХ","28784","ФОНД ДЕРЖАВНОГО МАЙНА УКРАЇНИ ","ДП"
"747","ДЕРЖАВНЕ ПІДПРИЄМСТВО ""БОГОДУХІВСЬКИЙ СІЛЬСЬКОГОСПОДАРСЬКИЙ УЧБОВО-КУРСОВИЙ КОМБІНАТ""","28784","ФОНД ДЕРЖАВНОГО МАЙНА УКРАЇНИ ","ДП"
"748","ДЕРЖАВНЕ ПІДПРИЄМСТВО ""УКРАЇНСЬКИЙ НАУКОВО-ДОСЛІДНИЙ ІНСТИТУТ ВАГОНОБУДУВАННЯ""","28784","ФОНД ДЕРЖАВНОГО МАЙНА УКРАЇНИ ","ДП"
"749","ДЕРЖАВНИЙ КОНЦЕРН ""НАЦІОНАЛЬНЕ ВИРОБНИЧО-АГРАРНЕ ОБ'ЄДНАННЯ ""МАСАНДРА""","28784","ФОНД ДЕРЖАВНОГО МАЙНА УКРАЇНИ ","ДП"
"750","ДЕРЖАВНЕ ПІДПРИЄМСТВО "" ПИСАРІВСЬКИЙ СПИРТЗАВОД ""","28784","ФОНД ДЕРЖАВНОГО МАЙНА УКРАЇНИ ","ДП"
"751","ДЕРЖАВНЕ ПІДПРИЄМСТВО ХЕРСОНСЬКИЙ ВИНОРОБНИЙ ЗАВОД","28784","ФОНД ДЕРЖАВНОГО МАЙНА УКРАЇНИ ","ДП"
"752","ДЕРЖАВНЕ ПІДПРИЄМСТВО ""ДНІПРОПЕТРОВСЬКИЙ ЕКСПЕРИМЕНТАЛЬНИЙ ВИНОРОБНИЙ ЗАВОД""","28784","ФОНД ДЕРЖАВНОГО МАЙНА УКРАЇНИ ","ДП"
"753","РАДГОСП-ЗАВОД ""МУЖІЇВСЬКИЙ""","28784","ФОНД ДЕРЖАВНОГО МАЙНА УКРАЇНИ ","ДП"
"754","ДЕРЖАВНЕ ПІДПРИЄМСТВО ""ПОНІНКІВСЬКЕ""","28784","ФОНД ДЕРЖАВНОГО МАЙНА УКРАЇНИ ","ДП"
"755","ДЕРЖАВНЕ ПІДПРИЄМСТВО ""ЗАВОД ШАМПАНСЬКИХ ВИН "" НОВИЙ СВІТ""","28784","ФОНД ДЕРЖАВНОГО МАЙНА УКРАЇНИ ","ДП"
"756","ДЕРЖАВНЕ ПІДПРИЄМСТВО ""АЛУШТА""","28784","ФОНД ДЕРЖАВНОГО МАЙНА УКРАЇНИ ","ДП"
"757","ДЕРЖАВНЕ ПІДПРИЄМСТВО ""МАЛОРІЧЕНСЬКЕ""","28784","ФОНД ДЕРЖАВНОГО МАЙНА УКРАЇНИ ","ДП"
"758","ДЕРЖАВНЕ ПІДПРИЄМСТВО ""ПРИВІТНЕ""","28784","ФОНД ДЕРЖАВНОГО МАЙНА УКРАЇНИ ","ДП"
"759","ДЕРЖАВНЕ ПІДПРИЄМСТВО ""ТАВРИДА""","28784","ФОНД ДЕРЖАВНОГО МАЙНА УКРАЇНИ ","ДП"
"760","ДЕРЖАВНЕ ПІДПРИЄМСТВО ""ЛІВАДІЯ""","28784","ФОНД ДЕРЖАВНОГО МАЙНА УКРАЇНИ ","ДП"
"761","ДЕРЖАВНЕ ПІДПРИЄМСТВО ""СУДАК""","28784","ФОНД ДЕРЖАВНОГО МАЙНА УКРАЇНИ ","ДП"
"762","ДЕРЖАВНЕ ПІДПРИЄМСТВО ""МОРСЬКЕ""","28784","ФОНД ДЕРЖАВНОГО МАЙНА УКРАЇНИ ","ДП"
"763","ДЕРЖАВНЕ ПІДПРИЄМСТВО ""ГУРЗУФ""","28784","ФОНД ДЕРЖАВНОГО МАЙНА УКРАЇНИ ","ДП"
"764","ДЕРЖАВНЕ ПІДПРИЄМСТВО РАДГОСП-ЗАВОД ""ПЛОДОВЕ""","28784","ФОНД ДЕРЖАВНОГО МАЙНА УКРАЇНИ ","ДП"
"765","ДЕРЖАВНЕ ПІДПРИЄМСТВО ""РАДГОСП-ЗАВОД ІМЕНІ ПОЛІНИ ОСИПЕНКО""","28784","ФОНД ДЕРЖАВНОГО МАЙНА УКРАЇНИ ","ДП"
"766","ДЕРЖАВНЕ ПІДПРИЄМСТВО ""САДОВОД""","28784","ФОНД ДЕРЖАВНОГО МАЙНА УКРАЇНИ ","ДП"
"767","ДЕРЖАВНЕ ПІДПРИЄМСТВО ""КУЧУРГАНСЬКЕ""","28784","ФОНД ДЕРЖАВНОГО МАЙНА УКРАЇНИ ","ДП"
"768","ДЕРЖАВНЕ ПІДПРИЄМСТВО ""РАДГОСП-ЗАВОД ""ВИНОГРАДІВСЬКИЙ""","28784","ФОНД ДЕРЖАВНОГО МАЙНА УКРАЇНИ ","ДП"
"769","АГРОТОРГОВЕ ДЕРЖАВНЕ ПІДПРИЄМСТВО ""РАДГОСП-ЗАВОД ""МУКАЧІВСЬКИЙ""","28784","ФОНД ДЕРЖАВНОГО МАЙНА УКРАЇНИ ","ДП"
"770","ДЕРЖАВНЕ ПІДПРИЄМСТВО РАДГОСП-ЗАВОД ""УЖГОРОДСЬКИЙ""","28784","ФОНД ДЕРЖАВНОГО МАЙНА УКРАЇНИ ","ДП"
"771","ДЕРЖАВНЕ ПІДПРИЄМСТВО ""АГРОПРОМИСЛОВА ФІРМА ""ЛЕАНКА""","28784","ФОНД ДЕРЖАВНОГО МАЙНА УКРАЇНИ ","ДП"
"772","ДЕРЖАВНЕ ПІДПРИЄМСТВО ""ВЕЛИКОЛАЗІВСЬКИЙ""","28784","ФОНД ДЕРЖАВНОГО МАЙНА УКРАЇНИ ","ДП"
"773","ДЕРЖАВНЕ ПІДПРИЄМСТВО ""ЧЕРВОНА ЗІРКА""","28784","ФОНД ДЕРЖАВНОГО МАЙНА УКРАЇНИ ","ДП"
"774","ДЕРЖАВНЕ ПІДПРИЄМСТВО ""РАДГОСП "" ВИНОГРАДНА ДОЛИНА ""","28784","ФОНД ДЕРЖАВНОГО МАЙНА УКРАЇНИ ","ДП"
"775","ДЕРЖАВНЕ ПІДПРИЄМСТВО ""ПРОЕКТНО-КОНСТРУКТОРСЬКИЙ ТЕХНОЛОГІЧНИЙ ІНСТИТУТ ""ПЛОДМАШПРОЕКТ""","28784","ФОНД ДЕРЖАВНОГО МАЙНА УКРАЇНИ ","ДП"
"776","ДЕРЖАВНЕ ПІДПРИЄМСТВО ""УКРАЇНСЬКИЙ ДЕРЖАВНИЙ ІНСТИТУТ ПО ПРОЕКТУВАННЮ САДІВ ТА ВИНОГРАДНИКІВ ""УКРДІПРОСАД""","28784","ФОНД ДЕРЖАВНОГО МАЙНА УКРАЇНИ ","ДП"
"777","ДЕРЖАВНЕ ПІДПРИЄМСТВО ""ВИРОБНИЧИЙ ПІВДЕННИЙ БІОТЕХНОЛОГІЧНИЙ ЦЕНТР""","28784","ФОНД ДЕРЖАВНОГО МАЙНА УКРАЇНИ ","ДП"
"778","ДЕРЖАВНЕ ПІДПРИЄМСТВО ""ДОСЛІДНЕ ГОСПОДАРСТВО ""ЧЕРНІГІВСЬКЕ"" ІНСТИТУТУ САДІВНИЦТВА НАЦІОНАЛЬНОЇ АКАДЕМІЇ АГРАРНИХ НАУК УКРАЇНИ""","28784","ФОНД ДЕРЖАВНОГО МАЙНА УКРАЇНИ ","ДП"
"779","УКРАЇНСЬКИЙ ПРОЕКТНО-ТЕХНОЛОГІЧНИЙ ІНСТИТУТ ""УКРХАРЧОПРОМСИСТЕМА""","28784","ФОНД ДЕРЖАВНОГО МАЙНА УКРАЇНИ ","ДП"
"780","ДЕРЖАВНЕ ПІДПРИЄМСТВО ""ВОЛИНЬТОРФ""","28784","ФОНД ДЕРЖАВНОГО МАЙНА УКРАЇНИ ","ДП"
"781","ДЕРЖАВНЕ ПІДПРИЄМСТВО ""ЩЕРБАНКА""","28784","ФОНД ДЕРЖАВНОГО МАЙНА УКРАЇНИ ","ДП"
"782","ДЕРЖАВНЕ ПІДПРИЄМСТВО ЖИТОМИРСЬКА ПЕРЕСУВНА МЕХАНІЗОВАНА КОЛОНА","28784","ФОНД ДЕРЖАВНОГО МАЙНА УКРАЇНИ ","ДП"
"783","ДЕРЖАВНЕ ЛЬВІВСЬКЕ БУДІВЕЛЬНО-МОНТАЖНЕ УПРАВЛІННЯ ""ГАЗМАШБУД""","28784","ФОНД ДЕРЖАВНОГО МАЙНА УКРАЇНИ ","ДП"
"784","ДЕРЖАВНЕ ПІДПРИЄМСТВО ""КЕРЧЕНСЬКИЙ МОРСЬКИЙ РИБНИЙ ПОРТ""","28784","ФОНД ДЕРЖАВНОГО МАЙНА УКРАЇНИ ","ДП"
"785","ДЕРЖАВНЕ ПІДПРИЄМСТВО ""КИЇВСЬКА РАДІОСТАНЦІЯ ""ПІВДЕНРИБА""","28784","ФОНД ДЕРЖАВНОГО МАЙНА УКРАЇНИ ","ДП"
"786","ДЕРЖАВНЕ ПІДПРИЄМСТВО -УКРАЇНСЬКИЙ ДЕРЖАВНИЙ ІНСТИТУТ ПО ПРОЕКТУВАННЮ ПІДПРИЄМСТВ РИБНОГО ГОСПОДАРСТВА І ПРОМИСЛОВОСТІ ""УКРРИБПРОЕКТ""","28784","ФОНД ДЕРЖАВНОГО МАЙНА УКРАЇНИ ","ДП"
"787","ДЕРЖАВНЕ ПІДПРИЄМСТВО ""УКРАЇНСЬКИЙ ДЕРЖАВНИЙ ЦЕНТР ПО ВИПРОБУВАННЮ ТА ПРОГНОЗУВАННЮ ТЕХНІКИ І ТЕХНОЛОГІЙ ДЛЯ СІЛЬСЬКОГОСПОДАРСЬКОГО ВИРОБНИЦТВА""","28784","ФОНД ДЕРЖАВНОГО МАЙНА УКРАЇНИ ","ДП"
"788","ДЕРЖАВНЕ ПІДПРИЄМСТВО ""НАУКОВИЙ СЕЛЕКЦІЙНО-ГЕНЕТИЧНИЙ ЦЕНТР РИБНИЦТВА""","28784","ФОНД ДЕРЖАВНОГО МАЙНА УКРАЇНИ ","ДП"
"789","ДЕРЖАВНЕ ПІДПРИЄМСТВО "" ЕНЗИМ ""","28784","ФОНД ДЕРЖАВНОГО МАЙНА УКРАЇНИ ","ДП"
"790","ДЕРЖАВНЕ ПІДПРИЄМСТВО ""ПОБЄДА""","28784","ФОНД ДЕРЖАВНОГО МАЙНА УКРАЇНИ ","ДП"
"791","ДЕРЖАВНЕ ПІДПРИЄМСТВО ""РАДГОСП ""ЛІСОВОГРИНІВЕЦЬКИЙ""","28784","ФОНД ДЕРЖАВНОГО МАЙНА УКРАЇНИ ","ДП"
"792","ДЕРЖАВНЕ ПІДПРИЄМСТВО ""СТАРОУШИЦЬКЕ""","28784","ФОНД ДЕРЖАВНОГО МАЙНА УКРАЇНИ ","ДП"
"793","ДЕРЖАВНЕ ПІДПРИЄМСТВО ""СІЛЬСЬКОГОСПОДАРСЬКЕ ПІДПРИЄМСТВО ""БІЛЬКОВЕЦЬКЕ""","28784","ФОНД ДЕРЖАВНОГО МАЙНА УКРАЇНИ ","ДП"
"794","ДЕРЖАВНЕ ПІДПРИЄМСТВО ""ДЕРЖАВНИЙ НАУКОВИЙ ЦЕНТР ЛІКАРСЬКИХ ЗАСОБІВ І МЕДИЧНОЇ ПРОДУКЦІЇ""","28784","ФОНД ДЕРЖАВНОГО МАЙНА УКРАЇНИ ","ДП"
"795","ДЕРЖАВНЕ ПІДПРИЄМСТВО ""СКРИПАЇВСЬКЕ НАВЧАЛЬНО-ДОСЛІДНЕ ЛІСОВЕ ГОСПОДАРСТВО ХАРКІВСЬКОГО НАЦІОНАЛЬНОГО АГРАРНОГО УНІВЕРСИТЕТУ ІМ. В. В. ДОКУЧАЄВА""","28784","ФОНД ДЕРЖАВНОГО МАЙНА УКРАЇНИ ","ДП"
"796","ДЕРЖАВНЕ ПІДПРИЄМСТВО ""ГОЖУЛІВСЬКА ДОСЛІДНА БІОЛОГІЧНА ФАБРИКА""","28784","ФОНД ДЕРЖАВНОГО МАЙНА УКРАЇНИ ","ДП"
"797","ДЕРЖАВНА ГАЛЕЩИНСЬКА БІОЛОГІЧНА ФАБРИКА","28784","ФОНД ДЕРЖАВНОГО МАЙНА УКРАЇНИ ","ДП"
"798","ДЕРЖАВНЕ ПІДПРИЄМСТВО ""ХАРКІВСЬКА ДЕРЖАВНА БІОЛОГІЧНА ФАБРИКА""","28784","ФОНД ДЕРЖАВНОГО МАЙНА УКРАЇНИ ","ДП"
"799","ХЕРСОНСЬКЕ ДЕРЖАВНЕ ПІДПРИЄМСТВО-БІОЛОГІЧНА ФАБРИКА","28784","ФОНД ДЕРЖАВНОГО МАЙНА УКРАЇНИ ","ДП"
"800","ДЕРЖАВНЕ ПІДПРИЄМСТВО ""ПРИЧОРНОМОР'Я""","28784","ФОНД ДЕРЖАВНОГО МАЙНА УКРАЇНИ ","ДП"
"801","ДЕРЖАВНЕ ПІДПРИЄМСТВО ""ТЕРНОПІЛЬСЬКИЙ НАУКОВО-ДОСЛІДНИЙ ТА ПРОЕКТНИЙ ІНСТИТУТ ЗЕМЛЕУСТРОЮ""","28784","ФОНД ДЕРЖАВНОГО МАЙНА УКРАЇНИ ","ДП"
"802","ДЕРЖАВНЕ ПІДПРИЄМСТВО ""ДНІПРОПЕТРОВСЬКИЙ КІННИЙ ЗАВОД №65 ""","28784","ФОНД ДЕРЖАВНОГО МАЙНА УКРАЇНИ ","ДП"
"803","ДЕРЖАВНЕ ПІДПРИЄМСТВО ОНУФРІЇВСЬКИЙ КІННИЙ ЗАВОД №175","28784","ФОНД ДЕРЖАВНОГО МАЙНА УКРАЇНИ ","ДП"
"804","ДЕРЖАВНЕ ПІДПРИЄМСТВО ""НАВЧАЛЬНО-ДОСЛІДНЕ ГОСПОДАРСТВО ""ДОКУЧАЄВСЬКЕ"" ХАРКІВСЬКОГО НАЦІОНАЛЬНОГО АГРАРНОГО УНІВЕРСИТЕТУ ІМ.В.В.ДОКУЧАЄВА""","28784","ФОНД ДЕРЖАВНОГО МАЙНА УКРАЇНИ ","ДП"
"805","ДЕРЖАВНЕ ПІДПРИЄМСТВО ""НАВЧАЛЬНО-ДОСЛІДНЕ ГОСПОДАРСТВО ""ПРОГРЕС"" ХАРКІВСЬКОЇ ДЕРЖАВНОЇ ЗООВЕТЕРИНАРНОЇ АКАДЕМІЇ""","28784","ФОНД ДЕРЖАВНОГО МАЙНА УКРАЇНИ ","ДП"
"806","ДЕРЖАВНЕ ПІДПРИЄМСТВО ""СІЛЬСЬКОГОСПОДАРСЬКЕ ПІДПРИЄМСТВО ""ЛАЗУРНЕ""","28784","ФОНД ДЕРЖАВНОГО МАЙНА УКРАЇНИ ","ДП"
"807","ДЕРЖАВНЕ ПІДПРИЄМСТВО ""ДОСЛІДНЕ ГОСПОДАРСТВО ДОНЕЦЬКОЇ ДОСЛІДНОЇ СТАНЦІЇ ІНСТИТУТУ ОВОЧІВНИЦТВА І БАШТАННИЦТВА НАЦІОНАЛЬНОЇ АКАДЕМІЇ АГРАРНИХ НАУК УКРАЇНИ""","28784","ФОНД ДЕРЖАВНОГО МАЙНА УКРАЇНИ ","ДП"
"808","ДЕРЖАВНЕ ПІДПРИЄМСТВО ""ДОСЛІДНЕ ГОСПОДАРСТВО ""КРИМСЬКА РОЗА"" ІНСТИТУТУ СІЛЬСЬКОГО ГОСПОДАРСТВА КРИМУ НАЦІОНАЛЬНОЇ АКАДЕМІЇ АГРАРНИХ НАУК УКРАЇНИ""","28784","ФОНД ДЕРЖАВНОГО МАЙНА УКРАЇНИ ","ДП"
"809","ДЕРЖАВНЕ ПІДПРИЄМСТВО ""ДОСЛІДНЕ ГОСПОДАРСТВО ""МИРНОПІЛЬСЬКЕ"" СЕЛЕКЦІЙНО-ГЕНЕТИЧНОГО ІНСТИТУТУ-НАЦІОНАЛЬНОГО ЦЕНТРУ НАСІННЄЗНАВСТВА ТА СОРТОВИВЧЕННЯ""","28784","ФОНД ДЕРЖАВНОГО МАЙНА УКРАЇНИ ","ДП"
"810","ДЕРЖАВНЕ ПІДПРИЄМСТВО ""ДОСЛІДНЕ ГОСПОДАРСТВО ""НОВОСЕЛІВСЬКЕ"" СЕЛЕКЦІЙНО-ГЕНЕТИЧНОГО ІНСТИТУТУ-НАЦІОНАЛЬНОГО ЦЕНТРУ НАСІННЄЗНАВСТВА ТА СОРТОВИВЧЕННЯ""","28784","ФОНД ДЕРЖАВНОГО МАЙНА УКРАЇНИ ","ДП"
"811","ДЕРЖАВНЕ ПІДПРИЄМСТВО ""ДОСЛІДНЕ ГОСПОДАРСТВО ""БОХОНИЦЬКЕ"" ІНСТИТУТУ КОРМІВ ТА СІЛЬСЬКОГО ГОСПОДАРСТВА ПОДІЛЛЯ НАЦІОНАЛЬНОЇ АКАДЕМІЇ АГРАРНИХ НАУК УКРАЇНИ""","28784","ФОНД ДЕРЖАВНОГО МАЙНА УКРАЇНИ ","ДП"
"812","ДЕРЖАВНЕ ПІДПРИЄМСТВО ДОСЛІДНЕ ГОСПОДАРСТВО ""ЯКИМІВСЬКЕ"" ДОСЛІДНОЇ СТАНЦІЇ ЕФІРООЛІЙНИХ ТА МАЛОПОШИРЕНИХ СІЛЬСЬКОГОСПОДАРСЬКИХ КУЛЬТУР НАЦІОНАЛЬНОЇ АКАДЕМІЇ АГРАРНИХ НАУК УКРАЇНИ","28784","ФОНД ДЕРЖАВНОГО МАЙНА УКРАЇНИ ","ДП"
"813","ДЕРЖАВНЕ ПІДПРИЄМСТВО ""ДОСЛІДНЕ ГОСПОДАРСТВО ""КАХОВСЬКЕ"" ІНСТИТУТУ ЗРОШУВАНОГО ЗЕМЛЕРОБСТВА НАЦІОНАЛЬНОЇ АКАДЕМІЇ АГРАРНИХ НАУК УКРАЇНИ""","28784","ФОНД ДЕРЖАВНОГО МАЙНА УКРАЇНИ ","ДП"
"814","ДЕРЖАВНЕ ПІДПРИЄМСТВО ""ДОСЛІДНЕ ГОСПОДАРСТВО ""ДЕСНЯНСЬКЕ"" ПРИЛУЦЬКОЇ ДОСЛІДНОЇ СТАНЦІЇ ІНСТИТУТУ САДІВНИЦТВА НАЦІОНАЛЬНОЇ АКАДЕМІЇ АГРАРНИХ НАУК УКРАЇНИ""","28784","ФОНД ДЕРЖАВНОГО МАЙНА УКРАЇНИ ","ДП"
"815","ДЕРЖАВНЕ ПІДПРИЄМСТВО ""КОРДЕЛІВСЬКЕ""","28784","ФОНД ДЕРЖАВНОГО МАЙНА УКРАЇНИ ","ДП"
"816","ДЕРЖАВНЕ ПІДПРИЄМСТВО ""ДОСЛІДНЕ ГОСПОДАРСТВО ""ВЕЛИКІ КЛИНИ"" ІНСТИТУТУ ВОДНИХ ПРОБЛЕМ І МЕЛІОРАЦІЇ НАЦІОНАЛЬНОЇ АКАДЕМІЇ АГРАРНИХ НАУК УКРАЇНИ""","28784","ФОНД ДЕРЖАВНОГО МАЙНА УКРАЇНИ ","ДП"
"817","ДЕРЖАВНЕ ПІДПРИЄМСТВО ""СВІТАНОК""","28784","ФОНД ДЕРЖАВНОГО МАЙНА УКРАЇНИ ","ДП"
"818","ДЕРЖАВНЕ ПІДПРИЄМСТВО ""МАРІУПОЛЬСЬКИЙ ВЕТСАНЗАВОД""","28784","ФОНД ДЕРЖАВНОГО МАЙНА УКРАЇНИ ","ДП"
"819","ЛОЗІВСЬКЕ ДЕРЖАВНЕ ПІДПРИЄМСТВО КОРМОВИХ ДОМІШОК","28784","ФОНД ДЕРЖАВНОГО МАЙНА УКРАЇНИ ","ДП"
"820","КАЛИНІВСЬКИЙ ДЕРЖАВНИЙ ЗАВОД ПО ВИРОБНИЦТВУ М'ЯСО-КІСТКОВОГО БОРОШНА ""ВЕТСАНЗАВОД""","28784","ФОНД ДЕРЖАВНОГО МАЙНА УКРАЇНИ ","ДП"
"821","ДЕРЖАВНЕ ПІДПРИЄМСТВО ""ДНІПРОВСЬКИЙ НАУКОВО-ДОСЛІДНИЙ ТА ПРОЕКТНИЙ ІНСТИТУТ ЗЕМЛЕУСТРОЮ""","28784","ФОНД ДЕРЖАВНОГО МАЙНА УКРАЇНИ ","ДП"
"822","ДЕРЖАВНЕ ПІДПРИЄМСТВО ""ДОНЕЦЬКИЙ НАУКОВО-ДОСЛІДНИЙ ТА ПРОЕКТНИЙ ІНСТИТУТ ЗЕМЛЕУСТРОЮ""","28784","ФОНД ДЕРЖАВНОГО МАЙНА УКРАЇНИ ","ДП"
"823","ДЕРЖАВНЕ ПІДПРИЄМСТВО ""ІВАНО-ФРАНКІВСЬКИЙ НАУКОВО-ДОСЛІДНИЙ ТА ПРОЕКТНИЙ ІНСТИТУТ ЗЕМЛЕУСТРОЮ""","28784","ФОНД ДЕРЖАВНОГО МАЙНА УКРАЇНИ ","ДП"
"824","ДЕРЖАВНЕ ПІДПРИЄМСТВО ""КРИМСЬКИЙ НАУКОВО-ДОСЛІДНИЙ ТА ПРОЕКТНИЙ ІНСТИТУТ ЗЕМЛЕУСТРОЮ""","28784","ФОНД ДЕРЖАВНОГО МАЙНА УКРАЇНИ ","ДП"
"825","ДЕРЖАВНЕ ПІДПРИЄМСТВО ""ПОЛТАВСЬКИЙ НАУКОВО-ДОСЛІДНИЙ ТА ПРОЕКТНИЙ ІНСТИТУТ ЗЕМЛЕУСТРОЮ""","28784","ФОНД ДЕРЖАВНОГО МАЙНА УКРАЇНИ ","ДП"
"826","ДЕРЖАВНЕ ПІДПРИЄМСТВО ""ХАРКІВСЬКИЙ НАУКОВО-ДОСЛІДНИЙ ТА ПРОЕКТНИЙ ІНСТИТУТ ЗЕМЛЕУСТРОЮ""","28784","ФОНД ДЕРЖАВНОГО МАЙНА УКРАЇНИ ","ДП"
"827","ДЕРЖАВНЕ ПІДПРИЄМСТВО ""ВІННИЦЬКИЙ НАУКОВО-ДОСЛІДНИЙ ТА ПРОЕКТНИЙ ІНСТИТУТ ЗЕМЛЕУСТРОЮ""","28784","ФОНД ДЕРЖАВНОГО МАЙНА УКРАЇНИ ","ДП"
"828","ДЕРЖАВНЕ ПІДПРИЄМСТВО ""ВОЛИНСЬКЕ ОБЛАСНЕ СІЛЬСЬКОГОСПОДАРСЬКЕ ВИРОБНИЧЕ ПІДПРИЄМСТВО ПО ПЛЕМІННІЙ СПРАВІ У ТВАРИННИЦТВІ""","28784","ФОНД ДЕРЖАВНОГО МАЙНА УКРАЇНИ ","ДП"
"829","ДЕРЖАВНЕ ПІДПРИЄМСТВО ""ВОЛИНСЬКИЙ НАУКОВО-ДОСЛІДНИЙ ТА ПРОЕКТНИЙ ІНСТИТУТ ЗЕМЛЕУСТРОЮ""","28784","ФОНД ДЕРЖАВНОГО МАЙНА УКРАЇНИ ","ДП"
"830","ДЕРЖАВНЕ ПІДПРИЄМСТВО ""ЛУГАНСЬКИЙ НАУКОВО-ДОСЛІДНИЙ ТА ПРОЕКТНИЙ ІНСТИТУТ ЗЕМЛЕУСТРОЮ""","28784","ФОНД ДЕРЖАВНОГО МАЙНА УКРАЇНИ ","ДП"
"831","ДЕРЖАВНЕ ПІДПРИЄМСТВО ""ДНІПРОПЕТРОВСЬКЕ ОБЛАСНЕ ПІДПРИЄМСТВО ПО ПЛЕМІННІЙ СПРАВІ У ТВАРИННИЦТВІ ""ОБЛПЛЕМПІДПРИЄМСТВО""","28784","ФОНД ДЕРЖАВНОГО МАЙНА УКРАЇНИ ","ДП"
"832","ДЕРЖАВНЕ ПІДПРИЄМСТВО ""СОФІЇВСЬКЕ ПІДПРИЄМСТВО ПО ПЛЕМІННІЙ СПРАВІ В ТВАРИННИЦТВІ""","28784","ФОНД ДЕРЖАВНОГО МАЙНА УКРАЇНИ ","ДП"
"833","ДЕРЖАВНЕ ПІДПРИЄМСТВО ""АПОСТОЛІВСЬКЕ ПІДПРИЄМСТВО ПО ПЛЕМІННІЙ СПРАВІ В ТВАРИННИЦТВІ""","28784","ФОНД ДЕРЖАВНОГО МАЙНА УКРАЇНИ ","ДП"
"834","ДЕРЖАВНЕ ПІДПРИЄМСТВО ШОВКОРАДГОСП ""АПОСТОЛІВСЬКИЙ""","28784","ФОНД ДЕРЖАВНОГО МАЙНА УКРАЇНИ ","ДП"
"835","ДЕРЖАВНЕ ПІДПРИЄМСТВО ""ПОКРОВСЬКА МІЖРАЙОННА РАДГОСП-ФАБРИКА""","28784","ФОНД ДЕРЖАВНОГО МАЙНА УКРАЇНИ ","ДП"
"836","ДЕРЖАВНЕ ПІДПРИЄМСТВО ""ДОНЕЦЬКЕ ОБЛАСНЕ ПІДПРИЄМСТВО ПО ПЛЕМІННІЙ СПРАВІ В ТВАРИННИЦТВІ""","28784","ФОНД ДЕРЖАВНОГО МАЙНА УКРАЇНИ ","ДП"
"837","ДЕРЖАВНЕ ПІДПРИЄМСТВО ""ЖИТОМИРСЬКИЙ НАУКОВО-ДОСЛІДНИЙ ТА ПРОЕКТНИЙ ІНСТИТУТ ЗЕМЛЕУСТРОЮ""","28784","ФОНД ДЕРЖАВНОГО МАЙНА УКРАЇНИ ","ДП"
"838","ДЕРЖАВНЕ ПІДПРИЄМСТВО ""ЗАКАРПАТСЬКИЙ НАУКОВО-ДОСЛІДНИЙ ТА ПРОЕКТНИЙ ІНСТИТУТ ЗЕМЛЕУСТРОЮ""","28784","ФОНД ДЕРЖАВНОГО МАЙНА УКРАЇНИ ","ДП"
"839","ДЕРЖАВНЕ ПІДПРИЄМСТВО ""ЗАПОРІЗЬКИЙ НАУКОВО-ДОСЛІДНИЙ ТА ПРОЕКТНИЙ ІНСТИТУТ ЗЕМЛЕУСТРОЮ""","28784","ФОНД ДЕРЖАВНОГО МАЙНА УКРАЇНИ ","ДП"
"840","ДЕРЖАВНЕ ПІДПРИЄМСТВО ""ЗАПОРІЖШОВК""","28784","ФОНД ДЕРЖАВНОГО МАЙНА УКРАЇНИ ","ДП"
"841","ДЕРЖАВНЕ ПІДПРИЄМСТВО ШОВКІВНИЧИЙ РАДГОСП ""ПОЛОГІВСЬКИЙ""","28784","ФОНД ДЕРЖАВНОГО МАЙНА УКРАЇНИ ","ДП"
"842","ОРІХІВСЬКЕ ДЕРЖАВНЕ СІЛЬСЬКОГОСПОДАРСЬКЕ ПЛЕМІННЕ ПІДПРИЄМСТВО ПО ШОВКІВНИЦТВУ","28784","ФОНД ДЕРЖАВНОГО МАЙНА УКРАЇНИ ","ДП"
"843","ДЕРЖАВНЕ ПІДПРИЄМСТВО ""ГОЛОВНИЙ НАУКОВО-ДОСЛІДНИЙ ТА ПРОЕКТНИЙ ІНСТИТУТ ЗЕМЛЕУСТРОЮ ""","28784","ФОНД ДЕРЖАВНОГО МАЙНА УКРАЇНИ ","ДП"
"844","ДЕРЖАВНЕ ПІДПРИЄМСТВО "" НАУКОВО-ДОСЛІДНИЙ ТА ПРОЕКТНИЙ ІНСТИТУТ ЗЕМЛЕУСТРОЮ""","28784","ФОНД ДЕРЖАВНОГО МАЙНА УКРАЇНИ ","ДП"
"845","ДЕРЖАВНЕ ПІДПРИЄМСТВО -ШОВКОРАДГОСП ""БАРИШІВСЬКИЙ""","28784","ФОНД ДЕРЖАВНОГО МАЙНА УКРАЇНИ ","ДП"
"846","ДЕРЖАВНЕ ПІДПРИЄМСТВО ""КИЇВСЬКА ОБЛАСНА КОКОНОСУШАРКА""","28784","ФОНД ДЕРЖАВНОГО МАЙНА УКРАЇНИ ","ДП"
"847","ДЕРЖАВНЕ СІЛЬСЬКОГОСПОДАРСЬКЕ ПІДПРИЄМСТВО ""ГОЛОВНИЙ СЕЛЕКЦІЙНИЙ ЦЕНТР УКРАЇНИ""","28784","ФОНД ДЕРЖАВНОГО МАЙНА УКРАЇНИ ","ДП"
"848","ДЕРЖАВНЕ ПІДПРИЄМСТВО ""ШОВКОРАДГОСП ""ЗНАМ'ЯНСЬКИЙ""","28784","ФОНД ДЕРЖАВНОГО МАЙНА УКРАЇНИ ","ДП"
"849","ДЕРЖАВНЕ ПІДПРИЄМСТВО НАДИБСЬКА ЛЬОНОНАСІННЄВА СТАНЦІЯ","28784","ФОНД ДЕРЖАВНОГО МАЙНА УКРАЇНИ ","ДП"
"850","ДЕРЖАВНЕ ПІДПРИЄМСТВО ""ЛЬВІВСЬКИЙ НАУКОВО-ДОСЛІДНИЙ ТА ПРОЕКТНИЙ ІНСТИТУТ ЗЕМЛЕУСТРОЮ""","28784","ФОНД ДЕРЖАВНОГО МАЙНА УКРАЇНИ ","ДП"
"851","ДЕРЖАВНЕ ПІДПРИЄМСТВО ОДЕСЬКЕ ОБЛАСНЕ ОБ'ЄДНАННЯ ШОВКІВНИЦТВА ""ОБЛШОВК""","28784","ФОНД ДЕРЖАВНОГО МАЙНА УКРАЇНИ ","ДП"
"852","ДЕРЖАВНЕ ПІДПРИЄМСТВО ОДЕСЬКОГО ОБЛАСТНОГО ВИРОБНИЧОГО ОБ'ЄДНАННЯ ПО БДЖІЛЬНИЦТВУ ""ОДЕСБДЖОЛОПРОМ""","28784","ФОНД ДЕРЖАВНОГО МАЙНА УКРАЇНИ ","ДП"
"853","ДЕРЖАВНЕ ПІДПРИЄМСТВО ""ОДЕСЬКЕ ОБЛАСНЕ ПІДПРИЄМСТВО ПО ПЛЕМІННІЙ СПРАВІ В ТВАРИННИЦТВІ""","28784","ФОНД ДЕРЖАВНОГО МАЙНА УКРАЇНИ ","ДП"
"854","ДЕРЖАВНЕ ПІДПРИЄМСТВО ""ОДЕСЬКИЙ НАУКОВО-ДОСЛІДНИЙ ТА ПРОЕКТНИЙ ІНСТИТУТ ЗЕМЛЕУСТРОЮ""","28784","ФОНД ДЕРЖАВНОГО МАЙНА УКРАЇНИ ","ДП"
"855","ДЕРЖАВНЕ ПІДПРИЄМСТВО ШОВКОРАДГОСП ""ГОГОЛІВСЬКИЙ""","28784","ФОНД ДЕРЖАВНОГО МАЙНА УКРАЇНИ ","ДП"
"856","ДЕРЖАВНЕ ПІДПРИЄМСТВО - ДЕРЖАВНИЙ ШОВКОРАДГОСП ""ХОРОЛЬСЬКИЙ""","28784","ФОНД ДЕРЖАВНОГО МАЙНА УКРАЇНИ ","ДП"
"857","ДЕРЖАВНЕ ПІДПРИЄМСТВО ДЕРЖАВНИЙ ШОВКОРАДГОСП ""ЧУТІВСЬКИЙ""","28784","ФОНД ДЕРЖАВНОГО МАЙНА УКРАЇНИ ","ДП"
"858","ДЕРЖАВНЕ ПІДПРИЄМСТВО ""МИРГОРОДСЬКИЙ ГРЕНАЖНИЙ ЗАВОД""","28784","ФОНД ДЕРЖАВНОГО МАЙНА УКРАЇНИ ","ДП"
"859","СТАРОБІЛЬСЬКЕ ДЕРЖАВНЕ ПІДПРИЄМСТВО ""ОБЛЗООВЕТПРОМ""","28784","ФОНД ДЕРЖАВНОГО МАЙНА УКРАЇНИ ","ДП"
"860","ДЕРЖАВНЕ ПІДПРИЄМСТВО ШОВКОРАДГОСП ""ШОТІВСЬКИЙ""","28784","ФОНД ДЕРЖАВНОГО МАЙНА УКРАЇНИ ","ДП"
"861","ДЕРЖАВНЕ ПІДПРИЄМСТВО ВЕЛИКОЛЕПЕТИСЬКИЙ РАДГОСП","28784","ФОНД ДЕРЖАВНОГО МАЙНА УКРАЇНИ ","ДП"
"862","ДЕРЖАВНЕ ПІДПРИЄМСТВО ""ЧЕРКАСЬКИЙ НАУКОВО-ДОСЛІДНИЙ ТА ПРОЕКТНИЙ ІНСТИТУТ ЗЕМЛЕУСТРОЮ""","28784","ФОНД ДЕРЖАВНОГО МАЙНА УКРАЇНИ ","ДП"
"863","ДЕРЖАВНЕ ПІДПРИЄМСТВО ""ЧЕРНІГІВСЬКИЙ НАУКОВО-ДОСЛІДНИЙ ТА ПРОЕКТНИЙ ІНСТИТУТ ЗЕМЛЕУСТРОЮ""","28784","ФОНД ДЕРЖАВНОГО МАЙНА УКРАЇНИ ","ДП"
"864","ДЕРЖАВНЕ ПІДПРИЄМСТВО ""ГРОЗИНСЬКЕ""","28784","ФОНД ДЕРЖАВНОГО МАЙНА УКРАЇНИ ","ДП"
"865","ДЕРЖАВНЕ ПІДПРИЄМСТВО ""ДОСЛІДНЕ ГОСПОДАРСТВО ЗАКАРПАТСЬКОЇ ДЕРЖАВНОЇ СІЛЬСЬКОГОСПОДАРСЬКОЇ ДОСЛІДНОЇ СТАНЦІЇ НАЦІОНАЛЬНОЇ АКАДЕМІЇ АГРАРНИХ НАУК УКРАЇНИ""","28784","ФОНД ДЕРЖАВНОГО МАЙНА УКРАЇНИ ","ДП"
"866","ДЕРЖАВНЕ ПІДПРИЄМСТВО ""ДОСЛІДНЕ ГОСПОДАРСТВО ""ВІДРОДЖЕННЯ"" ДОНЕЦЬКОЇ ДЕРЖАВНОЇ СІЛЬСЬКОГОСПОДАРСЬКОЇ ДОСЛІДНОЇ СТАНЦІЇ НАЦІОНАЛЬНОЇ АКАДЕМІЇ АГРАРНИХ НАУК УКРАЇНИ""","28784","ФОНД ДЕРЖАВНОГО МАЙНА УКРАЇНИ ","ДП"
"867","НАУКОВИЙ ІНФОРМАЦІЙНО-АНАЛІТИЧНИЙ ЦЕНТР ""ТОРГОВИЙ ДІМ НАЦІОНАЛЬНОЇ АКАДЕМІЇ АГРАРНИХ НАУК УКРАЇНИ""","28784","ФОНД ДЕРЖАВНОГО МАЙНА УКРАЇНИ ","ДП"
"868","ДЕРЖАВНЕ ПІДПРИЄМСТВО ""КИЇВСЬКЕ ОБЛАСНЕ ПІДПРИЄМСТВО ПО ПЛЕМІННІЙ СПРАВІ У ТВАРИННИЦТВІ""","28784","ФОНД ДЕРЖАВНОГО МАЙНА УКРАЇНИ ","ДП"
"869","ДЕРЖАВНЕ ПІДПРИЄМСТВО ""ХАРКІВСЬКЕ ОБЛАСНЕ СІЛЬСЬКОГОСПОДАРСЬКЕ ПІДПРИЄМСТВО ПО ПЛЕМІННІЙ СПРАВІ У ТВАРИННИЦТВІ""","28784","ФОНД ДЕРЖАВНОГО МАЙНА УКРАЇНИ ","ДП"
"870","БОЛГРАДСЬКА МІЖРАЙОННА КОКОНОСУШАРКА","28784","ФОНД ДЕРЖАВНОГО МАЙНА УКРАЇНИ ","ДП"
"871","ДЕРЖАВНЕ ПІДПРИЄМСТВО ""РІВНЕНСЬКИЙ НАУКОВО-ДОСЛІДНИЙ ТА ПРОЕКТНИЙ ІНСТИТУТ ЗЕМЛЕУСТРОЮ""","28784","ФОНД ДЕРЖАВНОГО МАЙНА УКРАЇНИ ","ДП"
"872","ДЕРЖАВНЕ ПІДПРИЄМСТВО ""РИХАЛЬСЬКЕ""","28784","ФОНД ДЕРЖАВНОГО МАЙНА УКРАЇНИ ","ДП"
"873","ДЕРЖАВНЕ ПІДПРИЄМСТВО ""ДОСЛІДНЕ ГОСПОДАРСТВО ""НЕКТАР"" НАЦІОНАЛЬНОГО НАУКОВОГО ЦЕНТРУ ""ІНСТИТУТ БДЖІЛЬНИЦТВА ІМЕНІ П.І. ПРОКОПОВИЧА ""","28784","ФОНД ДЕРЖАВНОГО МАЙНА УКРАЇНИ ","ДП"
"874","ДЕРЖАВНЕ ПІДПРИЄМСТВО ""ЯЛОСОВЕЦЬКЕ""","28784","ФОНД ДЕРЖАВНОГО МАЙНА УКРАЇНИ ","ДП"
"875","ДЕРЖАВНЕ ПІДПРИЄМСТВО ""ДОСЛІДНЕ ГОСПОДАРСТВО ""ГОРОДЕЦЬКЕ"" ІНСТИТУТУ СІЛЬСЬКОГО ГОСПОДАРСТВА ПОЛІССЯ НАЦІОНАЛЬНОЇ АКАДЕМІЇ АГРАРНИХ НАУК УКРАЇНИ""","28784","ФОНД ДЕРЖАВНОГО МАЙНА УКРАЇНИ ","ДП"
"876","ДЕРЖАВНЕ ПІДПРИЄМСТВО ""НАДІЯ""","28784","ФОНД ДЕРЖАВНОГО МАЙНА УКРАЇНИ ","ДП"
"877","ДЕРЖАВНЕ ПІДПРИЄМСТВО ""ВИРІВСЬКЕ""","28784","ФОНД ДЕРЖАВНОГО МАЙНА УКРАЇНИ ","ДП"
"878","ДЕРЖАВНЕ ПІДПРИЄМСТВО ""ШАРІВКА""","28784","ФОНД ДЕРЖАВНОГО МАЙНА УКРАЇНИ ","ДП"
"879","ДЕРЖАВНЕ ПІДПРИЄМСТВО ""ДОСЛІДНЕ ГОСПОДАРСТВО ""ЦЕНТРАЛЬНЕ"" БУКОВИНСЬКОЇ ДЕРЖАВНОЇ СІЛЬСЬКОГОСПОДАРСЬКОЇ ДОСЛІДНОЇ СТАНЦІЇ ІНСТИТУТУ СІЛЬСЬКОГО ГОСПОДАРСТВА КАРПАТСЬКОГО РЕГІОНУ НАЦІОНАЛЬНОЇ АКАДЕМ","28784","ФОНД ДЕРЖАВНОГО МАЙНА УКРАЇНИ ","ДП"
"880","ДЕРЖАВНЕ ПІДПРИЄМСТВО ""ДОСЛІДНЕ ГОСПОДАРСТВО ""ЧЕРВОНИЙ ЗЕМЛЕРОБ"" КІРОВОГРАДСЬКОЇ ДЕРЖАВНОЇ СІЛЬСЬКОГОСПОДАРСЬКОЇ ДОСЛІДНОЇ СТАНЦІЇ НАЦІОНАЛЬНОЇ АКАДЕМІЇ АГРАРНИХ НАУК УКРАЇНИ""","28784","ФОНД ДЕРЖАВНОГО МАЙНА УКРАЇНИ ","ДП"
"881","ОДЕСЬКИЙ ДЕРЖАВНИЙ СІЛЬСЬКОГОСПОДАРСЬКИЙ ІПОДРОМ","28784","ФОНД ДЕРЖАВНОГО МАЙНА УКРАЇНИ ","ДП"
"882","ДЕРЖАВНЕ ПІДПРИЄМСТВО ""ЧУТОВЕ""","28784","ФОНД ДЕРЖАВНОГО МАЙНА УКРАЇНИ ","ДП"
"883","""НОВООЛЕКСАНДРІВСЬКИЙ КІННИЙ ЗАВОД №64""","28784","ФОНД ДЕРЖАВНОГО МАЙНА УКРАЇНИ ","ДП"
"884","ДЕРЖАВНЕ ПІДПРИЄМСТВО ""ДЕРКУЛЬСЬКИЙ КІННИЙ ЗАВОД №63""","28784","ФОНД ДЕРЖАВНОГО МАЙНА УКРАЇНИ ","ДП"
"885","ДЕРЖАВНЕ ПІДПРИЄМСТВО СТРІЛЕЦЬКИЙ КІННИЙ ЗАВОД №60","28784","ФОНД ДЕРЖАВНОГО МАЙНА УКРАЇНИ ","ДП"
"886","""ЛИМАРІВСЬКИЙ КІННИЙ ЗАВОД №61""","28784","ФОНД ДЕРЖАВНОГО МАЙНА УКРАЇНИ ","ДП"
"887","ДЕРЖАВНЕ ПІДПРИЄМСТВО - ЗАПОРІЗЬКИЙ КІННИЙ ЗАВОД №86","28784","ФОНД ДЕРЖАВНОГО МАЙНА УКРАЇНИ ","ДП"
"888","ДЕРЖАВНЕ ПІДПРИЄМСТВО ЛОЗІВСЬКИЙ КІННИЙ ЗАВОД № 124","28784","ФОНД ДЕРЖАВНОГО МАЙНА УКРАЇНИ ","ДП"
"889","ДЕРЖАВНЕ ПІДПРИЄМСТВО ""ДОСЛІДНЕ ГОСПОДАРСТВО ""ЗАБОЙЩИК"" ДОНЕЦЬКОЇ ДЕРЖАВНОЇ СІЛЬСЬКОГОСПОДАРСЬКОЇ ДОСЛІДНОЇ СТАНЦІЇ НАЦІОНАЛЬНОЇ АКАДЕМІЇ АГРАРНИХ НАУК УКРАЇНИ""","28784","ФОНД ДЕРЖАВНОГО МАЙНА УКРАЇНИ ","ДП"
"890","ДЕРЖАВНЕ ПІДПРИЄМСТВО ""НАУКОВО-ДОСЛІДНИЙ, ВИРОБНИЧИЙ АГРОКОМБІНАТ ""ПУЩА-ВОДИЦЯ""","28784","ФОНД ДЕРЖАВНОГО МАЙНА УКРАЇНИ ","ДП"
"891","ДЕРЖАВНЕ ПІДПРИЄМСТВО ""ПЛЕМІННИЙ ЗАВОД ""ПЛОСКІВСЬКИЙ""","28784","ФОНД ДЕРЖАВНОГО МАЙНА УКРАЇНИ ","ДП"
"892","ДЕРЖАВНЕ ПІДПРИЄМСТВО ""БОГУНІВСЬКА ЕЛІТА""","28784","ФОНД ДЕРЖАВНОГО МАЙНА УКРАЇНИ ","ДП"
"893","ДЕРЖАВНЕ ПІДПРИЄМСТВО ""ІСКРА""","28784","ФОНД ДЕРЖАВНОГО МАЙНА УКРАЇНИ ","ДП"
"894","ДЕРЖАВНЕ ПІДПРИЄМСТВО ""ДОСЛІДНЕ ГОСПОДАРСТВО ""ШИРОКЕ"" ДОНЕЦЬКОЇ ДЕРЖАВНОЇ СІЛЬСЬКОГОСПОДАРСЬКОЇ ДОСЛІДНОЇ СТАНЦІЇ НАЦІОНАЛЬНОЇ АКАДЕМІЇ АГРАРНИХ НАУК УКРАЇНИ""","28784","ФОНД ДЕРЖАВНОГО МАЙНА УКРАЇНИ ","ДП"
"895","ДЕРЖАВНЕ ПІДПРИЄМСТВО ""ДОСЛІДНЕ ГОСПОДАРСТВО ""ТАВРІЯ"" ДОНЕЦЬКОЇ ДЕРЖАВНОЇ СІЛЬСЬКОГОСПОДАРСЬКОЇ ДОСЛІДНОЇ СТАНЦІЇ НАЦІОНАЛЬНОЇ АКАДЕМІЇ АГРАРНИХ НАУК УКРАЇНИ""","28784","ФОНД ДЕРЖАВНОГО МАЙНА УКРАЇНИ ","ДП"
"896","ДЕРЖАВНЕ ПІДПРИЄМСТВО ОЛЕКСАНДРІЙСЬКИЙ КІННИЙ ЗАВОД №174","28784","ФОНД ДЕРЖАВНОГО МАЙНА УКРАЇНИ ","ДП"
"897","ДЕРЖАВНЕ ПІДПРИЄМСТВО ""ДОСЛІДНЕ ГОСПОДАРСТВО ""ЧОРНОМОРСЬКЕ"" ІНСТИТУТУ СІЛЬСЬКОГО ГОСПОДАРСТВА КРИМУ НАЦІОНАЛЬНОЇ АКАДЕМІЇ АГРАРНИХ НАУК УКРАЇНИ ""","28784","ФОНД ДЕРЖАВНОГО МАЙНА УКРАЇНИ ","ДП"
"898","ДЕРЖАВНЕ ПІДПРИЄМСТВО ""ПЛЕМРЕПРОДУКТОР ""СТЕПОВЕ""","28784","ФОНД ДЕРЖАВНОГО МАЙНА УКРАЇНИ ","ДП"
"899","ДЕРЖАВНЕ ПІДПРИЄМСТВО ""ДОСЛІДНЕ ГОСПОДАРСТВО ""РЕКОНСТРУКЦІЯ"" СЕЛЕКЦІЙНО-ГЕНЕТИЧНОГО ІНСТИТУТУ-НАЦІОНАЛЬНОГО ЦЕНТРУ НАСІННЄЗНАВСТВА ТА СОРТОВИВЧЕННЯ""","28784","ФОНД ДЕРЖАВНОГО МАЙНА УКРАЇНИ ","ДП"
"900","ДЕРЖАВНЕ ПІДПРИЄМСТВО ЯГІЛЬНИЦЬКИЙ КІННИЙ ЗАВОД","28784","ФОНД ДЕРЖАВНОГО МАЙНА УКРАЇНИ ","ДП"
"901","ДЕРЖАВНЕ ПІДПРИЄМСТВО ""СЕМЕНІВСЬКЕ""","28784","ФОНД ДЕРЖАВНОГО МАЙНА УКРАЇНИ ","ДП"
"902","ДЕРЖАВНЕ ПІДПРИЄМСТВО ""УКРАЇНСЬКИЙ ДЕРЖАВНИЙ ПРОЕКТНИЙ ІНСТИТУТ СПОРУД ЗАХИЩЕНОГО ГРУНТУ ""ДІПРОПРОМТЕПЛИЦЯ""","28784","ФОНД ДЕРЖАВНОГО МАЙНА УКРАЇНИ ","ДП"
"903","УКРАЇНСЬКИЙ ДЕРЖАВНИЙ КОНСТРУКТОРСЬКО-ТЕХНОЛОГІЧНИЙ ІНСТИТУТ ТРАНСПОРТУ АПК (УДКТІАГРОТРАНС)","28784","ФОНД ДЕРЖАВНОГО МАЙНА УКРАЇНИ ","ДП"
"904","ТЕРНОПІЛЬСЬКЕ ДЕРЖАВНЕ ОБЛАСНЕ ПІДПРИЄМСТВО ""АГРОПРОМТЕХНІКА""","28784","ФОНД ДЕРЖАВНОГО МАЙНА УКРАЇНИ ","ДП"
"905","КІРОВОГРАДСЬКЕ ДЕРЖАВНЕ ОБЛАСНЕ ПІДПРИЄМСТВО ПО ВИРОБНИЧОМУ, МАТЕРІАЛЬНО-ТЕХНІЧНОМУ І СЕРВІСНОМУ ЗАБЕЗПЕЧЕННЮ АГРОПРОМИСЛОВОГО КОМПЛЕКСУ ОБЛАСТІ ""ОБЛАГРОТЕХСЕРВІС""","28784","ФОНД ДЕРЖАВНОГО МАЙНА УКРАЇНИ ","ДП"
"906","ДЕРЖАВНЕ ПІДПРИЄМСТВО ""МОНАСТИРИСЬКЕ""","28784","ФОНД ДЕРЖАВНОГО МАЙНА УКРАЇНИ ","ДП"
"907","ДЕРЖАВНЕ ПІДПРИЄМСТВО ""ХАРКІВСЬКИЙ ПРОЕКТНИЙ ІНСТИТУТ ""ПРОМЗЕРНОПРОЕКТ""","28784","ФОНД ДЕРЖАВНОГО МАЙНА УКРАЇНИ ","ДП"
"908","ДЕРЖАВНЕ ПІДПРИЄМСТВО ""КІРОВОГРАДСЬКИЙ КОМБІНАТ ХЛІБОПРОДУКТІВ №2""","28784","ФОНД ДЕРЖАВНОГО МАЙНА УКРАЇНИ ","ДП"
"909","ДЕРЖАВНЕ ПІДПРИЄМСТВО ""КЕРЧЕНСЬКИЙ КОМБІНАТ ХЛІБОПРОДУКТІВ"" ДЕРЖАВНОГО АГЕНТСТВА РЕЗЕРВУ УКРАЇНИ","28784","ФОНД ДЕРЖАВНОГО МАЙНА УКРАЇНИ ","ДП"
"910","ДЕРЖАВНЕ ПІДПРИЄМСТВО ""ПОЛТАВСЬКИЙ КОМБІНАТ ХЛІБОПРОДУКТІВ""","28784","ФОНД ДЕРЖАВНОГО МАЙНА УКРАЇНИ ","ДП"
"911","ДЕРЖАВНЕ ПІДПРИЄМСТВО ""ДУНАЄВЕЦЬКИЙ КОМБІНАТ ХЛІБОПРОДУКТІВ""","28784","ФОНД ДЕРЖАВНОГО МАЙНА УКРАЇНИ ","ДП"
"912","ДЕРЖАВНЕ ПІДПРИЄМСТВО ""ЗЛАТОДАР""","28784","ФОНД ДЕРЖАВНОГО МАЙНА УКРАЇНИ ","ДП"
"913","ДЕРЖАВНЕ ПІДПРИЄМСТВО ""НІЖИНСЬКИЙ КОМБІНАТ ХЛІБОПРОДУКТІВ""","28784","ФОНД ДЕРЖАВНОГО МАЙНА УКРАЇНИ ","ДП"
"914","ДЕРЖАВНЕ ПІДПРИЄМСТВО ""РОВЕНЬКІВСЬКИЙ КОМБІНАТ ХЛІБОПРОДУКТІВ"" ДЕРЖАВНОГО АГЕНТСТВА РЕЗЕРВУ УКРАЇНИ","28784","ФОНД ДЕРЖАВНОГО МАЙНА УКРАЇНИ ","ДП"
"915","ДЕРЖАВНЕ ПІДПРИЄМСТВО ""НОВОПОКРОВСЬКИЙ КОМБІНАТ ХЛІБОПРОДУКТІВ""","28784","ФОНД ДЕРЖАВНОГО МАЙНА УКРАЇНИ ","ДП"
"916","ДЕРЖАВНЕ ПІДПРИЄМСТВО ""ЛУЦЬКИЙ КОМБІНАТ ХЛІБОПРОДУКТІВ №2""","28784","ФОНД ДЕРЖАВНОГО МАЙНА УКРАЇНИ ","ДП"
"917","ДЕРЖАВНЕ ПІДПРИЄМСТВО ""БАТЬОВСЬКИЙ КОМБІНАТ ХЛІБОПРОДУКТІВ""","28784","ФОНД ДЕРЖАВНОГО МАЙНА УКРАЇНИ ","ДП"
"918","ДЕРЖАВНЕ ПІДПРИЄМСТВО ""ВОЗНЕСЕНСЬКИЙ КОМБІНАТ ХЛІБОПРОДУКТІВ""","28784","ФОНД ДЕРЖАВНОГО МАЙНА УКРАЇНИ ","ДП"
"919","ДЕРЖАВНЕ ПІДПРИЄМСТВО ""ОХТИРСЬКИЙ КОМБІНАТ ХЛІБОПРОДУКТІВ""","28784","ФОНД ДЕРЖАВНОГО МАЙНА УКРАЇНИ ","ДП"
"920","ДЕРЖАВНЕ ПІДПРИЄМСТВО ""ЧОРТКІВСЬКИЙ КОМБІНАТ ХЛІБОПРОДУКТІВ ""","28784","ФОНД ДЕРЖАВНОГО МАЙНА УКРАЇНИ ","ДП"
"921","ДЕРЖАВНЕ ПІДПРИЄМСТВО ""НОВОТРОЇЦЬКИЙ ЕЛЕВАТОР""","28784","ФОНД ДЕРЖАВНОГО МАЙНА УКРАЇНИ ","ДП"
"922","ДЕРЖАВНЕ ПІДПРИЄМСТВО ""НЕПОЛОКОВЕЦЬКИЙ КОМБІНАТ ХЛІБОПРОДУКТІВ""","28784","ФОНД ДЕРЖАВНОГО МАЙНА УКРАЇНИ ","ДП"
"923","ДЕРЖАВНИЙ РЕГІОНАЛЬНИЙ ПРОЕКТНО-ВИШУКУВАЛЬНИЙ ІНСТИТУТ ""ДНІПРОДІПРОВОДГОСП""","28784","ФОНД ДЕРЖАВНОГО МАЙНА УКРАЇНИ ","ДП"
"924","ДЕРЖАВНИЙ РЕГІОНАЛЬНИЙ ПРОЕКТНО-ВИШУКУВАЛЬНИЙ ІНСТИТУТ ""ЛЬВІВДІПРОВОДГОСП""","28784","ФОНД ДЕРЖАВНОГО МАЙНА УКРАЇНИ ","ДП"
"925","ДЕРЖАВНЕ ПІДПРИЄМСТВО ""ЕКСПЛУАТАЦІЙНО-ТЕХНІЧНЕ УПРАВЛІННЯ ""ВОДЕНЕРГОРЕМНАЛАДКА""","28784","ФОНД ДЕРЖАВНОГО МАЙНА УКРАЇНИ ","ДП"
"926","ДЕРЖАВНИЙ РЕГІОНАЛЬНИЙ ПРОЕКТНО-ВИШУКУВАЛЬНИЙ ІНСТИТУТ ""ЗАПОРІЖДІПРОВОДГОСП""","28784","ФОНД ДЕРЖАВНОГО МАЙНА УКРАЇНИ ","ДП"
"927","ДЕРЖАВНЕ ПІДПРИЄМСТВО ""ОДЕСЬКИЙ МЕХАНІЧНИЙ ЗАВОД""","28784","ФОНД ДЕРЖАВНОГО МАЙНА УКРАЇНИ ","ДП"
"928","ГАЙВОРОНСЬКЕ ДЕРЖАВНЕ ТОРГІВЕЛЬНО-ВИРОБНИЧЕ ПІДПРИЄМСТВО РОБІТНИЧОГО ПОСТАЧАННЯ","28784","ФОНД ДЕРЖАВНОГО МАЙНА УКРАЇНИ ","ДП"
"929","ДЕРЖАВНЕ ВИРОБНИЧЕ ОБ'ЄДНАННЯ ""ІЛЛІЧІВСЬКИЙ СУДНОРЕМОНТНИЙ ЗАВОД""","28784","ФОНД ДЕРЖАВНОГО МАЙНА УКРАЇНИ ","ДП"
"930","ДЕРЖАВНЕ ПІДПРИЄМСТВО ""КЕРЧЕНСЬКИЙ СУДНОРЕМОНТНИЙ ЗАВОД""","28784","ФОНД ДЕРЖАВНОГО МАЙНА УКРАЇНИ ","ДП"
"931","ДЕРЖАВНЕ ПІДПРИЄМСТВО ""МОРСЬКИЙ ТОРГОВЕЛЬНИЙ ПОРТ УСТЬ-ДУНАЙСЬК""","28784","ФОНД ДЕРЖАВНОГО МАЙНА УКРАЇНИ ","ДП"
"932","ДЕРЖАВНЕ ПІДПРИЄМСТВО ""СЕВАСТОПОЛЬСЬКИЙ МОРСЬКИЙ ТОРГОВЕЛЬНИЙ ПОРТ""","28784","ФОНД ДЕРЖАВНОГО МАЙНА УКРАЇНИ ","ДП"
"933","ДЕРЖАВНЕ ПІДПРИЄМСТВО ""КЕРЧЕНСЬКИЙ МОРСЬКИЙ ТОРГОВЕЛЬНИЙ ПОРТ""","28784","ФОНД ДЕРЖАВНОГО МАЙНА УКРАЇНИ ","ДП"
"934","ДЕРЖАВНЕ ПІДПРИЄМСТВО ""ФЕОДОСІЙСЬКИЙ МОРСЬКИЙ ТОРГОВЕЛЬНИЙ ПОРТ""","28784","ФОНД ДЕРЖАВНОГО МАЙНА УКРАЇНИ ","ДП"
"935","ДЕРЖАВНЕ ПІДПРИЄМСТВО ""ЄВПАТОРІЙСЬКИЙ МОРСЬКИЙ ТОРГОВЕЛЬНИЙ ПОРТ""","28784","ФОНД ДЕРЖАВНОГО МАЙНА УКРАЇНИ ","ДП"
"936","ДЕРЖАВНЕ ПІДПРИЄМСТВО ""ЯЛТИНСЬКИЙ МОРСЬКИЙ ТОРГОВЕЛЬНИЙ ПОРТ""","28784","ФОНД ДЕРЖАВНОГО МАЙНА УКРАЇНИ ","ДП"
"937","ДЕРЖАВНА СУДНОПЛАВНА КОМПАНІЯ ""ЧОРНОМОРСЬКЕ МОРСЬКЕ ПАРОПЛАВСТВО""","28784","ФОНД ДЕРЖАВНОГО МАЙНА УКРАЇНИ ","ДП"
"938","ДЕРЖАВНЕ ПІДПРИЄМСТВО ""ЧОРНОМОРСЬКО-АЗОВСЬКЕ ВИРОБНИЧО-ЕКСПЛУАТАЦІЙНЕ УПРАВЛІННЯ МОРСЬКИХ ШЛЯХІВ""","28784","ФОНД ДЕРЖАВНОГО МАЙНА УКРАЇНИ ","ДП"
"939","ДЕРЖАВНЕ ПІДПРИЄМСТВО ""БІЛГОРОД-ДНІСТРОВСЬКИЙ МОРСЬКИЙ ТОРГОВЕЛЬНИЙ ПОРТ""","28784","ФОНД ДЕРЖАВНОГО МАЙНА УКРАЇНИ ","ДП"
"940","ДЕРЖАВНЕ ПІДПРИЄМСТВО ""СКАДОВСЬКИЙ МОРСЬКИЙ ТОРГОВЕЛЬНИЙ ПОРТ""","28784","ФОНД ДЕРЖАВНОГО МАЙНА УКРАЇНИ ","ДП"
"941","ДЕРЖАВНЕ ПІДПРИЄМСТВО ""БЕРДЯНСЬКИЙ МОРСЬКИЙ ТОРГОВЕЛЬНИЙ ПОРТ""","28784","ФОНД ДЕРЖАВНОГО МАЙНА УКРАЇНИ ","ДП"
"942","ДЕРЖАВНЕ ПІДПРИЄМСТВО ""ВІННИЦЬКИЙ АВІАЦІЙНИЙ ЗАВОД-""ВІАЗ""","28784","ФОНД ДЕРЖАВНОГО МАЙНА УКРАЇНИ ","ДП"
"943","КРИМСЬКЕ ДЕРЖАВНЕ АВІАЦІЙНЕ ПІДПРИЄМСТВО ""УНІВЕРСАЛ-АВІА""","28784","ФОНД ДЕРЖАВНОГО МАЙНА УКРАЇНИ ","ДП"
"944","ДЕРЖАВНА АВІАЦІЙНА КОМПАНІЯ ""ХЕРСОН-АВІА""","28784","ФОНД ДЕРЖАВНОГО МАЙНА УКРАЇНИ ","ДП"
"945","ДЕРЖАВНЕ ПІДПРИЄМСТВО ""УКРАЇНСЬКИЙ ДЕРЖАВНИЙ ПРОЕКТНО-ТЕХНОЛОГІЧНИЙ НАУКОВО-ДОСЛІДНИЙ ІНСТИТУТ ЦИВІЛЬНОЇ АВІАЦІЇ ""УКРАЕРОПРОЕКТ""","28784","ФОНД ДЕРЖАВНОГО МАЙНА УКРАЇНИ ","ДП"
"946","ДЕРЖАВНЕ ПІДПРИЄМСТВО ЧОРНОМОРСЬКЕ ГОЛОВНЕ МОРСЬКЕ АГЕНТСТВО ""ІНФЛОТ""","28784","ФОНД ДЕРЖАВНОГО МАЙНА УКРАЇНИ ","ДП"
"947","ДЕРЖАВНЕ ПІДПРИЄМСТВО ""УКРАЇНСЬКИЙ НАУКОВО-ДОСЛІДНИЙ ІНСТИТУТ ЗВ'ЯЗКУ""","28784","ФОНД ДЕРЖАВНОГО МАЙНА УКРАЇНИ ","ДП"
"948","ДЕРЖАВНЕ ПІДПРИЄМСТВО КИЇВСЬКЕ ЕКСПЛУАТАЦІЙНО-НАЛАГОДЖУВАЛЬНЕ УПРАВЛІННЯ ""МЕДИК""","28784","ФОНД ДЕРЖАВНОГО МАЙНА УКРАЇНИ ","ДП"
"949","ДЕРЖАВНЕ ПІДПРИЄМСТВО ""ДОСЛІДНЕ ГОСПОДАРСТВО ""ЧУВИРІНО"" ІНСТИТУТУ ТВАРИННИЦТВА НАЦІОНАЛЬНОЇ АКАДЕМІЇ АГРАРНИХ НАУК УКРАЇНИ""","28784","ФОНД ДЕРЖАВНОГО МАЙНА УКРАЇНИ ","ДП"
"950","ДЕРЖАВНЕ ТОРГІВЕЛЬНО-ВИРОБНИЧЕ ПІДПРИЄМСТВО ""БУДІВЕЛЬНИК""","28784","ФОНД ДЕРЖАВНОГО МАЙНА УКРАЇНИ ","ДП"
"951","ДЕРЖАВНЕ ПІДПРИЄМСТВО ""ЕНЕРГОМОНТАЖНИЙ ПОЇЗД №754""","28784","ФОНД ДЕРЖАВНОГО МАЙНА УКРАЇНИ ","ДП"
"952","ДЕРЖАВНЕ ПІДПРИЄМСТВО ""СПЕЦІАЛІЗОВАНИЙ БУДІВЕЛЬНО-МОНТАЖНИЙ ПОЇЗД ПО ЗВ'ЯЗКУ № 853""","28784","ФОНД ДЕРЖАВНОГО МАЙНА УКРАЇНИ ","ДП"
"953","ДЕРЖАВНЕ ПІДПРИЄМСТВО ""ПРОЕКТНИЙ ІНСТИТУТ УКРМЕТРОТУНЕЛЬПРОЕКТ""","28784","ФОНД ДЕРЖАВНОГО МАЙНА УКРАЇНИ ","ДП"
"954","БІЛОЦЕРКІВСЬКЕ ДЕРЖАВНЕ ПІДПРИЄМСТВО ""ТРАНСМЕТПРОМ""","28784","ФОНД ДЕРЖАВНОГО МАЙНА УКРАЇНИ ","ДП"
"955","ДЕРЖАВНЕ ПІДПРИЄМСТВО - УКРАЇНСЬКИЙ ДЕРЖАВНИЙ ПРОЕКТНО-ТЕХНОЛОГІЧНИЙ ІНСТИТУТ ТРАНСПОРТНОГО БУДІВНИЦТВА","28784","ФОНД ДЕРЖАВНОГО МАЙНА УКРАЇНИ ","ДП"
"956","ДЕРЖАВНЕ ПІДПРИЄМСТВО ""УКРСПЕЦПРОЕКТ""","28784","ФОНД ДЕРЖАВНОГО МАЙНА УКРАЇНИ ","ДП"
"957","АСОЦІАЦІЯ ""ПОДІЛЬСЬКПРОММОНТАЖ""","28784","ФОНД ДЕРЖАВНОГО МАЙНА УКРАЇНИ ","ДП"
"958","ДЕРЖАВНЕ ПІДПРИЄМСТВО ""НАУКОВО-ДОСЛІДНИЙ І ПРОЕКТНИЙ ІНСТИТУТ МІСТОБУДУВАННЯ""","28784","ФОНД ДЕРЖАВНОГО МАЙНА УКРАЇНИ ","ДП"
"959","ДЕРЖАВНИЙ НАУКОВО-ДОСЛІДНИЙ ІНСТИТУТ ТЕОРІЇ ТА ІСТОРІЇ АРХІТЕКТУРИ І МІСТОБУДУВАННЯ (НДІТІАМ)","28784","ФОНД ДЕРЖАВНОГО МАЙНА УКРАЇНИ ","ДП"
"960","УКРАЇНСЬКИЙ ДЕРЖАВНИЙ ГЕОЛОГОРОЗВІДУВАЛЬНИЙ ІНСТИТУТ (УКРДГРІ) (ДЕРЖАВНЕ ПІДПРИЄМСТВО)","28784","ФОНД ДЕРЖАВНОГО МАЙНА УКРАЇНИ ","ДП"
"961","ПРИЧОРНОМОРСЬКЕ ДЕРЖАВНЕ РЕГІОНАЛЬНЕ ГЕОЛОГІЧНЕ ПІДПРИЄМСТВО","28784","ФОНД ДЕРЖАВНОГО МАЙНА УКРАЇНИ ","ДП"
"962","ДЕРЖАВНЕ КОМЕРЦІЙНЕ ПІДПРИЄМСТВО ""ПІВДЕНУКРГЕОЛОГІЯ""","28784","ФОНД ДЕРЖАВНОГО МАЙНА УКРАЇНИ ","ДП"
"963","КОМПЛЕКСНЕ БУДІВЕЛЬНО-МОНТАЖНЕ ДОСЛІДНЕ УПРАВЛІННЯ МНТК ""ІЕЗ ІМ Є.О.ПАТОНА"" АН УКРАЇНИ","28784","ФОНД ДЕРЖАВНОГО МАЙНА УКРАЇНИ ","ДП"
"964","ДЕРЖАВНЕ ПІДПРИЄМСТВО ""ОДЕСАЗОВНІШТРАНС""","28784","ФОНД ДЕРЖАВНОГО МАЙНА УКРАЇНИ ","ДП"
"965","УКРАЇНСЬКЕ ДЕРЖАВНЕ ПІДПРИЄМСТВО ""УКРМЕТАЛ""","28784","ФОНД ДЕРЖАВНОГО МАЙНА УКРАЇНИ ","ДП"
"966","УКРАЇНСЬКЕ ДЕРЖАВНЕ ПІДПРИЄМСТВО ""УКРХІМ""","28784","ФОНД ДЕРЖАВНОГО МАЙНА УКРАЇНИ ","ДП"
"967","ДЕРЖАВНЕ ПІДПРИЄМСТВО ""УКРАЇНСЬКИЙ ДЕРЖАВНИЙ НАУКОВО-ТЕХНІЧНИЙ ЦЕНТР АНТИКРИЗОВИХ ТЕХНОЛОГІЙ В ПРОМИСЛОВОСТІ""","28784","ФОНД ДЕРЖАВНОГО МАЙНА УКРАЇНИ ","ДП"
"968","УКРАЇНСЬКА ІНСПЕКЦІЯ ПО КОНТРОЛЮ ЯКОСТІ ТОРФЯНОЇ ПРОДУКЦІЇ І ПАЛИВНИХ БРИКЕТІВ ""УКРІНСПАЛИВО""","28784","ФОНД ДЕРЖАВНОГО МАЙНА УКРАЇНИ ","ДП"
"969","ДЕРЖАВНЕ ПІДПРИЄМСТВО УКРАЇНСЬКИЙ НАУКОВО-ДОСЛІДНИЙ ІНСТИТУТ МЕДИЦИНИ ТРАНСПОРТУ МІНІСТЕРСТВА ОХОРОНИ ЗДОРОВ'Я УКРАЇНИ","28784","ФОНД ДЕРЖАВНОГО МАЙНА УКРАЇНИ ","ДП"
"970","ДЕРЖАВНЕ ПІДПРИЄМСТВО ""САНАТОРІЙ ""ДНІПРО"" МІНІСТЕРСТВА ДОХОДІВ І ЗБОРІВ УКРАЇНИ","28784","ФОНД ДЕРЖАВНОГО МАЙНА УКРАЇНИ ","ДП"
"971","ДЕРЖАВНЕ ПІДПРИЄМСТВО ""ІНЖЕНЕРНИЙ ЦЕНТР ""СУШКА"" ІНСТИТУТУ ТЕХНІЧНОЇ ТЕПЛОФІЗИКИ НАН УКРАЇНИ","28784","ФОНД ДЕРЖАВНОГО МАЙНА УКРАЇНИ ","ДП"
"972","ЕКСПЕРИМЕНТАЛЬНИЙ ДОСЛІДНИЙ ЗАВОД ХАІ","28784","ФОНД ДЕРЖАВНОГО МАЙНА УКРАЇНИ ","ДП"
"973","ДЕРЖАВНЕ ПІДПРИЄМСТВО УЧБОВО-ЕКСПЕРИМЕНТАЛЬНІ МАЙСТЕРНІ ДЕРЖАВНОЇ АКАДЕМІЇ ЛЕГКОЇ ПРОМИСЛОВОСТІ МІНІСТ","28784","ФОНД ДЕРЖАВНОГО МАЙНА УКРАЇНИ ","ДП"
"974","ДЕРЖАВНЕ ПІДПРИЄМСТВО ""УКРЕКСПРОЦЕНТР ""ОДЗ""","28784","ФОНД ДЕРЖАВНОГО МАЙНА УКРАЇНИ ","ДП"
"975","ДЕРЖАВНЕ ПІДПРИЄМСТВО ""НАВЧАЛЬНО-ЕКСПЕРИМЕНТАЛЬНА МАЙСТЕРНЯ""","28784","ФОНД ДЕРЖАВНОГО МАЙНА УКРАЇНИ ","ДП"
"976","ДЕРЖАВНЕ ПІДПРИЄМСТВО ""УПРАВЛІННЯ ВІДОМЧОЇ ВОЄНІЗОВАНОЇ ОХОРОНИ""","28784","ФОНД ДЕРЖАВНОГО МАЙНА УКРАЇНИ ","ДП"
"977","ІВАНО-ФРАНКІВСЬКЕ ДЕРЖАВНЕ ПІДПРИЄМСТВО ПО ТОРГІВЛІ","28784","ФОНД ДЕРЖАВНОГО МАЙНА УКРАЇНИ ","ДП"
"978","ДЕРЖАВНЕ ПІДПРИЄМСТВО ""ГЕНІЧЕСЬКИЙ ВИНОРОБНИЙ ЗАВОД""","28784","ФОНД ДЕРЖАВНОГО МАЙНА УКРАЇНИ ","ДП"
"979","ДЕРЖАВНЕ ПІДПРИЄМСТВО ""ЦЕНТР ІНФОРМАТИКИ""","28784","ФОНД ДЕРЖАВНОГО МАЙНА УКРАЇНИ ","ДП"
"980","ДЕРЖАВНЕ ПІДПРИЄМСТВО СПЕЦІАЛІЗОВАНЕ МОНТАЖНЕ УПРАВЛІННЯ ""УКРКУЛЬТМОНТАЖ""","28784","ФОНД ДЕРЖАВНОГО МАЙНА УКРАЇНИ ","ДП"
"981","ДЕРЖАВНЕ ПІДПРИЄМСТВО ""ЛУГАНСЬКИЙ ДЕРЖАВНИЙ ЦИРК""","28784","ФОНД ДЕРЖАВНОГО МАЙНА УКРАЇНИ ","ДП"
"982","ДЕРЖАВНЕ ПІДПРИЄМСТВО ""ДОНЕЦЬКИЙ ДЕРЖАВНИЙ ЦИРК""","28784","ФОНД ДЕРЖАВНОГО МАЙНА УКРАЇНИ ","ДП"
"983","ДЕРЖАВНЕ ПІДПРИЄМСТВО ""СІМФЕРОПОЛЬСЬКИЙ ДЕРЖАВНИЙ ЦИРК ІМ. Б.ТЕЗІКОВА""","28784","ФОНД ДЕРЖАВНОГО МАЙНА УКРАЇНИ ","ДП"
"984","ДЕРЖАВНЕ ПІДПРИЄМСТВО ""ЯЛТИНСЬКИЙ ДЕРЖАВНИЙ ЦИРК""","28784","ФОНД ДЕРЖАВНОГО МАЙНА УКРАЇНИ ","ДП"
"985","ДЕРЖАВНЕ ПІДПРИЄМСТВО ""КИЇВСЬКА ДЕРЖАВНА ФАБРИКА ТЕАТРАЛЬНОГО РЕКВІЗИТУ""","28784","ФОНД ДЕРЖАВНОГО МАЙНА УКРАЇНИ ","ДП"
"986","ДЕРЖАВНЕ ПІДПРИЄМСТВО ""НАУКОВО-ДОСЛІДНИЙ ІНСТИТУТ СТАТИСТИЧНИХ ДОСЛІДЖЕНЬ""","28784","ФОНД ДЕРЖАВНОГО МАЙНА УКРАЇНИ ","ДП"
"987","ДЕРЖАВНЕ ПІДПРИЄМСТВО ""ПРОЕКТНО-КОНСТРУКТОРСЬКЕ ТЕХНОЛОГІЧНЕ БЮРО""","28784","ФОНД ДЕРЖАВНОГО МАЙНА УКРАЇНИ ","ДП"
"988","ДЕРЖАВНЕ ПІДПРИЄМСТВО ""УКРАЇНСЬКА СТУДІЯ ХРОНІКАЛЬНО- ДОКУМЕНТАЛЬНИХ ФІЛЬМІВ""","28784","ФОНД ДЕРЖАВНОГО МАЙНА УКРАЇНИ ","ДП"
"989","ДЕРЖАВНЕ ПІДПРИЄМСТВО ""УКРПОСТАЧПРЕСА""","28784","ФОНД ДЕРЖАВНОГО МАЙНА УКРАЇНИ ","ДП"
"990","ДЕРЖАВНЕ ПІДПРИЄМСТВО ""ОРДЕНА ""ЗНАК ПОШАНИ"" ВСЕУКРАЇНСЬКЕ ДЕРЖАВНЕ БАГАТОПРОФІЛЬНЕ ВИДАВНИЦТВО ""ДОНБАС""","28784","ФОНД ДЕРЖАВНОГО МАЙНА УКРАЇНИ ","ДП"
"991","ДЕРЖАВНЕ ПІДПРИЄМСТВО ВСЕУКРАЇНСЬКЕ ДЕРЖАВНЕ БАГАТОПРОФІЛЬНЕ ВИДАВНИЦТВО ""КАРПАТИ""","28784","ФОНД ДЕРЖАВНОГО МАЙНА УКРАЇНИ ","ДП"
"992","ДЕРЖАВНЕ ПІДПРИЄМСТВО ""ДЕРЖАВНЕ СПЕЦІАЛІЗОВАНЕ ВИДАВНИЦТВО ""МУЗИЧНА УКРАЇНА""","28784","ФОНД ДЕРЖАВНОГО МАЙНА УКРАЇНИ ","ДП"
"993","ДЕРЖАВНЕ ПІДПРИЄМСТВО ""ОРДЕНА ""ЗНАК ПОШАНИ"" КНИЖКОВО-ЖУРНАЛЬНЕ ВИДАВНИЦТВО ""УРОЖАЙ""","28784","ФОНД ДЕРЖАВНОГО МАЙНА УКРАЇНИ ","ДП"
"994","ДЕРЖАВНЕ ПІДПРИЄМСТВО ""ДНІПРО""","28784","ФОНД ДЕРЖАВНОГО МАЙНА УКРАЇНИ ","ДП"
"995","ДЕРЖАВНЕ ПІДПРИЄМСТВО ""ДЕРЖАВНЕ СПЕЦІАЛІЗОВАНЕ ВИДАВНИЦТВО ""МИСТЕЦТВО""","28784","ФОНД ДЕРЖАВНОГО МАЙНА УКРАЇНИ ","ДП"
"996","ДЕРЖАВНЕ ПІДПРИЄМСТВО ""ДЕРЖАВНЕ СПЕЦІАЛІЗОВАНЕ ВИДАВНИЦТВО ""ЗДОРОВ'Я""","28784","ФОНД ДЕРЖАВНОГО МАЙНА УКРАЇНИ ","ДП"
"997","ДЕРЖАВНЕ ПІДПРИЄМСТВО ""ДЕРЖАВНЕ СПЕЦІАЛІЗОВАНЕ ВИДАВНИЦТВО ""УКРАЇНА""","28784","ФОНД ДЕРЖАВНОГО МАЙНА УКРАЇНИ ","ДП"
"998","ДЕРЖАВНЕ ПІДПРИЄМСТВО ""ВСЕУКРАЇНСЬКЕ ДЕРЖАВНЕ БАГАТОПРОФІЛЬНЕ ВИДАВНИЦТВО ""КАМЕНЯР""","28784","ФОНД ДЕРЖАВНОГО МАЙНА УКРАЇНИ ","ДП"
"999","ДЕРЖАВНЕ ПІДПРИЄМСТВО ВСЕУКРАЇНСЬКЕ ДЕРЖАВНЕ БАГАТОПРОФІЛЬНЕ ВИДАВНИЦТВО ""МАЯК""","28784","ФОНД ДЕРЖАВНОГО МАЙНА УКРАЇНИ ","ДП"
"1000","ДЕРЖАВНЕ ПІДПРИЄМСТВО ""НОВОГОГОЛІВСЬКЕ""","28784","ФОНД ДЕРЖАВНОГО МАЙНА УКРАЇНИ ","ДП"
"1001","ДЕРЖАВНЕ ПІДПРИЄМСТВО ""ЛУГАНСЬКИЙ ДЕРЖАВНИЙ ПРОЕКТНИЙ ІНСТИТУТ ЖИТЛОВОГО І ЦИВІЛЬНОГО БУДІВНИЦТВА ""ЛУГАНСЬКЦИВІЛЬПРОЕКТ""","28784","ФОНД ДЕРЖАВНОГО МАЙНА УКРАЇНИ ","ДП"
"1002","ДЕРЖАВНЕ ПІДПРИЄМСТВО ""ДНІПРОПЕТРОВСЬКИЙ ДЕРЖАВНИЙ ПРОЕКТНИЙ ІНСТИТУТ ЖИТЛОВОГО І ЦИВІЛЬНОГО БУДІВНИЦТВА ""ДНІПРОЦИВІЛЬПРОЕКТ""","28784","ФОНД ДЕРЖАВНОГО МАЙНА УКРАЇНИ ","ДП"
"1003","ДЕРЖАВНЕ ПІДПРИЄМСТВО ""ДОНЕЦЬКИЙ ДЕРЖАВНИЙ ПРОЕКТНИЙ ІНСТИТУТ ""ДОНЕЦЬКПРОЕКТ""","28784","ФОНД ДЕРЖАВНОГО МАЙНА УКРАЇНИ ","ДП"
"1004","ДЕРЖАВНЕ ПІДПРИЄМСТВО ""ГОЛОВНИЙ ТЕРИТОРІАЛЬНИЙ НАУКОВО-ДОСЛІДНИЙ І ПРОЕКТНИЙ ІНСТИТУТ ""КРИМНДІПРОЕКТ""","28784","ФОНД ДЕРЖАВНОГО МАЙНА УКРАЇНИ ","ДП"
"1005","ДЕРЖАВНЕ ПІДПРИЄМСТВО ""ПІВДЕННО-УКРАЇНСЬКЕ ДЕРЖАВНЕ ВИРОБНИЧЕ ПІДПРИЄМСТВО ПО ІНЖЕНЕРНИМ РОЗВІДУВАННЯМ ДЛЯ БУДІВНИЦТВА""","28784","ФОНД ДЕРЖАВНОГО МАЙНА УКРАЇНИ ","ДП"
"1006","ДЕРЖАВНЕ ПІДПРИЄМСТВО ""ДЕРЖАВНИЙ ПРОЕКТНИЙ ІНСТИТУТ МІСТОБУДУВАННЯ ""МІСЬКБУДПРОЕКТ"" (М.ПОЛТАВА)""","28784","ФОНД ДЕРЖАВНОГО МАЙНА УКРАЇНИ ","ДП"
"1007","ДЕРЖАВНЕ ПІДПРИЄМСТВО УКРАЇНСЬКИЙ ДЕРЖАВНИЙ ПРОЕКТНИЙ ІНСТИТУТ ""УКРМІСЬКБУДПРОЕКТ""","28784","ФОНД ДЕРЖАВНОГО МАЙНА УКРАЇНИ ","ДП"
"1008","ДЕРЖАВНЕ ПІДПРИЄМСТВО ""УКРАЇНСЬКИЙ ДЕРЖАВНИЙ ГОЛОВНИЙ НАУКОВО-ДОСЛІДНИЙ І ВИРОБНИЧИЙ ІНСТИТУТ ІНЖЕНЕРНО-ТЕХНІЧНИХ І ЕКОЛОГІЧНИХ ВИШУКУВАНЬ УКРНДІІНТВ""","28784","ФОНД ДЕРЖАВНОГО МАЙНА УКРАЇНИ ","ДП"
"1009","ДЕРЖАВНЕ ПІДПРИЄМСТВО ""ДЕРЖАВНИЙ НАУКОВО-ДОСЛІДНИЙ ІНСТИТУТ АВТОМАТИЗОВАНИХ СИСТЕМ В БУДІВНИЦТВІ""","28784","ФОНД ДЕРЖАВНОГО МАЙНА УКРАЇНИ ","ДП"
"1010","ДЕРЖАВНИЙ ДНІПРОПЕТРОВСЬКИЙ ЛИВАРНО-МЕХАНІЧНИЙ ЗАВОД","28784","ФОНД ДЕРЖАВНОГО МАЙНА УКРАЇНИ ","ДП"
"1011","ДЕРЖАВНЕ ПІДПРИЄМСТВО ""ЛУГАНСЬКУЧТОРГПОСТАЧ""","28784","ФОНД ДЕРЖАВНОГО МАЙНА УКРАЇНИ ","ДП"
"1012","ДЕРЖАВНЕ ПІДПРИЄМСТВО ""ДОНБАСЬКЕ ДЕРЖАВНЕ ПІДПРИЄМСТВО ГЕОІНФОРМАТИКИ ТА МАРКШЕЙДЕРІЇ""","28784","ФОНД ДЕРЖАВНОГО МАЙНА УКРАЇНИ ","ДП"
"1013","ПОЛІСЬКЕ ДЕРЖАВНЕ ПІДПРИЄМСТВО ГЕОДЕЗІЇ, КАРТОГРАФІЇ ТА КАДАСТРУ (ДП ""ПОЛІСЬКГЕОДЕЗКАРТОГРАФІЯ"")","28784","ФОНД ДЕРЖАВНОГО МАЙНА УКРАЇНИ ","ДП"
"1014","ДЕРЖАВНЕ ВИРОБНИЧО-ПОЛІГРАФІЧНЕ ПІДПРИЄМСТВО","28784","ФОНД ДЕРЖАВНОГО МАЙНА УКРАЇНИ ","ДП"
"1015","ДЕРЖАВНЕ ПІДПРИЄМСТВО ""УКРАЇНСЬКИЙ ХУДОЖНЬО-СПОРТИВНИЙ АНСАМБЛЬ ""БАЛЕТ НА ЛЬОДУ""","28784","ФОНД ДЕРЖАВНОГО МАЙНА УКРАЇНИ ","ДП"
"1016","ДЕРЖАВНЕ ПІДПРИЄМСТВО ""ЖИТОМИРТОРФ ""","28784","ФОНД ДЕРЖАВНОГО МАЙНА УКРАЇНИ ","ДП"
"1017","ДЕРЖАВНЕ ПІДПРИЄМСТВО КОРОСТИШІВСЬКИЙ ЗАВОД ""РЕММАШТОРФ""","28784","ФОНД ДЕРЖАВНОГО МАЙНА УКРАЇНИ ","ДП"
"1018","ДЕРЖАВНЕ ПІДПРИЄМСТВО ""КИЇВТОРФ""","28784","ФОНД ДЕРЖАВНОГО МАЙНА УКРАЇНИ ","ДП"
"1019","ДЕРЖАВНЕ ПІДПРИЄМСТВО ""РІВНЕТОРФ""","28784","ФОНД ДЕРЖАВНОГО МАЙНА УКРАЇНИ ","ДП"
"1020","ДЕРЖАВНЕ ПІДПРИЄМСТВО ""СУМИТОРФ""","28784","ФОНД ДЕРЖАВНОГО МАЙНА УКРАЇНИ ","ДП"
"1021","ДЕРЖАВНЕ ПІДПРИЄМСТВО ""ЧЕРНІГІВТОРФ""","28784","ФОНД ДЕРЖАВНОГО МАЙНА УКРАЇНИ ","ДП"
"1022","ДЕРЖАВНЕ ПІДПРИЄМСТВО ""ПОДІЛЛЯТОРФ""","28784","ФОНД ДЕРЖАВНОГО МАЙНА УКРАЇНИ ","ДП"
"1023","ДЕРЖАВНЕ ПІДПРИЄМСТВО ЛУБЕНСЬКЕ ""РАЙОННЕ УПРАВЛІННЯ МАГІСТРАЛЬНИХ НАФТОПРОДУКТОПРОВОДІВ""","28784","ФОНД ДЕРЖАВНОГО МАЙНА УКРАЇНИ ","ДП"
"1024","ДЕРЖАВНЕ ПІДПРИЄМСТВО ""ЦЕНТР НАУКОВО-ТЕХНІЧНОЇ ІНФОРМАЦІЇ ТА СПРИЯННЯ ІННОВАЦІЙНОМУ РОЗВИТКУ УКРАЇНИ""","28784","ФОНД ДЕРЖАВНОГО МАЙНА УКРАЇНИ ","ДП"
"1025","ДЕРЖАВНИЙ КОНЦЕРН СПИРТОВОЇ ТА ЛІКЕРО-ГОРІЛЧАНОЇ ПРОМИСЛОВОСТІ (КОНЦЕРН ""УКРСПИРТ"")","28784","ФОНД ДЕРЖАВНОГО МАЙНА УКРАЇНИ ","ДП"
"1026","ДЕРЖАВНЕ ПІДПРИЄМСТВО ""ОДЕСЬКЕ ОБЛАСНЕ АВТОТРАНСПОРТНЕ УПРАВЛІННЯ""","28784","ФОНД ДЕРЖАВНОГО МАЙНА УКРАЇНИ ","ДП"
"1027","ДОНЕЦЬКИЙ ОБЛАСНИЙ ДЕРЖАВНИЙ АВТОМОБІЛЬНИЙ НАВЧАЛЬНИЙ КОМБІНАТ","28784","ФОНД ДЕРЖАВНОГО МАЙНА УКРАЇНИ ","ДП"
"1028","ІВАНО-ФРАНКІВСЬКИЙ ДЕРЖАВНИЙ ОБЛАСНИЙ НАВЧАЛЬНО-КУРСОВИЙ КОМБІНАТ","28784","ФОНД ДЕРЖАВНОГО МАЙНА УКРАЇНИ ","ДП"
"1029","ДНІПРОПЕТРОВСЬКЕ ДЕРЖАВНЕ КОНСТРУКТОРСЬКО-ТЕХНОЛОГІЧНЕ БЮРО НАУКОВО-ВИРОБНИЧА ОРГАНІЗАЦІЯ ""АВТОТРАНСПОРТ""","28784","ФОНД ДЕРЖАВНОГО МАЙНА УКРАЇНИ ","ДП"
"1030","ДЕРЖАВНЕ КОМЕРЦІЙНЕ ПІДПРИЄМСТВО ""ВІННИЦЬКЕ ЕКСПЕРИМЕНТАЛЬНЕ ПРОТЕЗНО-ОРТОПЕДИЧНЕ ПІДПРИЄМСТВО""","28784","ФОНД ДЕРЖАВНОГО МАЙНА УКРАЇНИ ","ДП"
"1031","ЛУГАНСЬКЕ КАЗЕННЕ ЕКСПЕРИМЕНТАЛЬНЕ ПРОТЕЗНО-ОРТОПЕДИЧНЕ ПІДПРИЄМСТВО","28784","ФОНД ДЕРЖАВНОГО МАЙНА УКРАЇНИ ","ДП"
"1032","ДЕРЖАВНЕ КОМЕРЦІЙНЕ ПІДПРИЄМСТВО ""ДНІПРОПЕТРОВСЬКЕ ЕКСПЕРИМЕНТАЛЬНЕ ПРОТЕЗНО-ОРТОПЕДИЧНЕ ПІДПРИЄМСТВО""","28784","ФОНД ДЕРЖАВНОГО МАЙНА УКРАЇНИ ","ДП"
"1033","ДОНЕЦЬКЕ КАЗЕННЕ ЕКСПЕРИМЕНТАЛЬНЕ ПРОТЕЗНО-ОРТОПЕДИЧНЕ ПІДПРИЄМСТВО","28784","ФОНД ДЕРЖАВНОГО МАЙНА УКРАЇНИ ","ДП"
"1034","ДЕРЖАВНЕ КОМЕРЦІЙНЕ ПІДПРИЄМСТВО ""КИЇВСЬКЕ ЕКСПЕРИМЕНТАЛЬНЕ ПРОТЕЗНО-ОРТОПЕДИЧНЕ ПІДПРИЄМСТВО""","28784","ФОНД ДЕРЖАВНОГО МАЙНА УКРАЇНИ ","ДП"
"1035","СІМФЕРОПОЛЬСЬКЕ КАЗЕННЕ ЕКСПЕРИМЕНТАЛЬНЕ ПРОТЕЗНО-ОРТОПЕДИЧНЕ ПІДПРИЄМСТВО","28784","ФОНД ДЕРЖАВНОГО МАЙНА УКРАЇНИ ","ДП"
"1036","ДЕРЖАВНЕ КОМЕРЦІЙНЕ ПІДПРИЄМСТВО ""ОДЕСЬКЕ ЕКСПЕРИМЕНТАЛЬНЕ ПРОТЕЗНО-ОРТОПЕДИЧНЕ ПІДПРИЄМСТВО""","28784","ФОНД ДЕРЖАВНОГО МАЙНА УКРАЇНИ ","ДП"
"1037","ДЕРЖАВНЕ КОМЕРЦІЙНЕ ПІДПРИЄМСТВО ""ПОЛТАВСЬКЕ ЕКСПЕРИМЕНТАЛЬНЕ ПРОТЕЗНО-ОРТОПЕДИЧНЕ ПІДПРИЄМСТВО""","28784","ФОНД ДЕРЖАВНОГО МАЙНА УКРАЇНИ ","ДП"
"1038","ХАРКІВСЬКЕ КАЗЕННЕ ЕКСПЕРИМЕНТАЛЬНЕ ПРОТЕЗНО-ОРТОПЕДИЧНЕ ПІДПРИЄМСТВО","28784","ФОНД ДЕРЖАВНОГО МАЙНА УКРАЇНИ ","ДП"
"1039","ДЕРЖАВНЕ ПІДПРИЄМСТВО ""ЛЬВІВСЬКИЙ ДЕРЖАВНИЙ ІНСТИТУТ ПРОЕКТУВАННЯ КОМУНАЛЬНОГО БУДІВНИЦТВА""ЛЬВІВДІПРОКОМУНБУД""","28784","ФОНД ДЕРЖАВНОГО МАЙНА УКРАЇНИ ","ДП"
"1040","НАУКОВО-ВИРОБНИЧИЙ ЦЕНТР ПРИ ДОНЕЦЬКОМУ ДЕРЖАВНОМУ ТЕХНІЧНОМУ УНІВЕРСІТЕТІ","28784","ФОНД ДЕРЖАВНОГО МАЙНА УКРАЇНИ ","ДП"
"1041","ДЕРЖАВНЕ ПІДПРИЄМСТВО ""ХАРКІВСЬКЕ БАГАТОПРОФІЛЬНЕ ВИДАВНИЦТВО ""ОСНОВА""","28784","ФОНД ДЕРЖАВНОГО МАЙНА УКРАЇНИ ","ДП"
"1042","ДЕРЖАВНЕ ПІДПРИЄМСТВО ""ВСЕУКРАЇНСЬКЕ СПЕЦІАЛІЗОВАНЕ ВИДАВНИЦТВО ""СВІТ""","28784","ФОНД ДЕРЖАВНОГО МАЙНА УКРАЇНИ ","ДП"
"1043","ДЕРЖАВНЕ ПІДПРИЄМСТВО ""НАУКОВО-ДОСЛІДНИЙ ТА КОНСТРУКТОРСЬКО-ТЕХНОЛОГІЧНИЙ ІНСТИТУТ МІСЬКОГО ГОСПОДАРСТВА""","28784","ФОНД ДЕРЖАВНОГО МАЙНА УКРАЇНИ ","ДП"
"1044","ДЕРЖАВНЕ ПІДПРИЄМСТВО ""РЕСПУБЛІКАНСЬКИЙ ІНФОРМАЦІЙНО-ОБЧИСЛЮВАЛЬНИЙ ЦЕНТР""","28784","ФОНД ДЕРЖАВНОГО МАЙНА УКРАЇНИ ","ДП"
"1045","ДЕРЖАВНЕ ПІДПРИЄМСТВО ""ПІДПРИЄМСТВО КОМУНАЛЬНИХ КОТЕЛЕНЬ ТА ТЕПЛОВИХ МЕРЕЖ""","28784","ФОНД ДЕРЖАВНОГО МАЙНА УКРАЇНИ ","ДП"
"1046","ДЕРЖАВНЕ ПІДПРИЄМСТВО ""НАУКОВО-ВИРОБНИЧА ДОСЛІДНА АГРОФІРМА ""НАУКОВА"" НАЦІОНАЛЬНОЇ АКАДЕМІЇ АГРАРНИХ НАУК УКРАЇНИ""","28784","ФОНД ДЕРЖАВНОГО МАЙНА УКРАЇНИ ","ДП"
"1047","ДЕРЖАВНЕ ПІДПРИЄМСТВО - СПЕЦІАЛІЗОВАНЕ ВИРОБНИЧЕ УПРАВЛІННЯ ПІДРИВНИХ РОБІТ ""КРИВОРІЖШЛЯХВИБУХПРОМ""","28784","ФОНД ДЕРЖАВНОГО МАЙНА УКРАЇНИ ","ДП"
"1048","ПУСТОМИТІВСЬКЕ ДОРОЖНЕ РЕМОНТНО-БУДІВЕЛЬНЕ ДЕРЖАВНЕ ПІДПРИЄМСТВО N 62","28784","ФОНД ДЕРЖАВНОГО МАЙНА УКРАЇНИ ","ДП"
"1049","ДЕРЖАВНЕ ПІДПРИЄМСТВО ""КРЕМЕНЧУЦЬКЕ УПРАВЛІННЯ МАГІСТРАЛЬНИХ НАФТОПРОДУКТОПРОВОДІВ""","28784","ФОНД ДЕРЖАВНОГО МАЙНА УКРАЇНИ ","ДП"
"1050","ДЕРЖАВНЕ ПІДПРИЄМСТВО ""СИСТЕМНІ АГРАРНІ ТЕХНОЛОГІЇ""","28784","ФОНД ДЕРЖАВНОГО МАЙНА УКРАЇНИ ","ДП"
"1051","ДЕРЖАВНЕ ПІДПРИЄМСТВО ДЕРЖАВНИЙ ПРОЕКТНИЙ ІНСТИТУТ ""УКРДІПРОНАФТОТРАНС""","28784","ФОНД ДЕРЖАВНОГО МАЙНА УКРАЇНИ ","ДП"
"1052","ДОСЛІДНЕ ВИРОБНИЦТВО ІНСТИТУТУ ФІЗИКО-ОРГАНІЧНОЇ ХІМІЇ ТА ВУГЛЕХІМІЇ ІМ Л.М. ЛИТВИНЕНКА НАЦІОНАЛЬНОЇ АКАДЕМІЇ НАУК УКРАЇНИ","28784","ФОНД ДЕРЖАВНОГО МАЙНА УКРАЇНИ ","ДП"
"1053","ДЕРЖАВНЕ ПІДПРИЄМСТВО ""ДОСЛІДНЕ ВИРОБНИЦТВО ІНСТИТУТУ ПРОБЛЕМ МАШИНОБУДУВАННЯ ІМ. А. М. ПІДГОРНОГО НАЦІОНАЛЬНОЇ АКАДЕМІЇ НАУК УКРАЇНИ""","28784","ФОНД ДЕРЖАВНОГО МАЙНА УКРАЇНИ ","ДП"
"1054","ДЕРЖАВНЕ ПІДПРИЄМСТВО ""СПЕЦІАЛЬНЕ КОНСТРУКТОРСЬКО-ТЕХНОЛОГІЧНЕ БЮРО ІНСТИТУТУ ТЕХНІЧНОЇ МЕХАНІКИ НАЦІОНАЛЬНОЇ АКАДЕМІЇ НАУК УКРАЇНИ""","28784","ФОНД ДЕРЖАВНОГО МАЙНА УКРАЇНИ ","ДП"
"1055","ДЕРЖАВНЕ ПІДПРИЄМСТВО ""БУДИНОК ТВОРЧОСТІ ВЧЕНИХ ""КАЦІВЕЛІ"" НАЦІОНАЛЬНОЇ АКАДЕМІЇ НАУК УКРАЇНИ""","28784","ФОНД ДЕРЖАВНОГО МАЙНА УКРАЇНИ ","ДП"
"1056","ДЕРЖАВНЕ ПІДПРИЄМСТВО ""СПЕЦІАЛЬНЕ КОНСТРУКТОРСЬКО -ТЕХНОЛОГІЧНЕ БЮРО МОРСЬКОГО ГІДРОФІЗИЧНОГО ІНСТИТУТУ НАЦІОНАЛЬНОЇ АКАДЕМІЇ НАУК УКРАЇНИ""","28784","ФОНД ДЕРЖАВНОГО МАЙНА УКРАЇНИ ","ДП"
"1057","КИЇВСЬКІ ДЕРЖАВНІ КУРСИ ПІДВИЩЕННЯ КВАЛІФІКАЦІЇ КЕРІВНИХ ПРАЦІВНИКІВ І СПЕЦІАЛІСТІВ ЕЛЕВАТОРНОЇ, ЗЕРНОПЕРЕРОБНОЇ І КОМБІКОРМОВОЇ ПРОМИСЛОВОСТІ","28784","ФОНД ДЕРЖАВНОГО МАЙНА УКРАЇНИ ","ДП"
"1058","ДЕРЖАВНЕ ПІДПРИЄМСТВО ""КУК""","28784","ФОНД ДЕРЖАВНОГО МАЙНА УКРАЇНИ ","ДП"
"1059","ДЕРЖАВНЕ ПІДПРИЄМСТВО ""ДРУЖБА""","28784","ФОНД ДЕРЖАВНОГО МАЙНА УКРАЇНИ ","ДП"
"1060","МАЛЕ ПІДПРИЄМСТВО ""АНСЕРВ""","28784","ФОНД ДЕРЖАВНОГО МАЙНА УКРАЇНИ ","ДП"
"1061","ДЕРЖАВНЕ ПІДПРИЄМСТВО ""НАУКОВО-ДОСЛІДНИЙ ІНСТИТУТ МЕДИКО-ЕКОЛОГІЧНИХ ПРОБЛЕМ ДОНБАСУ ТА ВУГІЛЬНОЇ ПРОМИСЛОВОСТІ МІНІСТЕРСТВА ОХОРОНИ ЗДОРОВ'Я УКРАЇНИ""","28784","ФОНД ДЕРЖАВНОГО МАЙНА УКРАЇНИ ","ДП"
"1062","ДЕРЖАВНЕ ПІДПРИЄМСТВО ""ДОСЛІДНЕ ГОСПОДАРСТВО ""ДМИТРІВКА""","28784","ФОНД ДЕРЖАВНОГО МАЙНА УКРАЇНИ ","ДП"
"1063","ДЕРЖАВНЕ ПІДПРИЄМСТВО ""ДОСЛІДНЕ ГОСПОДАРСТВО ""ІСКРА""","28784","ФОНД ДЕРЖАВНОГО МАЙНА УКРАЇНИ ","ДП"
"1064","ДЕРЖАВНЕ ПІДПРИЄМСТВО ""ДОСЛІДНЕ ГОСПОДАРСТВО ""БОРІВСЬКЕ"" ІНСТИТУТУ САДІВНИЦТВА НАЦІОНАЛЬНОЇ АКАДЕМІЇ АГРАРНИХ НАУК УКРАЇНИ","28784","ФОНД ДЕРЖАВНОГО МАЙНА УКРАЇНИ ","ДП"
"1065","ДЕРЖАВНЕ ПІДПРИЄМСТВО ""ДЕРЖАВНИЙ ІНСТИТУТ ПО РОЗВІДУВАННЮ І ПРОЕКТУВАННЮ ОБ'ЄКТІВ ЗВ'ЯЗКУ ""УКРЗВ'ЯЗОКПРОЕКТ""","28784","ФОНД ДЕРЖАВНОГО МАЙНА УКРАЇНИ ","ДП"
"1066","ДЕРЖАВНЕ ПІДПРИЄМСТВО ""КОМПЛЕКСНИЙ ІННОВАЦІЙНИЙ ЦЕНТР ІНСТИТУТУ ПРОБЛЕМ МАШИНОБУДУВАННЯ НАЦІОНАЛЬНОЇ АКАДЕМІЇ НАУК""","28784","ФОНД ДЕРЖАВНОГО МАЙНА УКРАЇНИ ","ДП"
"1067","ДЕРЖАВНЕ ПІДПРИЄМСТВО ""КИЇВСЬКЕ МІЖВУЗІВСЬКЕ РЕМОНТНО-БУДІВЕЛЬНЕ УПРАВЛІННЯ""","28784","ФОНД ДЕРЖАВНОГО МАЙНА УКРАЇНИ ","ДП"
"1068","ПРОЕКТНЕ І КОНСТРУКТОРСЬКО-ТЕХНОЛОГІЧНЕ БЮРО ""ПРОММОНТАЖ"" УКРАЇНСЬКОЇ ДЕРЖАВНОЇ КОРПОРАЦІЇ ПО ВИКОНАННЮ МОНТАЖНИХ І СПЕЦІАЛЬНИХ БУДІВЕЛЬНИХ РОБІТ","28784","ФОНД ДЕРЖАВНОГО МАЙНА УКРАЇНИ ","ДП"
"1069","ГОРОХІВСЬКИЙ ЛИВАРНО-МЕХАНІЧНИЙ ЗАВОД","28784","ФОНД ДЕРЖАВНОГО МАЙНА УКРАЇНИ ","ДП"
"1070","ДЕРЖАВНЕ ПІДПРИЄМСТВО УКРАЇНСЬКИЙ НАУКОВО-ДОСЛІДНИЙ ІНСТИТУТ МЕТАЛУРГІЙНОГО МАШИНОБУДУВАННЯ ""УКРНДІМЕТАЛУРГМАШ""","28784","ФОНД ДЕРЖАВНОГО МАЙНА УКРАЇНИ ","ДП"
"1071","ДЕРЖАВНЕ ПІДПРИЄМСТВО ""ПРОЕКТНИЙ ІНСТИТУТ ""ДНІПРОДЗЕРЖИНСЬКЦИВІЛЬПРОЕКТ""","28784","ФОНД ДЕРЖАВНОГО МАЙНА УКРАЇНИ ","ДП"
"1072","ДЕРЖАВНЕ ПІДПРИЄМСТВО ГЕОДЕЗІЇ, КАРТОГРАФІЇ ТА КАДАСТРУ В ЗАХІДНОМУ РЕГІОНІ","28784","ФОНД ДЕРЖАВНОГО МАЙНА УКРАЇНИ ","ДП"
"1073","ДЕРЖАВНЕ ПІДПРИЄМСТВО ""ЗУЇВСЬКА ЕКСПЕРИМЕНТАЛЬНА ТЕПЛОЕЛЕКТРОЦЕНТРАЛЬ""","28784","ФОНД ДЕРЖАВНОГО МАЙНА УКРАЇНИ ","ДП"
"1074","ДЕРЖАВНЕ ДОНБАСЬКЕ ПІДПРИЄМСТВО З ПУСКУ, НАЛАГОДЖУВАННЯ, ВДОСКОНАЛЕННЯ ТЕХНОЛОГІЇ ТА ЕКСПЛУАТАЦІЇ ЕЛЕКТРОСТАНЦІЙ ТА МЕРЕЖ ""ДОНОРГРЕС""","28784","ФОНД ДЕРЖАВНОГО МАЙНА УКРАЇНИ ","ДП"
"1075","ДЕРЖАВНЕ ПІДПРИЄМСТВО ""НАУКОВО-ДОСЛІДНИЙ, ПРОЕКТНИЙ І ВПРОВАДЖУВАЛЬНИЙ ЦЕНТР ОРГАНІЗАЦІЇ ПРАЦІ В ЕНЕРГЕТИЦІ ТА ЕНЕРГЕТИЧНОМУ БУДІВНИЦТВІ ""УКРЕНЕРГОПРАЦЯ""","28784","ФОНД ДЕРЖАВНОГО МАЙНА УКРАЇНИ ","ДП"
"1076","САНАТОРНО-КУРОРТНИЙ КОМПЛЕКС ""МРІЯ"" УКРАЇНСЬКОГО ОБ'ЄДНАННЯ ЦА ""АВІАЛІНІЇ УКРАЇНИ""","28784","ФОНД ДЕРЖАВНОГО МАЙНА УКРАЇНИ ","ДП"
"1077","ДЕРЖАВНЕ ПІДПРИЄМСТВО БМУ ""БІЛЬШОВИК""","28784","ФОНД ДЕРЖАВНОГО МАЙНА УКРАЇНИ ","ДП"
"1078","ДЕРЖАВНЕ ПІДПРИЄМСТВО ""ДОСЛІДНЕ ГОСПОДАРСТВО ""КРИМ"" ІНСТИТУТУ СІЛЬСЬКОГО ГОСПОДАРСТВА КРИМУ НАЦІОНАЛЬНОЇ АКАДЕМІЇ АГРАРНИХ НАУК УКРАЇНИ""","28784","ФОНД ДЕРЖАВНОГО МАЙНА УКРАЇНИ ","ДП"
"1079","ДЕРЖАВНЕ ПІДПРИЄМСТВО ""СПЕЦІАЛІЗОВАНИЙ ЦЕНТР ПІДГОТОВКИ КАДРІВ""","28784","ФОНД ДЕРЖАВНОГО МАЙНА УКРАЇНИ ","ДП"
"1080","ДЕРЖАВНЕ СПЕЦІАЛІЗОВАНЕ АВТОТРАНСПОРТНЕ ПІДПРИЄМСТВО ДЕРЖАВНОГО КОМІТЕТУ ТЕЛЕБАЧЕННЯ І РАДІОМОВЛЕННЯ УКРАЇНИ","28784","ФОНД ДЕРЖАВНОГО МАЙНА УКРАЇНИ ","ДП"
"1081","ДЕРЖАВНЕ ПІДПРИЄМСТВО СПЕЦІАЛЬНЕ КОНСТРУКТОРСЬКО-ТЕХНОЛОГІЧНЕ БЮРО КОМПЛЕКСНОЇ ТЕХНОЛОГІЇ ЕЛЕКТРОРЕМОНТУ","28784","ФОНД ДЕРЖАВНОГО МАЙНА УКРАЇНИ ","ДП"
"1082","ДЕРЖАВНЕ ПІДПРИЄМСТВО ""ДОСЛІДНЕ ГОСПОДАРСТВО ""ПАРХОМІВСЬКЕ"" ІНСТИТУТУ ОВОЧІВНИЦТВА І БАШТАННИЦТВА НАЦІОНАЛЬНОЇ АКАДЕМІЇ АГРАРНИХ НАУК УКРАЇНИ""","28784","ФОНД ДЕРЖАВНОГО МАЙНА УКРАЇНИ ","ДП"
"1083","ДЕРЖАВНЕ ПІДПРИЄМСТВО ""УКРАЇНСЬКИЙ ДЕРЖАВНИЙ НАУКОВО-ДОСЛІДНИЙ І ПРОЕКТНИЙ ІНСТИТУТ АЗОТНОЇ ПРОМИСЛОВОСТІ І ПРОДУКТІВ ОРГАНІЧНОГО СИНТЕЗУ""","28784","ФОНД ДЕРЖАВНОГО МАЙНА УКРАЇНИ ","ДП"
"1084","ДЕРЖАВНЕ ПІДПРИЄМСТВО ""НАУКОВО-ДОСЛІДНИЙ І ПРОЕКТНИЙ ІНСТИТУТ ХІМІЧНИХ ТЕХНОЛОГІЙ ""ХІМТЕХНОЛОГІЯ""","28784","ФОНД ДЕРЖАВНОГО МАЙНА УКРАЇНИ ","ДП"
"1085","ДЕРЖАВНЕ ПІДПРИЄМСТВО ""ДОСЛІДНЕ ГОСПОДАРСТВО ""ПРИМОРСЬКЕ"" НІКІТСЬКОГО БОТАНІЧНОГО САДУ- НАЦІОНАЛЬНОГО НАУКОВОГО ЦЕНТРУ","28784","ФОНД ДЕРЖАВНОГО МАЙНА УКРАЇНИ ","ДП"
"1086","ДЕРЖАВНЕ ПІДПРИЄМСТВО ""ДЕРЖАВНИЙ ІНСТИТУТ ПО ПРОЕКТУВАННЮ ПІДПРИЄМСТВ ГІРНИЧОРУДНОЇ ПРОМИСЛОВОСТІ ""КРИВБАСПРОЕКТ""","28784","ФОНД ДЕРЖАВНОГО МАЙНА УКРАЇНИ ","ДП"
"1087","ДЕРЖАВНЕ ПІДПРИЄМСТВО ""ДЕРЖАВНИЙ ПРОЕКТНО-КОНСТРУКТОРСЬКИЙ ІНСТИТУТ ЗБАГАЧУВАЛЬНОГО УСТАТКУВАННЯ ""ДІПРОМАШВУГЛЕЗБАГАЧЕННЯ""","28784","ФОНД ДЕРЖАВНОГО МАЙНА УКРАЇНИ ","ДП"
"1088","ХАРКІВСЬКИЙ МАГАЗИН ""АКАДЕМІЧНА КНИГА""","28784","ФОНД ДЕРЖАВНОГО МАЙНА УКРАЇНИ ","ДП"
"1089","ДЕРЖАВНЕ ПІДПРИЄМСТВО ""КРАСНОГРАДСЬКЕ""","28784","ФОНД ДЕРЖАВНОГО МАЙНА УКРАЇНИ ","ДП"
"1090","ДЕРЖАВНЕ ПІДПРИЄМСТВО ""НАУКОВО-ТЕХНІЧНИЙ ЦЕНТР ПРОБЛЕМ ЕНЕРГОЗБЕРЕЖЕННЯ""","28784","ФОНД ДЕРЖАВНОГО МАЙНА УКРАЇНИ ","ДП"
"1091","СХІДНЕ ДЕРЖАВНЕ ПІДПРИЄМСТВО ГЕОДЕЗІЇ, КАРТОГРАФІЇ, КАДАСТРУ ТА ГЕОІНФОРМАТИКИ","28784","ФОНД ДЕРЖАВНОГО МАЙНА УКРАЇНИ ","ДП"
"1092","ДЕРЖАВНЕ ПІДПРИЄМСТВО ""НАУКОВО-ДОСЛІДНИЙ ТА ПРОЕКТНО-ВИШУКУВАЛЬНИЙ ІНСТИТУТ ТРАНСПОРТНОГО БУДІВНИЦТВА ""КИЇВДІПРОТРАНС""","28784","ФОНД ДЕРЖАВНОГО МАЙНА УКРАЇНИ ","ДП"
"1093","ДЕРЖАВНЕ ПІДПРИЄМСТВО ""ЗАХІДУКРЗАКОРДОННАФТОГАЗБУД""","28784","ФОНД ДЕРЖАВНОГО МАЙНА УКРАЇНИ ","ДП"
"1094","ДЕРЖАВНЕ ПІДПРИЄМСТВО ""ПІВДЕННИЙ НАУКОВО-ДОСЛІДНИЙ І ПРОЕКТНО-КОНСТРУКТОРСЬКИЙ ІНСТИТУТ ПО РОЗВИТКУ ФЛОТУ РИБНОГО ГОСПОДАРСТВА""","28784","ФОНД ДЕРЖАВНОГО МАЙНА УКРАЇНИ ","ДП"
"1095","ТЕРНОПІЛЬСЬКЕ ДЕРЖАВНЕ ПІДПРИЄМСТВО ""АГРОПРОМЗВ'ЯЗОКСИСТЕМА""","28784","ФОНД ДЕРЖАВНОГО МАЙНА УКРАЇНИ ","ДП"
"1096","ДЕРЖАВНЕ ПІДПРИЄМСТВО РЕМОНТНО-БУДІВЕЛЬНЕ УПРАВЛІННЯ №65","28784","ФОНД ДЕРЖАВНОГО МАЙНА УКРАЇНИ ","ДП"
"1097","ДЕРЖАВНЕ ПІДПРИЄМСТВО ""ОДЕСЬКА СЛУЖБА З АКТИВНИХ ВПЛИВІВ НА ГІДРОМЕТЕОРОЛОГІЧНІ ПРОЦЕСИ""","28784","ФОНД ДЕРЖАВНОГО МАЙНА УКРАЇНИ ","ДП"
"1098","ДЕРЖАВНЕ ПІДПРИЄМСТВО СПЕЦІАЛЬНЕ КОНСТРУКТОРСЬКЕ БЮРО","28784","ФОНД ДЕРЖАВНОГО МАЙНА УКРАЇНИ ","ДП"
"1099","МАЛЕ ДЕРЖАВНЕ ПІДПРИЄМСТВО ""ТЕРРА""","28784","ФОНД ДЕРЖАВНОГО МАЙНА УКРАЇНИ ","ДП"
"1100","ДЕРЖАВНЕ ПІДПРИЄМСТВО ""АЙВАЗОВСЬКЕ""","28784","ФОНД ДЕРЖАВНОГО МАЙНА УКРАЇНИ ","ДП"
"1101","ДЕРЖАВНЕ ПІДПРИЄМСТВО ""УКРЕНЕРГОТЕХЦЕНТР""","28784","ФОНД ДЕРЖАВНОГО МАЙНА УКРАЇНИ ","ДП"
"1102","ДЕРЖАВНЕ ПІДПРИЄМСТВО ""ДИРЕКЦІЯ КРИВОРІЗЬКОГО ГІРНИЧО-ЗБАГАЧУВАЛЬНОГО КОМБІНАТУ ОКИСЛЕНИХ РУД""","28784","ФОНД ДЕРЖАВНОГО МАЙНА УКРАЇНИ ","ДП"
"1103","ДЕРЖАВНЕ ПІДПРИЄМСТВО ""ГЕОІНФОРМАЦІЙНИЙ ЦЕНТР""","28784","ФОНД ДЕРЖАВНОГО МАЙНА УКРАЇНИ ","ДП"
"1104","ДЕРЖАВНЕ ПІДПРИЄМСТВО ""КРИМСЬКЕ УПРАВЛІННЯ ГЕОДЕЗІЇ, КАРТОГРАФІЇ ТА ГЕОІНФОРМАЦІЙНИХ СИСТЕМ""","28784","ФОНД ДЕРЖАВНОГО МАЙНА УКРАЇНИ ","ДП"
"1105","ДЕРЖАВНЕ ПІДПРИЄМСТВО СПЕЦІАЛЬНЕ ПРОЕКТНО-ТЕХНОЛОГІЧНЕ БЮРО ВИРОБНИЧИХ ПОТУЖНОСТЕЙ","28784","ФОНД ДЕРЖАВНОГО МАЙНА УКРАЇНИ ","ДП"
"1106","ЗАПОРІЗЬКЕ ДЕРЖАВНЕ НАУКОВО-ВИРОБНИЧЕ ПІДПРИЄМСТВО ""СИСТЕМА""","28784","ФОНД ДЕРЖАВНОГО МАЙНА УКРАЇНИ ","ДП"
"1107","ДЕРЖАВНЕ МАЛЕ ВПРОВАДЖУВАЛЬНЕ ПІДПРИЄМСТВО ""ІНТОМ""","28784","ФОНД ДЕРЖАВНОГО МАЙНА УКРАЇНИ ","ДП"
"1108","ДЕРЖАВНЕ ПІДПРИЄМСТВО ""ВОЛИНСЬКА СТАНЦІЯ ЛУКІВНИЦТВА""","28784","ФОНД ДЕРЖАВНОГО МАЙНА УКРАЇНИ ","ДП"
"1109","ДЕРЖАВНЕ ПІДПРИЄМСТВО УЧБОВО-КУРСОВИЙ КОМБІНАТ ""ХАРЬКІВЗАЛІЗОБЕТОН""","28784","ФОНД ДЕРЖАВНОГО МАЙНА УКРАЇНИ ","ДП"
"1110","ДЕРЖАВНЕ ПІДПРИЄМСТВО ""СІЛЬСЬКОГОСПОДАРСЬКЕ ПІДПРИЄМСТВО ""НИВА""","28784","ФОНД ДЕРЖАВНОГО МАЙНА УКРАЇНИ ","ДП"
"1111","ДЕРЖАВНЕ ПІДПРИЄМСТВО ІНЖЕНЕРНИЙ ЦЕНТР ""БІОТРОН"" ІННОВАЦІЙНОГО ЦЕНТРУ НАЦІОНАЛЬНОЇ АКАДЕМІЇ НАУК УКРАЇНИ","28784","ФОНД ДЕРЖАВНОГО МАЙНА УКРАЇНИ ","ДП"
"1112","ЧЕРНІГІВСЬКЕ ОБЛАСНЕ ДЕРЖАВНЕ ОБ'ЄДНАННЯ СПИРТОВОЇ ТА ЛІКЕРО-ГОРІЛЧАНОЇ ПРОМИСЛОВОСТІ ""ЧЕРНІГІВСПИРТГОРІЛКА""","28784","ФОНД ДЕРЖАВНОГО МАЙНА УКРАЇНИ ","ДП"
"1113","ДЕРЖАВНЕ ПІДПРИЄМСТВО КИЇВСЬКИЙ ЗАВОД ""ІМПУЛЬС""","28784","ФОНД ДЕРЖАВНОГО МАЙНА УКРАЇНИ ","ДП"
"1114","ДЕРЖАВНЕ ПІДПРИЄМСТВО ""БУДІВЕЛЬНИК""","28784","ФОНД ДЕРЖАВНОГО МАЙНА УКРАЇНИ ","ДП"
"1115","ДЕРЖАВНЕ ПІДПРИЄМСТВО ""ДОСЛІДНЕ ГОСПОДАРСТВО ""НОВОКАХОВСЬКЕ"" ІНСТИТУТУ РИСУ НАЦІОНАЛЬНОЇ АКАДЕМІЇ АГРАРНИХ НАУК УКРАЇНИ""","28784","ФОНД ДЕРЖАВНОГО МАЙНА УКРАЇНИ ","ДП"
"1116","ДЕРЖАВНЕ ПІДПРИЄМСТВО ""НАУКОВО-ДОСЛІДНИЙ ЦЕНТР РІДКИХ МІНЕРАЛЬНИХ ДОБРИВ""","28784","ФОНД ДЕРЖАВНОГО МАЙНА УКРАЇНИ ","ДП"
"1117","ЛЬВІВСЬКИЙ ДЕРЖАВНИЙ РЕГІОНАЛЬНИЙ НАУКОВО-ТЕХНІЧНИЙ ЦЕНТР","28784","ФОНД ДЕРЖАВНОГО МАЙНА УКРАЇНИ ","ДП"
"1118","ДЕРЖАВНЕ ПІДПРИЄМСТВО ""КОРОСТИШІВСЬКЕ АТП-0652""","28784","ФОНД ДЕРЖАВНОГО МАЙНА УКРАЇНИ ","ДП"
"1119","ДЕРЖАВНЕ ПІДПРИЄМСТВО ВИНЗАВОД ""АЛКО-ПРИМА""","28784","ФОНД ДЕРЖАВНОГО МАЙНА УКРАЇНИ ","ДП"
"1120","ДЕРЖАВНЕ ПІДПРИЄМСТВО ""ХАРКІВСЬКИЙ ЕЛЕКТРОМЕХАНІЧНИЙ ЗАВОД""","28784","ФОНД ДЕРЖАВНОГО МАЙНА УКРАЇНИ ","ДП"
"1121","КИЇВСЬКИЙ ОБЛАСНИЙ ДЕРЖАВНИЙ НАВЧАЛЬНО-КУРСОВИЙ КОМБІНАТ","28784","ФОНД ДЕРЖАВНОГО МАЙНА УКРАЇНИ ","ДП"
"1122","ДЕРЖАВНЕ ПІДПРИЄМСТВО ""ДОСЛІДНИЙ ЗАВОД ІНСТИТУТУ ІМПУЛЬСНИХ ПРОЦЕСІВ І ТЕХНОЛОГІЙ НАЦІОНАЛЬНОЇ АКАДЕМІЇ НАУК УКРАЇНИ""","28784","ФОНД ДЕРЖАВНОГО МАЙНА УКРАЇНИ ","ДП"
"1123","ДЕРЖАВНЕ ПІДПРИЄМСТВО ""ДНІПРОДІПРОШАХТ""","28784","ФОНД ДЕРЖАВНОГО МАЙНА УКРАЇНИ ","ДП"
"1124","ДЕРЖАВНЕ ПІДПРИЄМСТВО ""СІМФЕРОПОЛЬСЬКИЙ ВИНОРОБНИЙ ЗАВОД""","28784","ФОНД ДЕРЖАВНОГО МАЙНА УКРАЇНИ ","ДП"
"1125","ДЕРЖАВНЕ ПІДПРИЄМСТВО ГРОМАДСЬКОГО ХАРЧУВАННЯ ""СТУДЕНТСЬКА ЇДАЛЬНЯ ДЕРЖАВНОЇ АКАДЕМІЇ ЛЕГКОЇ ПРОМИСЛОВОСТІ УКРАЇНИ №313""","28784","ФОНД ДЕРЖАВНОГО МАЙНА УКРАЇНИ ","ДП"
"1126","ДЕРЖАВНЕ ПІДПРИЄМСТВО ""СПЕЦІАЛЬНЕ КОНСТРУКТОРСЬКО-ТЕХНОЛОГІЧНЕ БЮРО З ДОСЛІДНИМ ВИРОБНИЦТВОМ ІНСТИТУТУ ФІЗИКИ НАПІВПРОВІДНИКІВ ІМЕНІ В.Є.ЛАШКАРЬОВА НАЦІОНАЛЬНОЇ АКАДЕМІЇ НАУК УКРАЇНИ""","28784","ФОНД ДЕРЖАВНОГО МАЙНА УКРАЇНИ ","ДП"
"1127","СПЕЦІАЛЬНЕ КОНСТРУКТОРСЬКО-ТЕХНОЛОГІЧНЕ БЮРО З ДОСЛІДНИМ ВИРОБНИЦТВОМ СКЛОПЛАСТИКІВ ІНСТИТУТУ МЕХАНІКИ НАН УКРАЇНИ","28784","ФОНД ДЕРЖАВНОГО МАЙНА УКРАЇНИ ","ДП"
"1128","ДЕРЖАВНЕ ПІДПРИЄМСТВО ""КНИГАРНЯ ""НАУКОВА ДУМКА"" НАЦІОНАЛЬНОЇ АКАДЕМІЇ НАУК УКРАЇНИ""","28784","ФОНД ДЕРЖАВНОГО МАЙНА УКРАЇНИ ","ДП"
"1129","ДЕРЖАВНЕ ПІДПРИЄМСТВО ""ПАНСІОНАТ ""РУСАНІВКА""","28784","ФОНД ДЕРЖАВНОГО МАЙНА УКРАЇНИ ","ДП"
"1130","ДЕРЖАВНЕ ПІДПРИЄМСТВО ""ДОСЛІДНИЙ ЗАВОД ІНСТИТУТУ НАДТВЕРДИХ МАТЕРІАЛІВ ІМЕНІ В.М.БАКУЛЯ НАЦІОНАЛЬНОЇ АКАДЕМІЇ НАУК УКРАЇНИ""","28784","ФОНД ДЕРЖАВНОГО МАЙНА УКРАЇНИ ","ДП"
"1131","ДЕРЖАВНЕ ПІДПРИЄМСТВО ""НАУКОВО-ДОСЛІДНИЙ ЦЕНТР ІНФОРМАЦІЙНИХ ТЕХНОЛОГІЙ ІНСТИТУТУ ЕКОНОМІКИ ПРОМИСЛОВОСТІ НАЦІОНАЛЬНОЇ АКАДЕМІЇ НАУК УКРАЇНИ""","28784","ФОНД ДЕРЖАВНОГО МАЙНА УКРАЇНИ ","ДП"
"1132","ДЕРЖАВНЕ ПІДПРИЄМСТВО ДОРОЖНЬОГО ЗВ'ЯЗКУ, ІНФОРМАЦІЙНОГО ЗАБЕЗПЕЧЕННЯ ТА АВТОМАТИКИ ""УКРДОРЗВ'ЯЗОК""","28784","ФОНД ДЕРЖАВНОГО МАЙНА УКРАЇНИ ","ДП"
"1133","ДЕРЖАВНЕ ЛІСОПРОМИСЛОВЕ ПІДПРИЄМСТВО ""ПРИКАРПАТЛІС""","28784","ФОНД ДЕРЖАВНОГО МАЙНА УКРАЇНИ ","ДП"
"1134","ДЕРЖАВНЕ ПІДПРИЄМСТВО ""ІНФОРМАЦІЙНО-ОБЧИСЛЮВАНИЙ ЦЕНТР ""АСУМОНТАЖ""","28784","ФОНД ДЕРЖАВНОГО МАЙНА УКРАЇНИ ","ДП"
"1135","ДЕРЖАВНЕ ПІДПРИЄМСТВО ""ЧЕРВОНОГРАДСЬКЕ ШАХТНЕ РЕМОНТНО-БУДІВЕЛЬНЕ УПРАВЛІННЯ""","28784","ФОНД ДЕРЖАВНОГО МАЙНА УКРАЇНИ ","ДП"
"1136","ОВРУЦЬКА БУДІВЕЛЬНО-МОНТАЖНА ДІЛЬНИЦЯ РЕМОНТНО-БУДІВЕЛЬНИХ І ДЕЗАКТИВАЦІЙНО-ВІДНОВЛЮВАЛЬНИХ РОБІТ","28784","ФОНД ДЕРЖАВНОГО МАЙНА УКРАЇНИ ","ДП"
"1137","ЖИТОМИРСЬКЕ ДЕРЖАВНЕ СПЕЦАВТОПІДПРИЄМСТВО 0601","28784","ФОНД ДЕРЖАВНОГО МАЙНА УКРАЇНИ ","ДП"
"1138","ДЕРЖАВНЕ ПІДПРИЄМСТВО ""СЕВАСТОПОЛЬСЬКИЙ ВИНОРОБНИЙ ЗАВОД""","28784","ФОНД ДЕРЖАВНОГО МАЙНА УКРАЇНИ ","ДП"
"1139","ДЕРЖАВНЕ ДОСЛІДНО-КОНСТРУКТОРСЬКЕ ВИРОБНИЦТВО МЕДИЧНОГО ПРИЛАДОБУДУВАННЯ ІНСТИТУТУ ЕКСПЕРИМЕНТАЛЬНОЇ ПАТОЛОГІЇ, ОНКОЛОГІЇ І РАДІОБІОЛОГІЇ ІМ. Р.Є.КАВЕЦЬКОГО НАН УКРАЇНИ","28784","ФОНД ДЕРЖАВНОГО МАЙНА УКРАЇНИ ","ДП"
"1140","ДЕРЖАВНЕ ПІДПРИЄМСТВО ДОСЛІДНЕ КОНСТРУКТОРСЬКО-ТЕХНОЛОГІЧНЕ БЮРО З ІНТЕНСИФІКАЦІЇ ТЕПЛОМАСООБМІННИХ ПРОЦЕСІВ ІНСТИТУТУ ТЕХНІЧНОЇ ТЕПЛОФІЗИКИ НАН УКРАЇНИ","28784","ФОНД ДЕРЖАВНОГО МАЙНА УКРАЇНИ ","ДП"
"1141","ДЕРЖАВНЕ ПІДПРИЄМСТВО ЛІКУВАЛЬНО-ОЗДОРОВЧИЙ ПАНСІОНАТ ""АГАРСЬКИЙ МИС"" НАЦІОНАЛЬНОЇ АКАДЕМІЇ НАУК УКРАЇНИ","28784","ФОНД ДЕРЖАВНОГО МАЙНА УКРАЇНИ ","ДП"
"1142","ДЕРЖАВНЕ ПІДПРИЄМСТВО ""ТЕРНОПІЛЬСЬКИЙ ДЕРЖАВНИЙ ЗАВОД ПО ВИРОБНИЦТВУ М'ЯСО-КІСТКОВОГО БОРОШНА""ВЕТСАНЗАВОД""","28784","ФОНД ДЕРЖАВНОГО МАЙНА УКРАЇНИ ","ДП"
"1143","ПОГРЕБИЩЕНСЬКЕ РАЙОННЕ ДЕРЖАВНО-КООПЕРАТИВНЕ СІЛЬСЬКОГОСПОДАРСЬКЕ ОБ'ЄДНАННЯ ПО РИБНИЦТВУ ""ПОГРЕБИЩЕРИБГОСП""","28784","ФОНД ДЕРЖАВНОГО МАЙНА УКРАЇНИ ","ДП"
"1144","ДЕРЖАВНЕ ПІДПРИЄМСТВО ШОВКОГОСПОДАРСТВО ""КУМІВСЬКЕ""","28784","ФОНД ДЕРЖАВНОГО МАЙНА УКРАЇНИ ","ДП"
"1145","ДЕРЖАВНЕ ПІДПРИЄМСТВО - ШОВКОГОСПОДАРСТВО ""САХНОВЩИНСЬКЕ""","28784","ФОНД ДЕРЖАВНОГО МАЙНА УКРАЇНИ ","ДП"
"1146","ДЕРЖАВНИЙ ПІДРЯДНИЙ СПЕЦІАЛІЗОВАНИЙ РЕМОНТНО-БУДІВЕЛЬНИЙ ТРЕСТ ""КРИМСПЕЦГІДРОРЕМБУД""","28784","ФОНД ДЕРЖАВНОГО МАЙНА УКРАЇНИ ","ДП"
"1147","ДЕРЖАВНЕ ПІДПРИЄМСТВО ""ГАЙСИНСЬКИЙ СПИРТОВИЙ ЗАВОД""","28784","ФОНД ДЕРЖАВНОГО МАЙНА УКРАЇНИ ","ДП"
"1148","ДЕРЖАВНЕ ПІДПРИЄМСТВО КАЛИНІВСЬКИЙ ЕКСПЕРИМЕНТАЛЬНИЙ ЗАВОД ПО ФРАКЦІОНУВАННЮ ОЛІЇ ТА ЖИРІВ","28784","ФОНД ДЕРЖАВНОГО МАЙНА УКРАЇНИ ","ДП"
"1149","ДЕРЖАВНЕ ПІДПРИЄМСТВО ДЕРЖАВНЕ ПІДПРИЄМСТВО ""МАРТИНІВСЬКИЙ СПИРТОВИЙ ЗАВОД""","28784","ФОНД ДЕРЖАВНОГО МАЙНА УКРАЇНИ ","ДП"
"1150","ДЕРЖАВНЕ ПІДПРИЄМСТВО НЕМИРІВСЬКИЙ СПИРТОВИЙ ЗАВОД","28784","ФОНД ДЕРЖАВНОГО МАЙНА УКРАЇНИ ","ДП"
"1151","ДЕРЖАВНЕ ПІДПРИЄМСТВО ""БДЖІЛЬНЯНСЬКИЙ СПИРТОВИЙ ЗАВОД""","28784","ФОНД ДЕРЖАВНОГО МАЙНА УКРАЇНИ ","ДП"
"1152","ДЕРЖАВНЕ ПІДПРИЄМСТВО ""ТРОСТЯНЕЦЬКИЙ СПИРТОВИЙ ЗАВОД""","28784","ФОНД ДЕРЖАВНОГО МАЙНА УКРАЇНИ ","ДП"
"1153","ДЕРЖАВНЕ ПІДПРИЄМСТВО ""УЛАДІВСЬКИЙ СПИРТОВИЙ ЗАВОД""","28784","ФОНД ДЕРЖАВНОГО МАЙНА УКРАЇНИ ","ДП"
"1154","ДЕРЖАВНЕ ПІДПРИЄМСТВО ""ЧЕЧЕЛЬНИЦЬКИЙ СПИРТОВИЙ ЗАВОД""","28784","ФОНД ДЕРЖАВНОГО МАЙНА УКРАЇНИ ","ДП"
"1155","ДЕРЖАВНЕ ПІДПРИЄМСТВО ""ЮРКОВЕЦЬКИЙ СПИРТОВИЙ ЗАВОД""","28784","ФОНД ДЕРЖАВНОГО МАЙНА УКРАЇНИ ","ДП"
"1156","ДЕРЖАВНЕ ПІДПРИЄМСТВО ""КОПАНІ""","28784","ФОНД ДЕРЖАВНОГО МАЙНА УКРАЇНИ ","ДП"
"1157","ДОСЛІДНЕ ГОСПОДАРСТВО ""МЕРЕФА"" ІНСТИТУТУ ОВОЧІВНИЦТВА ТА БАШТАННИЦТВА УААН","28784","ФОНД ДЕРЖАВНОГО МАЙНА УКРАЇНИ ","ДП"
"1158","ДЕРЖАВНЕ ПІДПРИЄМСТВО ""СЛОБОЖАНСЬКЕ""","28784","ФОНД ДЕРЖАВНОГО МАЙНА УКРАЇНИ ","ДП"
"1159","ДЕРЖАВНЕ ПІДПРИЄМСТВО ""ДОСЛІДНЕ ГОСПОДАРСТВО ""БОРКИ"" ІНСТИТУТУ ОВОЧІВНИЦТВА І БАШТАННИЦТВА НАЦІОНАЛЬНОЇ АКАДЕМІЇ АГРАРНИХ НАУК УКРАЇНИ""","28784","ФОНД ДЕРЖАВНОГО МАЙНА УКРАЇНИ ","ДП"
"1160","ДЕРЖАВНЕ ПІДПРИЄМСТВО ""ДОСЛІДНЕ ГОСПОДАРСТВО ""КУТУЗІВКА"" ІНСТИТУТУ СІЛЬСЬКОГО ГОСПОДАРСТВА ПІВНІЧНОГО СХОДУ НАЦІОНАЛЬНОЇ АКАДЕМІЇ АГРАРНИХ НАУК УКРАЇНИ""","28784","ФОНД ДЕРЖАВНОГО МАЙНА УКРАЇНИ ","ДП"
"1161","ДЕРЖАВНЕ ПІДПРИЄМСТВО ""ДОСЛІДНЕ ГОСПОДАРСТВО ""ПАНТЕЛЕЙМОНІВСЬКЕ"" ІНСТИТУТУ РОСЛИННИЦТВА ІМЕНІ В.Я. ЮР'ЄВА НАЦІОНАЛЬНОЇ АКАДЕМІЇ АГРАРНИХ НАУК УКРАЇНИ""","28784","ФОНД ДЕРЖАВНОГО МАЙНА УКРАЇНИ ","ДП"
"1162","ДЕРЖАВНЕ ПІДПРИЄМСТВО ""ДОСЛІДНЕ ГОСПОДАРСТВО ""АГРАРНЕ"" ІНСТИТУТУ РОСЛИННИЦТВА ІМЕНІ В. Я. ЮР'ЄВА НАЦІОНАЛЬНОЇ АКАДЕМІЇ АГРАРНИХ НАУК УКРАЇНИ""","28784","ФОНД ДЕРЖАВНОГО МАЙНА УКРАЇНИ ","ДП"
"1163","ДЕРЖАВНЕ ПІДПРИЄМСТВО ""ДОСЛІДНЕ ГОСПОДАРСТВО ""КОМСОМОЛЕЦЬ"" ІНСТИТУТУ СІЛЬСЬКОГО ГОСПОДАРСТВА ПІВНІЧНОГО СХОДУ НАЦІОНАЛЬНОЇ АКАДЕМІЇ АГРАРНИХ НАУК УКРАЇНИ""","28784","ФОНД ДЕРЖАВНОГО МАЙНА УКРАЇНИ ","ДП"
"1164","ДЕРЖАВНА УСТАНОВА ""УКРАЇНСЬКИЙ ДІМ ФАРФОРОВО-ФАЯНСОВОЇ ПРОМИСЛОВОСТІ""","28784","ФОНД ДЕРЖАВНОГО МАЙНА УКРАЇНИ ","ДП"
"1165","ДЕРЖАВНЕ ПІДПРИЄМСТВО ""ШАХТА ""НОВОДЗЕРЖИНСЬКА""","28784","ФОНД ДЕРЖАВНОГО МАЙНА УКРАЇНИ ","ДП"
"1166","ДЕРЖАВНЕ ПІДПРИЄМСТВО ""ТРЕСТ ""ОЛЕКСАНДРІЯРОЗРІЗОБУД""","28784","ФОНД ДЕРЖАВНОГО МАЙНА УКРАЇНИ ","ДП"
"1167","ДЕРЖАВНЕ ПІДПРИЄМСТВО ""ДЕРЖАВНИЙ ПРОЕКТНИЙ ІНСТИТУТ ""ЗАПОРІЖЦИВІЛЬПРОЕКТ""","28784","ФОНД ДЕРЖАВНОГО МАЙНА УКРАЇНИ ","ДП"
"1168","ХАРКІВСЬКЕ ОБЛАСНЕ ДЕРЖАВНЕ ПІДПРИЄМСТВО ПО АГРОХІМІЧНОМУ ЗАБЕЗПЕЧЕННЮ СІЛЬСЬКОГО ГОСПОДАРСТВА ""ОБЛАГРОХІМІЯ""","28784","ФОНД ДЕРЖАВНОГО МАЙНА УКРАЇНИ ","ДП"
"1169","ДЕРЖАВНЕ ПІДПРИЄМСТВО ""УПРАВЛІННЯ ЖИТЛОВО-КОМУНАЛЬНОГО ГОСПОДАРСТВА""","28784","ФОНД ДЕРЖАВНОГО МАЙНА УКРАЇНИ ","ДП"
"1170","ДЕРЖАВНЕ ПІДПРИЄМСТВО ""ВОЛИНСЬКИЙ ОБЛАСНИЙ ВИРОБНИЧО-ТЕХНІЧНИЙ ЦЕНТР СТАНДАРТИЗАЦІЇ, МЕТРОЛОГІЇ ТА ЯКОСТІ ПРОДУКЦІЇ""","28784","ФОНД ДЕРЖАВНОГО МАЙНА УКРАЇНИ ","ДП"
"1171","ДЕРЖАВНЕ ПІДПРИЄМСТВО ""ЛУГАНСЬКИЙ ОБЛАСНИЙ ВИРОБНИЧО-ТЕХНІЧНИЙ ЦЕНТР СТАНДАРТИЗАЦІЇ, МЕТРОЛОГІЇ ТА ЯКОСТІ ПРОДУКЦІЇ ""ОБЛАГРОСТАНДАРТ""","28784","ФОНД ДЕРЖАВНОГО МАЙНА УКРАЇНИ ","ДП"
"1172","ДЕРЖАВНЕ ПІДПРИЄМСТВО ""ДНІПРОПЕТРОВСЬКИЙ ОБЛАСНИЙ ВИРОБНИЧО-ТЕХНІЧНИЙ ЦЕНТР СТАНДАРТИЗАЦІЇ І МЕТРОЛОГІЇ ""ДНІПРООБЛАГРОСТАНДАРТ""","28784","ФОНД ДЕРЖАВНОГО МАЙНА УКРАЇНИ ","ДП"
"1173","ДЕРЖАВНЕ ПІДПРИЄМСТВО ЗАКАРПАТСЬКИЙ ВИРОБНИЧО-ТЕХНІЧНИЙ ЦЕНТР СТАНДАРТИЗАЦІЇ, МЕТРОЛОГІЇ ТА ЯКОСТІ ПРОДУКЦІЇ УПРАВЛІННЯ СІЛЬСЬКОГО ГОСПОДАРСТВА ТА ПРОДОВОЛЬСТВА","28784","ФОНД ДЕРЖАВНОГО МАЙНА УКРАЇНИ ","ДП"
"1174","ДЕРЖАВНЕ ПІДПРИЄМСТВО ""ІВАНО-ФРАНКІВСЬКИЙ ОБЛАСНИЙ ВИРОБНИЧО-ТЕХНІЧНИЙ ЦЕНТР СТАНДАРТИЗАЦІЇ І МЕТРОЛОГІЇ ""ОБЛАГРОСТАНДАРТ""","28784","ФОНД ДЕРЖАВНОГО МАЙНА УКРАЇНИ ","ДП"
"1175","ДЕРЖАВНЕ ПІДПРИЄМСТВО ""ЛЬВІВСЬКИЙ ВИРОБНИЧО-ТЕХНІЧНИЙ ЦЕНТР СТАНДАРТИЗАЦІЇ,МЕТРОЛОГІЇ ТА СЕРТИФІКАЦІЇ""","28784","ФОНД ДЕРЖАВНОГО МАЙНА УКРАЇНИ ","ДП"
"1176","ДЕРЖАВНЕ ПІДПРИЄМСТВО ""МИКОЛАЇВСЬКИЙ ОБЛАСНИЙ ВИРОБНИЧО-ТЕХНІЧНИЙ ЦЕНТР СТАНДАРТИЗАЦІЇ І МЕТРОЛОГІЇ ""АГРОСТАНДАРТ""","28784","ФОНД ДЕРЖАВНОГО МАЙНА УКРАЇНИ ","ДП"
"1177","ДЕРЖАВНЕ ПІДПРИЄМСТВО ""РІВНЕНСЬКИЙ ОБЛАСНИЙ ВИРОБНИЧО-ТЕХНІЧНИЙ ЦЕНТР СТАНДАРТИЗАЦІЇ, МЕТРОЛОГІЇ ТА ЯКОСТІ ПРОДУКЦІЇ ""ОБЛАГРОСТАНДАРТ""","28784","ФОНД ДЕРЖАВНОГО МАЙНА УКРАЇНИ ","ДП"
"1178","ДЕРЖАВНЕ ПІДПРИЄМСТВО ТЕРНОПІЛЬСЬКИЙ ДЕРЖАВНИЙ ОБЛАСНИЙ ВИРОБНИЧО-ТЕХНІЧНИЙ ЦЕНТР СТАНДАРТИЗАЦІЇ, МЕТРОЛОГІЇ ТА ЯКОСТІ ПРОДУКЦІЇ""","28784","ФОНД ДЕРЖАВНОГО МАЙНА УКРАЇНИ ","ДП"
"1179","ДЕРЖАВНЕ ПІДПРИЄМСТВО ЧЕРНІГІВСЬКИЙ ОБЛАСНИЙ ВИРОБНИЧО-ТЕХНІЧНИЙ ЦЕНТР СТАНДАРТИЗАЦІЇ, МЕТРОЛОГІЇ ТА ЯКОСТІ ПРОДУКЦІЇ ""ЧЕРНІГІВОБЛАГРОСТАНДАРТ""","28784","ФОНД ДЕРЖАВНОГО МАЙНА УКРАЇНИ ","ДП"
"1180","ДЕРЖАВНЕ ПІДПРИЄМСТВО ""ЛИСИЧАНСЬКЕ УПРАВЛІННЯ МАГІСТРАЛЬНИХ НАФТОПРОДУКТОПРОВОДІВ""","28784","ФОНД ДЕРЖАВНОГО МАЙНА УКРАЇНИ ","ДП"
"1181","ДЕРЖАВНА ВИРОБНИЧА ФІРМА ТЕХНОЛОГІЧНОГО ЗВ'ЯЗКУ ""УКРНАФТОЗВ'ЯЗОК""","28784","ФОНД ДЕРЖАВНОГО МАЙНА УКРАЇНИ ","ДП"
"1182","ДЕРЖАВНЕ ПІДПРИЄМСТВО ""АГРОПРОМИСЛОВИЙ КОМБІНАТ ""УЖГОРОДСЬКИЙ""","28784","ФОНД ДЕРЖАВНОГО МАЙНА УКРАЇНИ ","ДП"
"1183","ДЕРЖАВНЕ ПІДПРИЄМСТВО ""ІВАНО-ФРАНКІВСЬКИЙ КОМБІНАТ ХЛІБОПРОДУКТІВ""","28784","ФОНД ДЕРЖАВНОГО МАЙНА УКРАЇНИ ","ДП"
"1184","ДЕРЖАВНЕ ПІДПРИЄМСТВО ЛУЦЬКИЙ СПИРТОГОРІЛЧАНИЙ КОМБІНАТ","28784","ФОНД ДЕРЖАВНОГО МАЙНА УКРАЇНИ ","ДП"
"1185","ДЕРЖАВНЕ ПІДПРИЄМСТВО ""ЛЬВІВСЬКИЙ НАУКОВО-ДОСЛІДНИЙ І ПРОЕКТНИЙ ІНСТИТУТ ""ЛЬВІВБУДМНДІПРОЕКТ""","28784","ФОНД ДЕРЖАВНОГО МАЙНА УКРАЇНИ ","ДП"
"1186","ДЕРЖАВНЕ ПІДПРИЄМСТВО ""КОРОСТИШІВСЬКИЙ СІЛЬСЬКИЙ БУДІВЕЛЬНИЙ КОМБІНАТ""","28784","ФОНД ДЕРЖАВНОГО МАЙНА УКРАЇНИ ","ДП"
"1187","ДЕРЖАВНЕ ПІДПРИЄМСТВО ""КОСАРСЬКИЙ СПИРТОВИЙ ЗАВОД""","28784","ФОНД ДЕРЖАВНОГО МАЙНА УКРАЇНИ ","ДП"
"1188","ДЕРЖАВНЕ ПІДПРИЄМСТВО ""ЧЕРКАСЬКИЙ КОНСЕРВНИЙ КОМБІНАТ""","28784","ФОНД ДЕРЖАВНОГО МАЙНА УКРАЇНИ ","ДП"
"1189","ДЕРЖАВНЕ ПІДПРИЄМСТВО ""КРИМСЬКА РЕМОНТНО-БУДІВЕЛЬНА ГОСПРОЗРАХУНКОВА ДІЛЬНИЦЯ МОЗ УКРАЇНИ""","28784","ФОНД ДЕРЖАВНОГО МАЙНА УКРАЇНИ ","ДП"
"1190","СПЕЦІАЛЬНЕ КОНСТРУКТОРСЬКО-ТЕХНОЛОГІЧНЕ БЮРО СИСТЕМ УПРАВЛІННЯ З ДОСЛІДНИМ ВИРОБНИЦТВОМ ІНСТИТУТУ ПРИКЛАДНОЇ МАТЕМАТИКИ ТА МЕХАНІКИ НАН УКРАЇНИ","28784","ФОНД ДЕРЖАВНОГО МАЙНА УКРАЇНИ ","ДП"
"1191","ДЕРЖАВНЕ ПІДПРИЄМСТВО ДОСЛІДНИЙ ЗАВОД НАЦІОНАЛЬНОГО НАУКОВОГО ЦЕНТРУ ""ХАРКІВСЬКИЙ ФІЗИКО-ТЕХНІЧНИЙ ІНСТИТУТ"" НАН УКРАЇНИ""","28784","ФОНД ДЕРЖАВНОГО МАЙНА УКРАЇНИ ","ДП"
"1192","ДЕРЖАВНЕ ПІДПРИЄМСТВО ""ДЖАНКОЙСЬКО-СИВАСЬКИЙ ДОСЛІДНО-ЕКСПЕРИМЕНТАЛЬНИЙ ЗАВОД ІНСТИТУТУ ХІМІЇ ПОВЕРХНІ ІМ. О.О. ЧУЙКА НАЦІОНАЛЬНОЇ АКАДЕМІЇ НАУК УКРАЇНИ""","28784","ФОНД ДЕРЖАВНОГО МАЙНА УКРАЇНИ ","ДП"
"1193","ДЕРЖАВНЕ ПІДПРИЄМСТВО ""ЕКСПЕРИМЕНТАЛЬНЕ ВИРОБНИЦТВО""","28784","ФОНД ДЕРЖАВНОГО МАЙНА УКРАЇНИ ","ДП"
"1194","ДЕРЖАВНЕ ПІДПРИЄМСТВО ""СПЕЦІАЛІЗОВАНЕ ВИДАВНИЦТВО ""ЛИБІДЬ""","28784","ФОНД ДЕРЖАВНОГО МАЙНА УКРАЇНИ ","ДП"
"1195","ОДЕСЬКИЙ ЦЕНТР ТЕХНІЧНОГО ОБСЛУГОВУВАННЯ КУЗНЕЧНО-ПРЕСОВИХ АВТОМАТІВ ""ПРЕССМАШСЕРВІС""","28784","ФОНД ДЕРЖАВНОГО МАЙНА УКРАЇНИ ","ДП"
"1196","ДЕРЖАВНЕ ПІДПРИЄМСТВО ""СЕВАСТОПОЛЬСЬКИЙ ГЕОДЕЗИЧНИЙ ЦЕНТР""","28784","ФОНД ДЕРЖАВНОГО МАЙНА УКРАЇНИ ","ДП"
"1197","КИЇВСЬКА ДЕРЖАВНА ГОСПРОЗРАХУНКОВА СПЕЦІАЛІЗОВАНА ДІЛЬНИЦЯ ПУСКОНАЛАГОДЖУВАЛЬНИХ, РЕМОНТНИХ ТА МОНТАЖНИХ РОБІТ","28784","ФОНД ДЕРЖАВНОГО МАЙНА УКРАЇНИ ","ДП"
"1198","ДЕРЖАВНЕ ПІДПРИЄМСТВО "" НАУКОВО-ДОСЛІДНИЙ ТА КОНСТРУКТОРСЬКО-ТЕХНОЛОГІЧНИЙ ІНСТИТУТ ТРУБНОЇ ПРОМИСЛОВОСТІ ІМ. Я.Ю.ОСАДИ""","28784","ФОНД ДЕРЖАВНОГО МАЙНА УКРАЇНИ ","ДП"
"1199","КОСТЯНТИНІВСЬКИЙ ДЕРЖАВНИЙ ХІМІЧНИЙ ЗАВОД","28784","ФОНД ДЕРЖАВНОГО МАЙНА УКРАЇНИ ","ДП"
"1200","ДЕРЖАВНЕ ПІДПРИЄМСТВО ""РОЗДІЛЬСЬКЕ ГІРНИЧО-ХІМІЧНЕ ПІДПРИЄМСТВО ""СІРКА""","28784","ФОНД ДЕРЖАВНОГО МАЙНА УКРАЇНИ ","ДП"
"1201","НАУКОВО-ВИРОБНИЧЕ ОБ'ЄДНАННЯ ""ЕЛЕКТРОВАЖМАШ""","28784","ФОНД ДЕРЖАВНОГО МАЙНА УКРАЇНИ ","ДП"
"1202","СПЕЦІАЛІЗОВАНЕ УПРАВЛІННЯ З РЕМОНТУ ЗАСОБІВ АВТОМАТИЗАЦІЇ І СИСТЕМ УПРАВЛІННЯ ""ОРГГАЗРЕМАВТОМАТИКА""","28784","ФОНД ДЕРЖАВНОГО МАЙНА УКРАЇНИ ","ДП"
"1203","ДЕРЖАВНЕ ПІДПРИЄМСТВО ""МІНДОБРИВА""","28784","ФОНД ДЕРЖАВНОГО МАЙНА УКРАЇНИ ","ДП"
"1204","ДЕРЖАВНЕ ПІДПРИЄМСТВО ""ТЕРМОДИНАМІЧНИЙ ЦЕНТР""","28784","ФОНД ДЕРЖАВНОГО МАЙНА УКРАЇНИ ","ДП"
"1205","ДЕРЖАВНЕ ПІДПРИЄМСТВО ""ТЕХНІЧНИЙ ЦЕНТР ЗАЗАВТОТЕХНІКА""","28784","ФОНД ДЕРЖАВНОГО МАЙНА УКРАЇНИ ","ДП"
"1206","ДЕРЖАВНЕ ПІДПРИЄМСТВО ""БІЛОЦЕРКІВСЬКИЙ ЗАВОД ""ЕТАЛОН""","28784","ФОНД ДЕРЖАВНОГО МАЙНА УКРАЇНИ ","ДП"
"1207","ДЕРЖАВНЕ ПІДПРИЄМСТВО ""ЧОРМЕТАВТОМАТИКА""","28784","ФОНД ДЕРЖАВНОГО МАЙНА УКРАЇНИ ","ДП"
"1208","ДЕРЖАВНЕ ПІДПРИЄМСТВО ""ІВАНО-ФРАНКІВСЬКИЙ КОТЕЛЬНО-ЗВАРЮВАЛЬНИЙ ЗАВОД""","28784","ФОНД ДЕРЖАВНОГО МАЙНА УКРАЇНИ ","ДП"
"1209","ДЕРЖАВНЕ ПІДПРИЄМСТВО ДРУЖБІВСЬКИЙ КАР'ЄР НЕРУДНИХ КОПАЛИН ""КВАРЦ""","28784","ФОНД ДЕРЖАВНОГО МАЙНА УКРАЇНИ ","ДП"
"1210","ДЕРЖАВНЕ ПІДПРИЄМСТВО МІНІСТЕРСТВА ОБОРОНИ УКРАЇНИ ""САКСЬКИЙ ЦЕНТРАЛЬНИЙ ВІЙСЬКОВИЙ КЛІНІЧНИЙ САНАТОРІЙ ІМ. М.І. ПИРОГОВА""","28784","ФОНД ДЕРЖАВНОГО МАЙНА УКРАЇНИ ","ДП"
"1211","ДЕРЖАВНЕ ПІДПРИЄМСТВО ""КИЇВСЬКИЙ АВТОМОБІЛЬНИЙ РЕМОНТНИЙ ЗАВОД""","28784","ФОНД ДЕРЖАВНОГО МАЙНА УКРАЇНИ ","ДП"
"1212","ДЕРЖАВНА УСТАНОВА ""417 УПРАВЛІННЯ НАЧАЛЬНИКА РОБІТ""","28784","ФОНД ДЕРЖАВНОГО МАЙНА УКРАЇНИ ","ДП"
"1213","ДЕРЖАВНЕ ПІДПРИЄМСТВО МІНІСТЕРСТВА ОБОРОНИ УКРАЇНИ ""ВОЄННЕ ВИДАВНИЦТВО УКРАЇНИ ""ВАРТА""","28784","ФОНД ДЕРЖАВНОГО МАЙНА УКРАЇНИ ","ДП"
"1214","ДЕРЖАВНЕ ПІДПРИЄМСТВО ""ЧЕРКАСЬКЕ БУДІВЕЛЬНО-МОНТАЖНЕ УПРАВЛІННЯ""","28784","ФОНД ДЕРЖАВНОГО МАЙНА УКРАЇНИ ","ДП"
"1215","ДЕРЖАВНЕ ПІДПРИЄМСТВО ""ОДЕСЬКИЙ АВТОМОБІЛЬНИЙ РЕМОНТНИЙ ЗАВОД""","28784","ФОНД ДЕРЖАВНОГО МАЙНА УКРАЇНИ ","ДП"
"1216","ДЕРЖАВНЕ ПІДПРИЄМСТВО ""171 ЧЕРНІГІВСЬКИЙ РЕМОНТНИЙ ЗАВОД""","28784","ФОНД ДЕРЖАВНОГО МАЙНА УКРАЇНИ ","ДП"
"1217","ДЕРЖАВНЕ ПІДПРИЄМСТВО ""ЛІСИ ОБОРОНИ""","28784","ФОНД ДЕРЖАВНОГО МАЙНА УКРАЇНИ ","ДП"
"1218","ДЕРЖАВНЕ ПІДПРИЄМСТВО ""ЗАПОРІЗЬКИЙ АВТОМОБІЛЬНИЙ РЕМОНТНИЙ ЗАВОД""","28784","ФОНД ДЕРЖАВНОГО МАЙНА УКРАЇНИ ","ДП"
"1219","ДЕРЖАВНЕ ПІДПРИЄМСТВО ""КИЇВСЬКА ВІЙСЬКОВО-КАРТОГРАФІЧНА ФАБРИКА""","28784","ФОНД ДЕРЖАВНОГО МАЙНА УКРАЇНИ ","ДП"
"1220","ДЕРЖАВНЕ ПІДПРИЄМСТВО ХМЕЛЬНИЦЬКИЙ ЗАВОД ЗАЛІЗОБЕТОННИХ ВИРОБІВ ТА КОНСТРУКЦІЙ","28784","ФОНД ДЕРЖАВНОГО МАЙНА УКРАЇНИ ","ДП"
"1221","ДЕРЖАВНЕ ПІДПРИЄМСТВО ""СВІТАНОК""","28784","ФОНД ДЕРЖАВНОГО МАЙНА УКРАЇНИ ","ДП"
"1222","УПРАВЛІННЯ КАПІТАЛЬНОГО БУДІВНИЦТВА МІНІСТЕРСТВА ОБОРОНИ УКРАЇНИ (МІСТО КИЇВ)","28784","ФОНД ДЕРЖАВНОГО МАЙНА УКРАЇНИ ","ДП"
"1223","МІНІСТЕРСТВА ОБОРОНИ УКРАЇНИ ""КИЇВСЬКИЙ ЗАВОД ""РЕМДИЗЕЛЬ""","28784","ФОНД ДЕРЖАВНОГО МАЙНА УКРАЇНИ ","ДП"
"1224","ДЕРЖАВНЕ ПІДПРИЄМСТВО ""РІВНЕНСЬКИЙ АВТОМОБІЛЬНИЙ РЕМОНТНИЙ ЗАВОД""","28784","ФОНД ДЕРЖАВНОГО МАЙНА УКРАЇНИ ","ДП"
"1225","ДЕРЖАВНЕ ПІДПРИЄМСТВО МІНІСТЕРСТВА ОБОРОНИ УКРАЇНИ ""ЦЕНТРАЛЬНИЙ ВІЙСЬКОВИЙ САНАТОРІЙ ""ЯЛТИНСЬКИЙ""","28784","ФОНД ДЕРЖАВНОГО МАЙНА УКРАЇНИ ","ДП"
"1226","ВІЙСЬКОВИЙ РАДГОСП ""АЗОВСЬКИЙ"" МІНІСТЕРСТВА ОБОРОНИ УКРАЇНИ","28784","ФОНД ДЕРЖАВНОГО МАЙНА УКРАЇНИ ","ДП"
"1227","ДЕРЖАВНЕ ПІДПРИЄМСТВО ""НІЖИНСЬКИЙ РЕМОНТНИЙ ЗАВОД ІНЖЕНЕРНОГО ОЗБРОЄННЯ""","28784","ФОНД ДЕРЖАВНОГО МАЙНА УКРАЇНИ ","ДП"
"1228","ДЕРЖАВНЕ ПІДПРИЄМСТВО МІНІСТЕРСТВА ОБОРОНИ УКРАЇНИ МАКАРІВСЬКИЙ ЗАВОД ЗАЛІЗОБЕТОННИХ ВИРОБІВ","28784","ФОНД ДЕРЖАВНОГО МАЙНА УКРАЇНИ ","ДП"
"1229","ДЕРЖАВНЕ ПІДПРИЄМСТВО ""ЦЕНТРАЛЬНА ВІЙСЬКОВА ТУРИСТСЬКА БАЗА ""КІЧКІНЕ"" МІНІСТЕРСТВА ОБОРОНИ УКРАЇНИ","28784","ФОНД ДЕРЖАВНОГО МАЙНА УКРАЇНИ ","ДП"
"1230","ДЕРЖАВНЕ ПІДПРИЄМСТВО БУДІВЕЛЬНЕ УПРАВЛІННЯ УМВС УКРАЇНИ В ДОНЕЦЬКІЙ ОБЛАСТІ","28784","ФОНД ДЕРЖАВНОГО МАЙНА УКРАЇНИ ","ДП"
"1231","ДЕРЖАВНЕ ПІДПРИЄМСТВО БУДІВЕЛЬНОГО УПРАВЛІННЯ ГУ МВС УКРАЇНИ В КРИМУ","28784","ФОНД ДЕРЖАВНОГО МАЙНА УКРАЇНИ ","ДП"
"1232","ДЕРЖАВНЕ ПІДПРИЄМСТВО ""ПІДПРИЄМСТВО ДЕРЖАВНОЇ КРИМІНАЛЬНО-ВИКОНАВЧОЇ СЛУЖБИ УКРАЇНИ (№39)""","28784","ФОНД ДЕРЖАВНОГО МАЙНА УКРАЇНИ ","ДП"
"1233","ДЕРЖАВНЕ ПІДПРИЄМСТВО ""ПІДПРИЄМСТВО ДЕРЖАВНОЇ КРИМІНАЛЬНО-ВИКОНАВЧОЇ СЛУЖБИ УКРАЇНИ (№59)""","28784","ФОНД ДЕРЖАВНОГО МАЙНА УКРАЇНИ ","ДП"
"1234","ДЕРЖАВНЕ ПІДПРИЄМСТВО ""ПІДПРИЄМСТВО ДЕРЖАВНОЇ КРИМІНАЛЬНО-ВИКОНАВЧОЇ СЛУЖБИ УКРАЇНИ (№86)""","28784","ФОНД ДЕРЖАВНОГО МАЙНА УКРАЇНИ ","ДП"
"1235","ДЕРЖАВНЕ ПІДПРИЄМСТВО ""ПІДПРИЄМСТВО ДЕРЖАВНОЇ КРИМІНАЛЬНО-ВИКОНАВЧОЇ СЛУЖБИ УКРАЇНИ (№1)""","28784","ФОНД ДЕРЖАВНОГО МАЙНА УКРАЇНИ ","ДП"
"1236","ДЕРЖАВНЕ ПІДПРИЄМСТВО ""ПІДПРИЄМСТВО ДЕРЖАВНОЇ КРИМІНАЛЬНО-ВИКОНАВЧОЇ СЛУЖБИ УКРАЇНИ (№ 113)""","28784","ФОНД ДЕРЖАВНОГО МАЙНА УКРАЇНИ ","ДП"
"1237","ДЕРЖАВНЕ ПІДПРИЄМСТВО ""ПІДПРИЄМСТВО ДЕРЖАВНОЇ КРИМІНАЛЬНО-ВИКОНАВЧОЇ СЛУЖБИ УКРАЇНИ ( №114)""","28784","ФОНД ДЕРЖАВНОГО МАЙНА УКРАЇНИ ","ДП"
"1238","ДЕРЖАВНЕ ПІДПРИЄМСТВО ""ПІДПРИЄМСТВО КОВЕЛЬСЬКОЇ ВИХОВНОЇ КОЛОНІЇ УПРАВЛІННЯ ДЕРЖАВНОГО ДЕПАРТАМЕНТУ УКРАЇНИ З ПИТАНЬ ВИКОНАННЯ ПОКАРАНЬ У ВОЛИНСЬКІЙ ОБЛАСТІ""","28784","ФОНД ДЕРЖАВНОГО МАЙНА УКРАЇНИ ","ДП"
"1239","ДЕРЖАВНЕ ПІДПРИЄМСТВО ""ПІДПРИЄМСТВО ДЕРЖАВНОЇ КРИМІНАЛЬНО-ВИКОНАВЧОЇ СЛУЖБИ УКРАЇНИ (№79)""","28784","ФОНД ДЕРЖАВНОГО МАЙНА УКРАЇНИ ","ДП"
"1240","ДЕРЖАВНЕ ПІДПРИЄМСТВО ""ПІДПРИЄМСТВО ДЕРЖАВНОЇ КРИМІНАЛЬНО-ВИКОНАВЧОЇ СЛУЖБИ УКРАЇНИ (№122)""","28784","ФОНД ДЕРЖАВНОГО МАЙНА УКРАЇНИ ","ДП"
"1241","ДЕРЖАВНЕ ПІДПРИЄМСТВО ""ПІДПРИЄМСТВО ДЕРЖАВНОЇ КРИМІНАЛЬНО-ВИКОНАВЧОЇ СЛУЖБИ УКРАЇНИ (№108)""","28784","ФОНД ДЕРЖАВНОГО МАЙНА УКРАЇНИ ","ДП"
"1242","ДЕРЖАВНЕ ПІДПРИЄМСТВО ""ПІДПРИЄМСТВО ДЕРЖАВНОЇ КРИМІНАЛЬНО-ВИКОНАВЧОЇ СЛУЖБИ УКРАЇНИ (№128)""","28784","ФОНД ДЕРЖАВНОГО МАЙНА УКРАЇНИ ","ДП"
"1243","ДЕРЖАВНЕ ПІДПРИЄМСТВО ""ПІДПРИЄМСТВО ДЕРЖАВНОЇ КРИМІНАЛЬНО-ВИКОНАВЧОЇ СЛУЖБИ УКРАЇНИ (№132)""","28784","ФОНД ДЕРЖАВНОГО МАЙНА УКРАЇНИ ","ДП"
"1244","ДЕРЖАВНЕ ПІДПРИЄМСТВО ""ПІДПРИЄМСТВО ДЕРЖАВНОЇ КРИМІНАЛЬНО-ВИКОНАВЧОЇ СЛУЖБИ УКРАЇНИ (№6)""","28784","ФОНД ДЕРЖАВНОГО МАЙНА УКРАЇНИ ","ДП"
"1245","ДЕРЖАВНЕ ПІДПРИЄМСТВО ""ПІДПРИЄМСТВО ДЕРЖАВНОЇ КРИМІНАЛЬНО-ВИКОНАВЧОЇ СЛУЖБИ УКРАЇНИ (№50)""","28784","ФОНД ДЕРЖАВНОГО МАЙНА УКРАЇНИ ","ДП"
"1246","ДЕРЖАВНЕ ПІДПРИЄМСТВО ""ПІДПРИЄМСТВО ДЕРЖАВНОЇ КРИМІНАЛЬНО-ВИКОНАВЧОЇ СЛУЖБИ УКРАЇНИ (№110)""","28784","ФОНД ДЕРЖАВНОГО МАЙНА УКРАЇНИ ","ДП"
"1247","ДЕРЖАВНЕ ПІДПРИЄМСТВО ""ПІДПРИЄМСТВО ДЕРЖАВНОЇ КРИМІНАЛЬНО-ВИКОНАВЧОЇ СЛУЖБИ УКРАЇНИ (№51)""","28784","ФОНД ДЕРЖАВНОГО МАЙНА УКРАЇНИ ","ДП"
"1248","ДЕРЖАВНЕ ПІДПРИЄМСТВО ""ПІДПРИЄМСТВО ДЕРЖАВНОЇ КРИМІНАЛЬНО-ВИКОНАВЧОЇ СЛУЖБИ УКРАЇНИ (№ 74)""","28784","ФОНД ДЕРЖАВНОГО МАЙНА УКРАЇНИ ","ДП"
"1249","ДЕРЖАВНЕ ПІДПРИЄМСТВО ""ПІДПРИЄМСТВО ДЕРЖАВНОЇ КРИМІНАЛЬНО-ВИКОНАВЧОЇ СЛУЖБИ УКРАЇНИ (№16)""","28784","ФОНД ДЕРЖАВНОГО МАЙНА УКРАЇНИ ","ДП"
"1250","ДЕРЖАВНЕ ПІДПРИЄМСТВО ""ПІДПРИЄМСТВО ДЕРЖАВНОЇ КРИМІНАЛЬНО-ВИКОНАВЧОЇ СЛУЖБИ УКРАЇНИ (№69)""","28784","ФОНД ДЕРЖАВНОГО МАЙНА УКРАЇНИ ","ДП"
"1251","ДЕРЖАВНЕ ПІДПРИЄМСТВО ""ПІДПРИЄМСТВО ДЕРЖАВНОЇ КРИМІНАЛЬНО-ВИКОНАВЧОЇ СЛУЖБИ УКРАЇНИ (№136)""","28784","ФОНД ДЕРЖАВНОГО МАЙНА УКРАЇНИ ","ДП"
"1252","ДЕРЖАВНЕ ПІДПРИЄМСТВО ""ПІДПРИЄМСТВО ДЕРЖАВНОЇ КРИМІНАЛЬНО-ВИКОНАВЧОЇ СЛУЖБИ УКРАЇНИ (№66)""","28784","ФОНД ДЕРЖАВНОГО МАЙНА УКРАЇНИ ","ДП"
"1253","ДЕРЖАВНЕ ПІДПРИЄМСТВО ""ПІДПРИЄМСТВО ДЕРЖАВНОЇ КРИМІНАЛЬНО-ВИКОНАВЧОЇ СЛУЖБИ УКРАЇНИ (№116)""","28784","ФОНД ДЕРЖАВНОГО МАЙНА УКРАЇНИ ","ДП"
"1254","ДЕРЖАВНЕ ПІДПРИЄМСТВО ""ПІДПРИЄМСТВО ДЕРЖАВНОЇ КРИМІНАЛЬНО-ВИКОНАВЧОЇ СЛУЖБИ УКРАЇНИ(№117)","28784","ФОНД ДЕРЖАВНОГО МАЙНА УКРАЇНИ ","ДП"
"1255","ДЕРЖАВНЕ ПІДПРИЄМСТВО ""ПІДПРИЄМСТВО ДЕРЖАВНОЇ КРИМІНАЛЬНО-ВИКОНАВЧОЇ СЛУЖБИ УКРАЇНИ (№78)""","28784","ФОНД ДЕРЖАВНОГО МАЙНА УКРАЇНИ ","ДП"
"1256","ДЕРЖАВНЕ ПІДПРИЄМСТВО ""ПІДПРИЄМСТВО ДЕРЖАВНОЇ КРИМІНАЛЬНО-ВИКОНАВЧОЇ СЛУЖБИ УКРАЇНИ (№44)""","28784","ФОНД ДЕРЖАВНОГО МАЙНА УКРАЇНИ ","ДП"
"1257","ДЕРЖАВНЕ ПІДПРИЄМСТВО ГОТЕЛЬ МІНІСТЕРСТВА ВНУТРІШНІХ СПРАВ УКРАЇНИ","28784","ФОНД ДЕРЖАВНОГО МАЙНА УКРАЇНИ ","ДП"
"1258","ДЕРЖАВНЕ НАУКОВО-ТЕХНІЧНЕ ПІДПРИЄМСТВО ""БАЗИС""","28784","ФОНД ДЕРЖАВНОГО МАЙНА УКРАЇНИ ","ДП"
"1259","ДЕРЖАВНЕ ТЕХНО-ТОРГОВЕЛЬНЕ КОМЕРЦІЙНЕ ПІДПРИЄМСТВО ""РУБІН-СЕРВІС""","28784","ФОНД ДЕРЖАВНОГО МАЙНА УКРАЇНИ ","ДП"
"1260","ДЕРЖАВНЕ НАУКОВО-ВИРОБНИЧЕ ПІДПРИЄМСТВО ""ФОТОН""","28784","ФОНД ДЕРЖАВНОГО МАЙНА УКРАЇНИ ","ДП"
"1261","ІНСТИТУТ ПРИКЛАДНОЇ ХІМІЇ МІНІСТЕРСТВА ОСВІТИ І НАУКИ УКРАЇНИ","28784","ФОНД ДЕРЖАВНОГО МАЙНА УКРАЇНИ ","ДП"
"1262","ДЕРЖАВНА НАУКОВО-ВИРОБНИЧА ФІРМА ""ПРАННА""","28784","ФОНД ДЕРЖАВНОГО МАЙНА УКРАЇНИ ","ДП"
"1263","МАЛЕ ДЕРЖАВНЕ ПРОМИСЛОВЕ ПІДПРИЄМСТВО ""ГІДРОМЕХ""","28784","ФОНД ДЕРЖАВНОГО МАЙНА УКРАЇНИ ","ДП"
"1264","ЛУГАНСЬКЕ ДОРОЖНЕ ПРОЕКТНО-ПОШУКОВЕ ДЕРЖАВНЕ ПІДПРИЄМСТВО","28784","ФОНД ДЕРЖАВНОГО МАЙНА УКРАЇНИ ","ДП"
"1265","ДЕРЖАВНЕ СПЕЦІАЛІЗОВАНЕ ПІДПРИЄМСТВО ""БАКОР""","28784","ФОНД ДЕРЖАВНОГО МАЙНА УКРАЇНИ ","ДП"
"1266","МАЛЕ ДЕРЖАВНЕ ПІДПРИЄМСТВО ""ПРОМЕТЕЙ-ЕКСПРЕС""","28784","ФОНД ДЕРЖАВНОГО МАЙНА УКРАЇНИ ","ДП"
"1267","ДЕРЖАВНЕ ПІДПРИЄМСТВО ""ЦЕНТР СЕРТИФІКАЦІЇ І КОНТРОЛЮ ЯКОСТІ БУДІВНИЦТВА ОБ'ЄКТІВ НАФТОГАЗОВОГО КОМПЛЕКСУ ДЕРЖПРАЦІ""","28784","ФОНД ДЕРЖАВНОГО МАЙНА УКРАЇНИ ","ДП"
"1268","ВПРОВАДЖУВАЛЬНЕ НАУКОВО-ВИРОБНИЧЕ ДЕРЖАВНЕ ПІДПРИЄМСТВО ""ДІВЕКОН""","28784","ФОНД ДЕРЖАВНОГО МАЙНА УКРАЇНИ ","ДП"
"1269","ДЕРЖАВНЕ ПРОЕКТНО-ВИШУКУВАЛЬНЕ ПІДПРИЄМСТВО ""УКРПРОЕКТХІМЗАХИСТ""","28784","ФОНД ДЕРЖАВНОГО МАЙНА УКРАЇНИ ","ДП"
"1270","ДЕРЖАВНЕ ПІДПРИЄМСТВО ПО МАТЕРІАЛЬНО-ТЕХНІЧНОМУ ЗАБЕЗПЕЧЕННЮ ГАЛУЗЕЙ МЕТАЛУРГІЇ УКРАЇНИ","28784","ФОНД ДЕРЖАВНОГО МАЙНА УКРАЇНИ ","ДП"
"1271","ДЕРЖАВНЕ ПІДПРИЄМСТВО ""ДЕРЖАВНИЙ ПРОЕКТНИЙ ІНСТИТУТ ПО ПРОЕКТУВАННЮ ПІДПРИЄМСТВ ГУМОВОЇ ПРОМИСЛОВОСТІ""","28784","ФОНД ДЕРЖАВНОГО МАЙНА УКРАЇНИ ","ДП"
"1272","ДЕРЖАВНЕ ПІДПРИЄМСТВО ""ПРОМЕЛЕКТРОМОНТАЖ""","28784","ФОНД ДЕРЖАВНОГО МАЙНА УКРАЇНИ ","ДП"
"1273","ДНІПРОПЕТРОВСЬКА ФІРМА ""ГІПРОВУЗ""","28784","ФОНД ДЕРЖАВНОГО МАЙНА УКРАЇНИ ","ДП"
"1274","ДЕРЖАВНЕ ПІДПРИЄМСТВО ""ДНІПРОПЕТРОВСЬКА ДЕРЖАВНА СІЛЬСЬКОГОСПОДАРСЬКА МАШИННО-ТЕХНОЛОГІЧНА СТАНЦІЯ""","28784","ФОНД ДЕРЖАВНОГО МАЙНА УКРАЇНИ ","ДП"
"1275","ДЕРЖАВНЕ ПІДПРИЄМСТВО МАГАЗИН ""АКАДЕМІЧНА КНИГА""","28784","ФОНД ДЕРЖАВНОГО МАЙНА УКРАЇНИ ","ДП"
"1276","НАУКОВО-ВИРОБНИЧЕ МАЛЕ ДЕРЖАВНЕ ПІДПРИЄМСТВО ""ОНІЛ ТО І Д""","28784","ФОНД ДЕРЖАВНОГО МАЙНА УКРАЇНИ ","ДП"
"1277","НАУКОВО-ВИРОБНИЧЕ МАЛЕ ДЕРЖАВНЕ ПІДПРИЄМСТВО ""ГРАНІ""","28784","ФОНД ДЕРЖАВНОГО МАЙНА УКРАЇНИ ","ДП"
"1278","МАЛЕ ДЕРЖАВНЕ ПІДПРИЄМСТВО ""МЕТАЛЕВІ ВОЛОКНА""","28784","ФОНД ДЕРЖАВНОГО МАЙНА УКРАЇНИ ","ДП"
"1279","ДЕРЖАВНЕ ПІДПРИЄМСТВО ""МЕХАНІЧНІ МАЙСТЕРНІ З РЕМОНТУ ГІРНИЧОРЯТУВАЛЬНОГО ОСНАЩЕННЯ ДЕРЖАВНОЇ ВОЄНІЗОВАНОЇ ГІРНИЧОРЯТУВАЛЬНОЇ СЛУЖБИ У ВУГІЛЬНІЙ ПРОМИСЛОВОСТІ""","28784","ФОНД ДЕРЖАВНОГО МАЙНА УКРАЇНИ ","ДП"
"1280","ДЕРЖАВНЕ МАЛЕ НАУКОВО-ВИРОБНИЧЕ ГЕОЕКОЛОГІЧНЕ ПІДПРИЄМСТВО ""ЕКОРТ""","28784","ФОНД ДЕРЖАВНОГО МАЙНА УКРАЇНИ ","ДП"
"1281","МАЛЕ НАУКОВО-ВИРОБНИЧЕ ДЕРЖАВНЕ ПІДПРИЄМСТВО ""ДОНТІК""","28784","ФОНД ДЕРЖАВНОГО МАЙНА УКРАЇНИ ","ДП"
"1282","ДЕРЖАВНЕ МАЛЕ ПІДПРИЄМСТВО ""ПРОГРАММА ""НАУКА"" ДОНЕЦЬКОГО НАУКОВОГО ЦЕНТРУ НАН УКРАЇНИ","28784","ФОНД ДЕРЖАВНОГО МАЙНА УКРАЇНИ ","ДП"
"1283","ДЕРЖАВНЕ ПІДПРИЄМСТВО ""ІНЖЕНЕРНО-ФІЗИЧНИЙ ЦЕНТР ДОНЕЦЬКОГО ФІЗИКО-ТЕХНІЧНОГО ІНСТИТУТУ ІМ.О.О.ГАЛКІНА НАЦІОНАЛЬНОЇ АКАДЕМІЇ НАУК УКРАЇНИ""","28784","ФОНД ДЕРЖАВНОГО МАЙНА УКРАЇНИ ","ДП"
"1284","ДЕРЖАВНЕ ПІДПРИЄМСТВО ДЕРЖАВНЕ МАЛЕ ПІДПРИЄМСТВО ""НОВАТОР""","28784","ФОНД ДЕРЖАВНОГО МАЙНА УКРАЇНИ ","ДП"
"1285","МАЛЕ НАУКОВО-ЕКСПЕРИМЕНТАЛЬНЕ ДЕРЖАВНЕ ПІДПРИЄМСТВО ""ФІЗТЕХ"" ПРИ ФІЗИКО-ТЕХНІЧНОМУ ІНСТИТУТІ","28784","ФОНД ДЕРЖАВНОГО МАЙНА УКРАЇНИ ","ДП"
"1286","ДЕРЖАВНЕ ПІДПРИЄМСТВО ""УКРАЇНСЬКИЙ НАУКОВО-ДОСЛІДНИЙ ІНСТИТУТ СКЛА""","28784","ФОНД ДЕРЖАВНОГО МАЙНА УКРАЇНИ ","ДП"
"1287","ДЕРЖАВНЕ ПІДПРИЄМСТВО СПЕЦІАЛІЗОВАНА ПЕРЕСУВНА МЕХАНІЗОВАНА КОЛОНА №542 КОРПОРАЦІЇ ""УКРАГРОПРОМБУД""","28784","ФОНД ДЕРЖАВНОГО МАЙНА УКРАЇНИ ","ДП"
"1288","ПРИКАРПАТСЬКЕ ДЕРЖАВНЕ ПІДПРИЄМСТВО ""СПЕЦГЕОЛОГОРОЗВІДКА""","28784","ФОНД ДЕРЖАВНОГО МАЙНА УКРАЇНИ ","ДП"
"1289","ДЕРЖАВНЕ ПІДПРИЄМСТВО ""ХЕЛАТЕКС""","28784","ФОНД ДЕРЖАВНОГО МАЙНА УКРАЇНИ ","ДП"
"1290","МАЛЕ ПІДПРИЄМСТВО ""ЕКОГЕОФІЗІКА""","28784","ФОНД ДЕРЖАВНОГО МАЙНА УКРАЇНИ ","ДП"
"1291","МАЛЕ ДЕРЖАВНЕ ПІДПРИЄМСТВО ""ІЗОХРОН""","28784","ФОНД ДЕРЖАВНОГО МАЙНА УКРАЇНИ ","ДП"
"1292","МАЛЕ ПІДПРИЄМСТВО ""ІНФОТЕК""","28784","ФОНД ДЕРЖАВНОГО МАЙНА УКРАЇНИ ","ДП"
"1293","ДЕРЖАВНЕ ПІДПРИЄМСТВО З ВПРОВАДЖЕННЯ ТА НАЛАГОДЖЕННЯ ЕЛЕКТРОННИХ ВИМІРЮВАНЬ ""УКРЕНЕРГОНАЛАДКАВИМІРЮВАННЯ""","28784","ФОНД ДЕРЖАВНОГО МАЙНА УКРАЇНИ ","ДП"
"1294","МАЛЕ ДЕРЖАВНЕ ВПРОВАДЖУВАЛЬНЕ ПІДПРИЄМСТВО ""ГЕФЕСТ""","28784","ФОНД ДЕРЖАВНОГО МАЙНА УКРАЇНИ ","ДП"
"1295","ДЕРЖАВНЕ ПІДПРИЄМСТВО ""УКРАРХБУДІНФОРМ""","28784","ФОНД ДЕРЖАВНОГО МАЙНА УКРАЇНИ ","ДП"
"1296","ДЕРЖАВНЕ ПІДПРИЄМСТВО ""НАУКОВО-ВИРОБНИЧИЙ ЦЕНТР ""УКРЕНЕРГОІНФОРМАТИЗАЦІЯ""","28784","ФОНД ДЕРЖАВНОГО МАЙНА УКРАЇНИ ","ДП"
"1297","ДЕРЖАВНЕ ПІДПРИЄМСТВО ""УКРАЇНСЬКИЙ НАУКОВИЙ ЦЕНТР РОЗВИТКУ ІНФОРМАЦІЙНИХ ТЕХНОЛОГІЙ""","28784","ФОНД ДЕРЖАВНОГО МАЙНА УКРАЇНИ ","ДП"
"1298","МАЛЕ ПІДПРИЄМСТВО ""ЕЛТЕР""","28784","ФОНД ДЕРЖАВНОГО МАЙНА УКРАЇНИ ","ДП"
"1299","ДЕРЖАВНЕ ПІДПРИЄМСТВО ""ДИСИТ"" НАЦІОНАЛЬНОЇ АКАДЕМІЇ НАУК УКРАЇНИ""","28784","ФОНД ДЕРЖАВНОГО МАЙНА УКРАЇНИ ","ДП"
"1300","ДЕРЖАВНЕ ПІДПРИЄМСТВО ""ДЕРЖАВНИЙ НАУКОВО-ДОСЛІДНИЙ ЦЕНТР ""ФОНОН""","28784","ФОНД ДЕРЖАВНОГО МАЙНА УКРАЇНИ ","ДП"
"1301","ДЕРЖАВНЕ НАУКОВО-ВИРОБНИЧЕ ПІДПРИЄМСТВО ""ВЕРСІЯ""","28784","ФОНД ДЕРЖАВНОГО МАЙНА УКРАЇНИ ","ДП"
"1302","ДЕРЖАВНЕ НАУКОВО-ВИРОБНИЧЕ МАЛЕ ПІДПРИЄМСТВО ""ЛАТОКС""","28784","ФОНД ДЕРЖАВНОГО МАЙНА УКРАЇНИ ","ДП"
"1303","ДЕРЖАВНЕ ПІДПРИЄМСТВО ""УКРРЕЗЕРВ""","28784","ФОНД ДЕРЖАВНОГО МАЙНА УКРАЇНИ ","ДП"
"1304","НАУКОВО-ІНЖЕНЕРНИЙ ЦЕНТР ""ОПТИМІЗАЦІЇ І АВТОМАТІЗАЦІЇ ВИРОБНИЦТВА ЗВАРНИХ ТА КОМПАЗИТНИХ КОНСТРУКЦІЙ""","28784","ФОНД ДЕРЖАВНОГО МАЙНА УКРАЇНИ ","ДП"
"1305","НАУКОВО-ВИРОБНИЧЕ МАЛЕ ПІДПРИЄМСТВО ""ГЕЛІОС""","28784","ФОНД ДЕРЖАВНОГО МАЙНА УКРАЇНИ ","ДП"
"1306","ВПРОВАДЖУВАЛЬНЕ МАЛЕ ДЕРЖАВНЕ ПІДПРИЄМСТВО СЕРВІСНО-ВПРОВАДЖУВАЛЬНИЙ ЦЕНТР ""ІНСВАР""","28784","ФОНД ДЕРЖАВНОГО МАЙНА УКРАЇНИ ","ДП"
"1307","ДЕРЖАВНЕ ПІДПРИЄМСТВО ""АГРОКОМПЛЕКТБУДДЕТАЛЬ""","28784","ФОНД ДЕРЖАВНОГО МАЙНА УКРАЇНИ ","ДП"
"1308","ДЕРЖАВНЕ ПІДПРИЄМСТВО ""ДЕРЖАВНИЙ НАУКОВО-ДОСЛІДНИЙ І ПРОЕКТНО-КОНСТРУКТОРСЬКИЙ ІНСТИТУТ ІННОВАЦІЙНИХ ТЕХНОЛОГІЙ В ЕНЕРГЕТИЦІ ТА ЕНЕРГОЗБЕРЕЖЕННІ""","28784","ФОНД ДЕРЖАВНОГО МАЙНА УКРАЇНИ ","ДП"
"1309","ДЕРЖАВНЕ НАУКОВО-ВИРОБНИЧЕ ПІДПРИЄМСТВО ""ДЕЛЬТА""","28784","ФОНД ДЕРЖАВНОГО МАЙНА УКРАЇНИ ","ДП"
"1310","ДЕРЖАВНЕ ПІДПРИЄМСТВО МАЛЕ ДЕРЖАВНЕ НАУКОВО-ВИРОБНИЧЕ ВПРОВАДЖУВАЛЬНЕ ПІДПРИЄМСТВО (ФІРМА) ""ТЕХНОЛОГІЧНІ ЗАСОБИ ДЛЯ СИСТЕМ ЗВ'ЯЗКУ ""ТЕХНОСОФТ-ЗВ'ЯЗОК""","28784","ФОНД ДЕРЖАВНОГО МАЙНА УКРАЇНИ ","ДП"
"1311","ДЕРЖАВНИЙ ЦЕНТР ІНФОРМАТИКИ ТА КОМП'ЮТЕРІЗАЦІЇ ""УКРТРАНСБУДІНФОРМАТИКА""","28784","ФОНД ДЕРЖАВНОГО МАЙНА УКРАЇНИ ","ДП"
"1312","МАЛЕ ДЕРЖАВНЕ ІННОВАЦІЙНЕ ПІДПРИЄМСТВО ""ФІРМА ІНТРАТЕХ""","28784","ФОНД ДЕРЖАВНОГО МАЙНА УКРАЇНИ ","ДП"
"1313","ДЕРЖАВНЕ ПІДПРИЄМСТВО ДЕРЖАВНИЙ МІЖГАЛУЗЕВИЙ МЕДИЧНО-ІНЖЕНЕРНИЙ НАУКОВИЙ ЦЕНТР","28784","ФОНД ДЕРЖАВНОГО МАЙНА УКРАЇНИ ","ДП"
"1314","ДЕРЖАВНЕ ПІДПРИЄМСТВО ДЕРЖАВНЕ НАУКОВО-ВИРОБНИЧЕ ПІДПРИЄМСТВО ""ТЕРМОХОЛОД""","28784","ФОНД ДЕРЖАВНОГО МАЙНА УКРАЇНИ ","ДП"
"1315","МАЛЕ ПІДПРИЄМСТВО ""ЛІТМАШ""","28784","ФОНД ДЕРЖАВНОГО МАЙНА УКРАЇНИ ","ДП"
"1316","МАЛЕ ДЕРЖАВНЕ ПІДПРИЄМСТВО ""ЕЛМА""","28784","ФОНД ДЕРЖАВНОГО МАЙНА УКРАЇНИ ","ДП"
"1317","ДЕРЖАВНЕ МАЛЕ ПІДПРИЄМСТВО ""ПОЛІМЕД""","28784","ФОНД ДЕРЖАВНОГО МАЙНА УКРАЇНИ ","ДП"
"1318","ДЕРЖАВНЕ МАЛЕ ПІДПРИЄМСТВО ""ІНСТРУМЕНТАЛЬНО-МАГНІТНІ КОМПОЗИТИ""","28784","ФОНД ДЕРЖАВНОГО МАЙНА УКРАЇНИ ","ДП"
"1319","ДЕРЖАВНЕ ПІДПРИЄМСТВО ДЕРЖАВНИЙ НАУКОВО-ДОСЛІДНИЙ ЦЕНТР ПРИКЛАДНОЇ ІНФОРМАТИКИ МІЖНАРОДНОГО НАУКОВО-НАВЧАЛЬНОГО ЦЕНТРУ ІНФОРМАЦІЙНИХ ТЕХНОЛОГІЙ ТА СИСТЕМ НАН УКРАЇНИ ТА МІНІСТЕРСТВА ОСВІТИ УКРАЇНИ","28784","ФОНД ДЕРЖАВНОГО МАЙНА УКРАЇНИ ","ДП"
"1320","МАЛЕ НАУКОВО-ВИРОБНИЧЕ ПІДПРИЄМСТВО ""ВІДРОДЖЕННЯ""","28784","ФОНД ДЕРЖАВНОГО МАЙНА УКРАЇНИ ","ДП"
"1321","ДЕРЖАВНЕ ПІДПРИЄМСТВО ""УКРАЇНСЬКИЙ ДЕРЖАВНИЙ НАУКОВО-ТЕХНІЧНИЙ І ПРОЕКТНИЙ ІНСТИТУТ ПРОМИСЛОВИХ ТЕХНОЛОГІЙ""","28784","ФОНД ДЕРЖАВНОГО МАЙНА УКРАЇНИ ","ДП"
"1322","МАЛЕ ПІДПРИЄМСТВО ""ПРОМПОБУТЕНЕРГЕТИКА""","28784","ФОНД ДЕРЖАВНОГО МАЙНА УКРАЇНИ ","ДП"
"1323","ДЕРЖАВНЕ ПІДПРИЄМСТВО ""БОРИСПІЛЬСЬКЕ ДЕРЖАВНЕ ГОСПРОЗРАХУНКОВЕ ПІДПРИЄМСТВО ""СТАРТ""","28784","ФОНД ДЕРЖАВНОГО МАЙНА УКРАЇНИ ","ДП"
"1324","ДОСЛІДНИЙ ЗАВОД ІНСТИТУТУ ПРОБЛЕМ МАТЕРІАЛОЗНАВСТВА ІМ.ФРАНЦЕВИЧА АКАДЕМІЇ НАУК УКРАЇНИ","28784","ФОНД ДЕРЖАВНОГО МАЙНА УКРАЇНИ ","ДП"
"1325","ДЕРЖАВНЕ ПІДПРИЄМСТВО ""ГАЗСІЛЬБУД""","28784","ФОНД ДЕРЖАВНОГО МАЙНА УКРАЇНИ ","ДП"
"1326","ДЕРЖАВНЕ ПІДПРИЄМСТВО ""ІНЖЕНЕРНИЙ ЦЕНТР ТВЕРДИХ СПЛАВІВ ""СВІТКЕРМЕТ""","28784","ФОНД ДЕРЖАВНОГО МАЙНА УКРАЇНИ ","ДП"
"1327","ДЕРЖАВНЕ ПІДПРИЄМСТВО КРИМСЬКИЙ НАУКОВО-ІНЖЕНЕРНИЙ ЦЕНТР","28784","ФОНД ДЕРЖАВНОГО МАЙНА УКРАЇНИ ","ДП"
"1328","НАУКОВО-ВИРОБНИЧЕ МАЛЕ ПІДПРИЄМСТВО ""НАТУРАЛІСТ""","28784","ФОНД ДЕРЖАВНОГО МАЙНА УКРАЇНИ ","ДП"
"1329","ДЕРЖАВНЕ ПІДПРИЄМСТВО ""ЛЬВІВСЬКЕ СПЕЦІАЛЬНЕ КОНСТРУКТОРСЬКЕ БЮРО ""ТОПАЗ""","28784","ФОНД ДЕРЖАВНОГО МАЙНА УКРАЇНИ ","ДП"
"1330","ДЕРЖАВНЕ МАЛЕ ПІДПРИЄМСТВО ""ГЕОФІЗИЧНЕ МОДЕЛЮВАННЯ /ГЕОМОД/""","28784","ФОНД ДЕРЖАВНОГО МАЙНА УКРАЇНИ ","ДП"
"1331","ДЕРЖАВНЕ ВИРОБНИЧЕ МАЛЕ ВПРОВАДЖУВАЛЬНЕ ПІДПРИЄМСТВО ""ОПІР""","28784","ФОНД ДЕРЖАВНОГО МАЙНА УКРАЇНИ ","ДП"
"1332","ДЕРЖАВНЕ МАЛЕ ПІДПРИЄМСТВО ""ЛЕСТА""","28784","ФОНД ДЕРЖАВНОГО МАЙНА УКРАЇНИ ","ДП"
"1333","МАЛЕ НАУКОВО-ВИРОБНИЧЕ ДЕРЖАВНЕ ПІДПРИЄМСТВО ""ТЕРМОІМПУЛЬС""","28784","ФОНД ДЕРЖАВНОГО МАЙНА УКРАЇНИ ","ДП"
"1334","ДЕРЖАВНЕ ПІДПРИЄМСТВО ""УКРАЇНСЬКИЙ РЕГІОНАЛЬНИЙ СПЕЦІАЛІЗОВАНИЙ НАУКОВО-РЕСТАВРАЦІЙНИЙ ІНСТИТУТ ""УКРЗАХІДПРОЕКТРЕСТАВРАЦІЯ""","28784","ФОНД ДЕРЖАВНОГО МАЙНА УКРАЇНИ ","ДП"
"1335","ДЕРЖАВНЕ МАЛЕ ПІДПРИЄМСТВО ""МІКРОС""","28784","ФОНД ДЕРЖАВНОГО МАЙНА УКРАЇНИ ","ДП"
"1336","ДЕРЖАВНЕ ПІДПРИЄМСТВО ""УКРАЇНСЬКИЙ МЕТРОЛОГІЧНИЙ НАУКОВО-ВПРОВАДЖУВАЛЬНИЙ ЦЕНТР ""ЗЕРНОПРИЛАД""","28784","ФОНД ДЕРЖАВНОГО МАЙНА УКРАЇНИ ","ДП"
"1337","МАЛЕ ДЕРЖАВНЕ ПІДПРИЄМСТВО ""ФАКТОР""","28784","ФОНД ДЕРЖАВНОГО МАЙНА УКРАЇНИ ","ДП"
"1338","ДЕРЖАВНЕ ПІДПРИЄМСТВО РЕМОНТНО-БУДІВЕЛЬНА ДІЛЬНИЦЯ ""АГРОС""","28784","ФОНД ДЕРЖАВНОГО МАЙНА УКРАЇНИ ","ДП"
"1339","ДЕРЖАВНЕ ПІДПРИЄМСТВО ""ОДЕСЬКИЙ НАУКОВО-ДОСЛІДНИЙ ІНСТИТУТ ТЕЛЕВІЗІЙНОЇ ТЕХНІКИ""","28784","ФОНД ДЕРЖАВНОГО МАЙНА УКРАЇНИ ","ДП"
"1340","МАЛЕ ДЕРЖАВНЕ ПІДПРИЄМСТВО ""ЗЕВС""","28784","ФОНД ДЕРЖАВНОГО МАЙНА УКРАЇНИ ","ДП"
"1341","МАЛЕ ДЕРЖАВНЕ ПІДПРИЄМСТВО ""ІНЕКО""","28784","ФОНД ДЕРЖАВНОГО МАЙНА УКРАЇНИ ","ДП"
"1342","ДЕРЖАВНЕ БАГАТОПРОФІЛЬНЕ ПІДПРИЄМСТВО ""УРОЖАЙ""","28784","ФОНД ДЕРЖАВНОГО МАЙНА УКРАЇНИ ","ДП"
"1343","НАУКОВО-ТЕХНІЧНИЙ ЦЕНТР ""ЕЛКОМ""","28784","ФОНД ДЕРЖАВНОГО МАЙНА УКРАЇНИ ","ДП"
"1344","ДЕРЖАВНЕ ПІДПРИЄМСТВО ""ОПТИМУМ""","28784","ФОНД ДЕРЖАВНОГО МАЙНА УКРАЇНИ ","ДП"
"1345","ДЕРЖАВНЕ НАУКОВО-ТЕХНІЧНЕ ПІДПРИЄМСТВО ""БУРОВА ТЕХНІКА""","28784","ФОНД ДЕРЖАВНОГО МАЙНА УКРАЇНИ ","ДП"
"1346","ДЕРЖАВНЕ МАЛЕ ПІДПРИЄМСТВО ""ВОДОЗАБІР""","28784","ФОНД ДЕРЖАВНОГО МАЙНА УКРАЇНИ ","ДП"
"1347","ДЕРЖАВНЕ ПІДПРИЄМСТВО ""ПРОМИСЛОВИЙ ЦЕНТР ІНТЕЛЕКТУАЛЬНОЇ ВЛАСНОСТІ""","28784","ФОНД ДЕРЖАВНОГО МАЙНА УКРАЇНИ ","ДП"
"1348","ДЕРЖАВНЕ МАЛЕ ПІДПРИЄМСТВО ""ТЕРНОЦВІТ""","28784","ФОНД ДЕРЖАВНОГО МАЙНА УКРАЇНИ ","ДП"
"1349","ДЕРЖАВНЕ НАУКОВО-ВИРОБНИЧЕ ПІДПРИЄМСТВО ФІРМА ""ПОЛІМЕРСЕРВІСМАШ""","28784","ФОНД ДЕРЖАВНОГО МАЙНА УКРАЇНИ ","ДП"
"1350","ДЕРЖАВНЕ ПІДПРИЄМСТВО ТЕРНОПІЛЬСЬКЕ ДЕРЖАВНЕ АВІАЦІЙНЕ ПІДПРИЄМСТВО ""УНІВЕРСАЛ-АВІА""","28784","ФОНД ДЕРЖАВНОГО МАЙНА УКРАЇНИ ","ДП"
"1351","ДЕРЖАВНЕ ПІДПРИЄМСТВО ""ЧОРТКІВСЬКИЙ КОМБІНАТ ШКІЛЬНИХ ТА СТУДЕНСЬКИХ ЇДАЛЕНЬ ""","28784","ФОНД ДЕРЖАВНОГО МАЙНА УКРАЇНИ ","ДП"
"1352","ДЕРЖАВНЕ КОМЕРЦІЙНЕ ПІДПРИЄМСТВО ""ТЕРНОПІЛЬСЬКЕ ЕКСПЕРИМЕНТАЛЬНЕ ПРОТЕЗНО-ОРТОПЕДИЧНЕ ПІДПРИЄМСТВО""","28784","ФОНД ДЕРЖАВНОГО МАЙНА УКРАЇНИ ","ДП"
"1353","МАЛЕ ДЕРЖАВНЕ ПІДПРИЄМСТВО ""ІНСТИТУТ ПРОБЛЕМ УПРАВЛІННЯ НАЦІОНАЛЬНОЇ АКАДЕМІЇ НАУК УКРАЇНИ""","28784","ФОНД ДЕРЖАВНОГО МАЙНА УКРАЇНИ ","ДП"
"1354","НАУКОВО-ВИРОБНИЧА ФІРМА ""ОРТ""","28784","ФОНД ДЕРЖАВНОГО МАЙНА УКРАЇНИ ","ДП"
"1355","МАЛЕ ПІДПРИЄМСТВО ""УКРАЇНСЬКЕ ПІДПРИЄМСТВО НИЗЬКОТЕМПЕРЕТУРНОГО КОНСЕРВУВАННЯ БІОЛОГІЧНИХ СИСТЕМ ""","28784","ФОНД ДЕРЖАВНОГО МАЙНА УКРАЇНИ ","ДП"
"1356","ДЕРЖАВНЕ КОНСТРУКТОРСЬКЕ БЮРО ПРИЛАДОБУДУВАННЯ З ДОСЛІДНИМ ВИРОБНИЦТВОМ","28784","ФОНД ДЕРЖАВНОГО МАЙНА УКРАЇНИ ","ДП"
"1357","МАЛЕ ДЕРЖАВНЕ ПІДПРИЄМСТВО ""ХАРКІВКОМУНЕКОЛОГІЯ""","28784","ФОНД ДЕРЖАВНОГО МАЙНА УКРАЇНИ ","ДП"
"1358","ДЕРЖАВНЕ НАУКОВО-ВИРОБНИЧЕ ПІДПРИЄМСТВО ПІВНІЧНО-СХІДНОГО НАУКОВОГО ЦЕНТРУ НАЦІОНАЛЬНОЇ АКАДЕМІЇ НАУК УКРАЇНИ ""ЕКОМ""","28784","ФОНД ДЕРЖАВНОГО МАЙНА УКРАЇНИ ","ДП"
"1359","МАЛЕ ДЕРЖАВНЕ ПІДПРИЄМСТВО ХАРКІВСЬКИЙ ПОЛІТЕХНІЧНИЙ ІНСТИТУТ -СИСТЕМИ УПРАВЛІННЯ ТА АВТОМАТИЧНОГО РЕГУЛЮВАННЯ""","28784","ФОНД ДЕРЖАВНОГО МАЙНА УКРАЇНИ ","ДП"
"1360","ХАРКІВСЬКЕ ДЕРЖАВНЕ ДОСЛІДНЕ ПРОТЕЗНЕ ПІДПРИЄМСТВО","28784","ФОНД ДЕРЖАВНОГО МАЙНА УКРАЇНИ ","ДП"
"1361","МАЛЕ ДЕРЖАВНЕ ПІДПРИЄМСТВО ""ТУРБИНИСТ ХПІ""","28784","ФОНД ДЕРЖАВНОГО МАЙНА УКРАЇНИ ","ДП"
"1362","ДЕРЖАВНЕ НАУКОВО-ВИРОБНИЧЕ ПІДПРИЄМСТВО ""МЕТЕНЕРГОМАШ""","28784","ФОНД ДЕРЖАВНОГО МАЙНА УКРАЇНИ ","ДП"
"1363","МАЛЕ ДЕРЖАВНЕ ПІДПРИЄМСТВО ""ХПІ-ЕМОС""","28784","ФОНД ДЕРЖАВНОГО МАЙНА УКРАЇНИ ","ДП"
"1364","ЧЕРВОНООСКІЛЬСЬКЕ ДЕРЖАВНЕ ВИРОБНИЧЕ СІЛЬСЬКОГОСПОДАРСЬКО-РИБОВОДНЕ ПІДПРИЄМСТВО","28784","ФОНД ДЕРЖАВНОГО МАЙНА УКРАЇНИ ","ДП"
"1365","МАЛЕ ПІДПРИЄМСТВО ""ХЕРСОНСЬКІ ЕЛЕКТРОННІ НАПІВПРОВІДНИКОВІ ПРИЛАДИ ІНФОРМАТИКИ""","28784","ФОНД ДЕРЖАВНОГО МАЙНА УКРАЇНИ ","ДП"
"1366","ДЕРЖАВНЕ ПІДПРИЄМСТВО ДЕРЖАВНА ЗОВНІШНЬОТОРГІВЕЛЬНА ФІРМА ""ХЕРСОНСУДНОІМПЕКС""","28784","ФОНД ДЕРЖАВНОГО МАЙНА УКРАЇНИ ","ДП"
"1367","ДЕРЖАВНЕ ПІДПРИЄМСТВО ""ДЕРЖАВНЕ НАУКОВО-ВИРОБНИЧЕ ПІДПРИЄМСТВО ""ВИНКОНСЕРВПРОЕКТ""","28784","ФОНД ДЕРЖАВНОГО МАЙНА УКРАЇНИ ","ДП"
"1368","ДЕРЖАВНЕ ПІДПРИЄМСТВО ""ХМЕЛЬНИЦЬКЕ""","28784","ФОНД ДЕРЖАВНОГО МАЙНА УКРАЇНИ ","ДП"
"1369","МАЛЕ НАУКОВО-ВИРОБНИЧЕ ОБ'ЄДНАННЯ ""ДОМЕН""","28784","ФОНД ДЕРЖАВНОГО МАЙНА УКРАЇНИ ","ДП"
"1370","ДЕРЖАВНЕ ПІДПРИЄМСТВО ""УМАНСЬКИЙ ЛІКЕРО-ГОРІЛЧАНИЙ ЗАВОД""","28784","ФОНД ДЕРЖАВНОГО МАЙНА УКРАЇНИ ","ДП"
"1371","ДЕРЖАВНЕ ПІДПРИЄМСТВО ЦЕНТР ОБСЛУГОВУВАННЯ НАУКОВОЇ ТА ІНЖЕНЕРНОЇ ПРАЦІ","28784","ФОНД ДЕРЖАВНОГО МАЙНА УКРАЇНИ ","ДП"
"1372","МАЛЕ ДЕРЖАВНЕ ПІДПРИЄМСТВО ""ІНСПЕКЦІЯ ТА ДІАГНОСТИКА ПРОМИСЛОВИХ СПОРУД""","28784","ФОНД ДЕРЖАВНОГО МАЙНА УКРАЇНИ ","ДП"
"1373","МАЛЕ ВИРОБНИЧО-ВПРОВАДЖУВАЛЬНЕ ПІДПРИЄМСТВО ""МЕКОЛ""","28784","ФОНД ДЕРЖАВНОГО МАЙНА УКРАЇНИ ","ДП"
"1374","ДЕРЖАВНЕ ВПРОВАДЖУВАЛЬНЕ ПІДПРИЄМСТВО ""ЕКОТЕХНОЛОГІЯ""","28784","ФОНД ДЕРЖАВНОГО МАЙНА УКРАЇНИ ","ДП"
"1375","ДЕРЖАВНЕ НАУКОВО-ВИРОБНИЧЕ ПІДПРИЄМСТВО ""СИМВОЛ""","28784","ФОНД ДЕРЖАВНОГО МАЙНА УКРАЇНИ ","ДП"
"1376","МАЛЕ ДЕРЖАВНЕ ПІДПРИЄМСТВО ""ПРЕС""","28784","ФОНД ДЕРЖАВНОГО МАЙНА УКРАЇНИ ","ДП"
"1377","ДЕРЖАВНЕ ПІДПРИЄМСТВО ""ГОТЕЛЬ ""КОЗАЦЬКИЙ""","28784","ФОНД ДЕРЖАВНОГО МАЙНА УКРАЇНИ ","ДП"
"1378","ВІЙСЬКОВЕ СІЛЬСЬКОГОСПОДАРСЬКЕ ПІДПРИЄМСТВО ""ЗЕМЛЯ І ВОЛЯ"" МІНІСТЕРСТВА ОБОРОНИ УКРАЇНИ","28784","ФОНД ДЕРЖАВНОГО МАЙНА УКРАЇНИ ","ДП"
"1379","ДЕРЖАВНЕ ПІДПРИЄМСТВО ""ГВАРДІЙСЬКЕ ""","28784","ФОНД ДЕРЖАВНОГО МАЙНА УКРАЇНИ ","ДП"
"1380","ДЕРЖАВНЕ ПІДПРИЄМСТВО ""ДОСЛІДНО-КОНСТРУКТОРСЬКЕ БЮРО ""ПОЛУМ'Я""","28784","ФОНД ДЕРЖАВНОГО МАЙНА УКРАЇНИ ","ДП"
"1381","ДЕРЖАВНЕ ПІДПРИЄМСТВО ""ПІВДЕННИЙ ДЕРЖАВНИЙ ПРОЕКТНО-КОНСТРУКТОРСЬКИЙ ТА НАУКОВО-ДОСЛІДНИЙ ІНСТИТУТ АВІАЦІЙНОЇ ПРОМИСЛОВОСТІ""","28784","ФОНД ДЕРЖАВНОГО МАЙНА УКРАЇНИ ","ДП"
"1382","ДЕРЖАВНЕ ПІДПРИЄМСТВО ""ВИПРОБУВАЛЬНИЙ ЦЕНТР ""ОМЕГА""","28784","ФОНД ДЕРЖАВНОГО МАЙНА УКРАЇНИ ","ДП"
"1383","ДЕРЖАВНЕ ПІДПРИЄМСТВО ""ТЯЧІВСЬКИЙ ЗАВОД ""ЗЕНІТ""","28784","ФОНД ДЕРЖАВНОГО МАЙНА УКРАЇНИ ","ДП"
"1384","ДЕРЖАВНЕ ПІДПРИЄМСТВО ""ВИРОБНИЧЕ ОБ'ЄДНАННЯ ""КИЇВСЬКИЙ РАДІОЗАВОД""","28784","ФОНД ДЕРЖАВНОГО МАЙНА УКРАЇНИ ","ДП"
"1385","ДЕРЖАВНЕ ПІДПРИЄМСТВО ""ХАРКІВСЬКИЙ ЗАВОД ЕЛЕКТРОАПАРАТУРИ""","28784","ФОНД ДЕРЖАВНОГО МАЙНА УКРАЇНИ ","ДП"
"1386","ДЕРЖАВНЕ ПІДПРИЄМСТВО ""УДВП ІЗОТОП""","28784","ФОНД ДЕРЖАВНОГО МАЙНА УКРАЇНИ ","ДП"
"1387","ДЕРЖАВНЕ ПІДПРИЄМСТВО УКРАЇНСЬКИЙ РАДІОТЕХНІЧНИЙ ІНСТИТУТ","28784","ФОНД ДЕРЖАВНОГО МАЙНА УКРАЇНИ ","ДП"
"1388","ДЕРЖАВНЕ ПІДПРИЄМСТВО ""ВИПРОБУВАЛЬНИЙ ЦЕНТР ""АРІФ""","28784","ФОНД ДЕРЖАВНОГО МАЙНА УКРАЇНИ ","ДП"
"1389","ДЕРЖАВНИЙ НАУКОВО-ДОСЛІДНИЙ ЦЕНТР НАДПРОВІДНИКОВОЇ РАДІОЕЛЕКТРОНІКИ ""АЙСБЕРГ""","28784","ФОНД ДЕРЖАВНОГО МАЙНА УКРАЇНИ ","ДП"
"1390","ДЕРЖАВНЕ ПІДПРИЄМСТВО ""НАУКОВО-ДОСЛІДНИЙ ІНСТИТУТ ""АКОРД""","28784","ФОНД ДЕРЖАВНОГО МАЙНА УКРАЇНИ ","ДП"
"1391","ДЕРЖАВНЕ ПІДПРИЄМСТВО ЦЕНТРАЛЬНЕ КОНСТРУКТОРСЬКЕ БЮРО ""ІЗУМРУД""","28784","ФОНД ДЕРЖАВНОГО МАЙНА УКРАЇНИ ","ДП"
"1392","ДЕРЖАВНЕ ПІДПРИЄМСТВО ""СПЕЦІАЛЬНЕ КОНСТРУКТОРСЬКЕ БЮРО ""МОЛНІЯ""","28784","ФОНД ДЕРЖАВНОГО МАЙНА УКРАЇНИ ","ДП"
"1393","ДЕРЖАВНЕ ПІДПРИЄМСТВО ""ВИРОБНИЧЕ ОБ'ЄДНАННЯ ""КИЇВПРИЛАД""","28784","ФОНД ДЕРЖАВНОГО МАЙНА УКРАЇНИ ","ДП"
"1394","ДЕРЖАВНЕ ПІДПРИЄМСТВО ""ХАРКІВСЬКИЙ ЗАВОД ТРАНСПОРТНОГО УСТАТКУВАННЯ""","28784","ФОНД ДЕРЖАВНОГО МАЙНА УКРАЇНИ ","ДП"
"1395","ДЕРЖАВНЕ ПІДПРИЄМСТВО НАУКОВО-ДОСЛІДНИЙ І ПРОЕКТНИЙ ІНСТИТУТ ""СОЮЗ""","28784","ФОНД ДЕРЖАВНОГО МАЙНА УКРАЇНИ ","ДП"
"1396","ДЕРЖАВНЕ ПІДПРИЄМСТВО ""КИЇВСЬКИЙ НАУКОВО-ДОСЛІДНИЙ ІНСТИТУТ ГІДРОПРИЛАДІВ""","28784","ФОНД ДЕРЖАВНОГО МАЙНА УКРАЇНИ ","ДП"
"1397","ДЕРЖАВНЕ ПІДПРИЄМСТВО ""УКРАЇНСЬКИЙ НАУКОВО-ДОСЛІДНИЙ ТА ПРОЕКТНО-РОЗВІДУВАЛЬНИЙ ІНСТИТУТ ПРОМИСЛОВОЇ ТЕХНОЛОГІЇ""","28784","ФОНД ДЕРЖАВНОГО МАЙНА УКРАЇНИ ","ДП"
"1398","ДЕРЖАВНЕ ПІДПРИЄМСТВО ""НАУКОВО-ДОСЛІДНИЙ ІНСТИТУТ ""ОРІОН""","28784","ФОНД ДЕРЖАВНОГО МАЙНА УКРАЇНИ ","ДП"
"1399","ДЕРЖАВНЕ ПІДПРИЄМСТВО ""ЗАКАРПАТСЬКЕ ВЕРТОЛІТНЕ ВИРОБНИЧЕ ОБ'ЄДНАННЯ""","28784","ФОНД ДЕРЖАВНОГО МАЙНА УКРАЇНИ ","ДП"
"1400","ДЕРЖАВНЕ ПІДПРИЄМСТВО ""ГОРЛІВСЬКИЙ ХІМІЧНИЙ ЗАВОД""","28784","ФОНД ДЕРЖАВНОГО МАЙНА УКРАЇНИ ","ДП"
"1401","ДЕРЖАВНЕ ПІДПРИЄМСТВО ""ВИРОБНИЧЕ ОБ'ЄДНАННЯ ""ЗНАМЯ""","28784","ФОНД ДЕРЖАВНОГО МАЙНА УКРАЇНИ ","ДП"
"1402","ДЕРЖАВНЕ ПІДПРИЄМСТВО ТЕХНІКО-ТОРГІВЕЛЬНИЙ ЦЕНТР ""ЕЛЕКТРОНІКА""","28784","ФОНД ДЕРЖАВНОГО МАЙНА УКРАЇНИ ","ДП"
"1403","ДЕРЖАВНЕ ПІДПРИЄМСТВО ""ХАРКІВСЬКИЙ НАУКОВО-ДОСЛІДНИЙ ІНСТИТУТ ТЕХНОЛОГІЇ МАШИНОБУДУВАННЯ""","28784","ФОНД ДЕРЖАВНОГО МАЙНА УКРАЇНИ ","ДП"
"1404","ДЕРЖАВНЕ ЛЬОТНО-ВИПРОБУВАЛЬНЕ ПІДПРИЄМСТВО ""ВЗЛІТ""","28784","ФОНД ДЕРЖАВНОГО МАЙНА УКРАЇНИ ","ДП"
"1405","ДЕРЖАВНЕ ПІДПРИЄМСТВО ФІРМА ""ТВОРЧІСТЬ""","28784","ФОНД ДЕРЖАВНОГО МАЙНА УКРАЇНИ ","ДП"
"1406","ДЕРЖАВНЕ ПІДПРИЄМСТВО ""ЛЬВІВСЬКИЙ НАУКОВО-ДОСЛІДНИЙ РАДІОТЕХНІЧНИЙ ІНСТИТУТ""","28784","ФОНД ДЕРЖАВНОГО МАЙНА УКРАЇНИ ","ДП"
"1407","ДЕРЖАВНЕ ПІДПРИЄМСТВО ""ДЕРЖАВНИЙ ПРОЕКТНИЙ ІНСТИТУТ ""ДІПРОВЕРФ""","28784","ФОНД ДЕРЖАВНОГО МАЙНА УКРАЇНИ ","ДП"
"1408","ДЕРЖАВНЕ ПІДПРИЄМСТВО НАУКОВО-ВИРОБНИЧЕ ОБ'ЄДНАННЯ ""ШТОРМ""","28784","ФОНД ДЕРЖАВНОГО МАЙНА УКРАЇНИ ","ДП"
"1409","МАЛЕ ДЕРЖАВНЕ ПІДПРИЄМСТВО ""САТЕЛІТ""","28784","ФОНД ДЕРЖАВНОГО МАЙНА УКРАЇНИ ","ДП"
"1410","ДЕРЖАВНЕ ПІДПРИЄМСТВО СЕРВІСНО-ВИРОБНИЧИЙ ТЕХНО-ТОРГІВЕЛЬНИЙ ЦЕНТР КОМЕРЦІЙНИЙ ""ЛОРТА-СЕРВІС""","28784","ФОНД ДЕРЖАВНОГО МАЙНА УКРАЇНИ ","ДП"
"1411","ДЕРЖАВНЕ ВИРОБНИЧЕ ОБ'ЄДНАННЯ ""ПОЛЯРОН""","28784","ФОНД ДЕРЖАВНОГО МАЙНА УКРАЇНИ ","ДП"
"1412","ДЕРЖАВНЕ ПІДПРИЄМСТВО ОСОБЛИВЕ КОНСТРУКТОРСЬКЕ БЮРО МАШИНОБУДУВАННЯ ""МОДУЛЬ""","28784","ФОНД ДЕРЖАВНОГО МАЙНА УКРАЇНИ ","ДП"
"1413","ДЕРЖАВНЕ ПІДПРИЄМСТВО ""КИЇВСЬКИЙ ДЕРЖАВНИЙ ЗАВОД ""БУРЕВІСНИК""","28784","ФОНД ДЕРЖАВНОГО МАЙНА УКРАЇНИ ","ДП"
"1414","ДЕРЖАВНЕ ПІДПРИЄМСТВО ""ЕЛЕКТРОНМАШ""","28784","ФОНД ДЕРЖАВНОГО МАЙНА УКРАЇНИ ","ДП"
"1415","ЦЕНТРАЛЬНЕ НАУКОВО-КОНСТРУКТОРСЬКЕ БЮРО ОБЧИСЛЮВАЛЬНОЇ ТЕХНІКИ","28784","ФОНД ДЕРЖАВНОГО МАЙНА УКРАЇНИ ","ДП"
"1416","ДЕРЖАВНЕ ПІДПРИЄМСТВО ЦЕНТР ПРИКЛАДНОГО МАГНЕТИЗМУ","28784","ФОНД ДЕРЖАВНОГО МАЙНА УКРАЇНИ ","ДП"
"1417","ДЕРЖАВНЕ ПІДПРИЄМСТВО ""ЦЕНТРАЛЬНЕ КОНСТРУКТОРСЬКЕ БЮРО МАШИНОБУДУВАННЯ ""ДОНЕЦЬ""","28784","ФОНД ДЕРЖАВНОГО МАЙНА УКРАЇНИ ","ДП"
"1418","""НАУКОВО-ДОСЛІДНИЙ ТЕХНОЛОГІЧНИЙ ІНСТИТУТ ФУНКЦІОНАЛЬНОЇ МІКРОЕЛЕКТРОНІКИ"" НТК ""ІНСТИТУТ МОНОКРИСТАЛІВ"" НАН УКРАЇНИ""","28784","ФОНД ДЕРЖАВНОГО МАЙНА УКРАЇНИ ","ДП"
"1419","БІЛОПІЛЬСЬКИЙ ЗАВОД ""ФАКЕЛ""","28784","ФОНД ДЕРЖАВНОГО МАЙНА УКРАЇНИ ","ДП"
"1420","ДЕРЖАВНЕ ПІДПРИЄМСТВО НАУКОВО-ДОСЛІДНИЙ ІНСТИТУТ ""БУРАН""","28784","ФОНД ДЕРЖАВНОГО МАЙНА УКРАЇНИ ","ДП"
"1421","МАЛЕ ДЕРЖАВНЕ ПІДПРИЄМСТВО УЧБОВИЙ НАУКОВО-ВИРОБНИЧИЙ ЦЕНТР ""ПЕРСПЕКТИВА""","28784","ФОНД ДЕРЖАВНОГО МАЙНА УКРАЇНИ ","ДП"
"1422","ДЕРЖАВНЕ ПІДПРИЄМСТВО ""СЕРТИФІКАЦІЙНИЙ ВИПРОБУВАЛЬНИЙ ЦЕНТР ОПАЛЮВАЛЬНОГО ОБЛАДНАННЯ""","28784","ФОНД ДЕРЖАВНОГО МАЙНА УКРАЇНИ ","ДП"
"1423","ХАРЦИЗЬКИЙ ДЕРЖАВНИЙ МАШИНОБУДІВНИЙ ЗАВОД","28784","ФОНД ДЕРЖАВНОГО МАЙНА УКРАЇНИ ","ДП"
"1424","ДЕРЖАВНЕ ПІДПРИЄМСТВО ""РЕМОНТНО-БУДІВЕЛЬНЕ УПРАВЛІННЯ МІНІСТЕРСТВА ВНУТРІШНІХ СПРАВ УКРАЇНИ""","28784","ФОНД ДЕРЖАВНОГО МАЙНА УКРАЇНИ ","ДП"
"1425","ДЕРЖАВНА СУДНОПЛАВНА КОМПАНІЯ ""КЕРЧЕНСЬКА ПАРОМНА ПЕРЕПРАВА""","28784","ФОНД ДЕРЖАВНОГО МАЙНА УКРАЇНИ ","ДП"
"1426","ДЕРЖАВНЕ ПІДПРИЄМСТВО ""ТАКТ""","28784","ФОНД ДЕРЖАВНОГО МАЙНА УКРАЇНИ ","ДП"
"1427","МАЛЕ ДЕРЖАВНЕ ПІДПРИЄМСТВО ""КУЛЬТСАНТЕХНІК""","28784","ФОНД ДЕРЖАВНОГО МАЙНА УКРАЇНИ ","ДП"
"1428","МАЛЕ ДЕРЖАВНЕ ПІДПРИЄМСТВО ""АКВАЕК""","28784","ФОНД ДЕРЖАВНОГО МАЙНА УКРАЇНИ ","ДП"
"1429","МАЛЕ ПІДПРИЄМСТВО ""ЕКСПЛОМАТ""","28784","ФОНД ДЕРЖАВНОГО МАЙНА УКРАЇНИ ","ДП"
"1430","НАУКОВО-ТЕХНІЧНЕ МАЛЕ ПІДПРИЄМСТВО ""БАКОМ""","28784","ФОНД ДЕРЖАВНОГО МАЙНА УКРАЇНИ ","ДП"
"1431","ДЕРЖАВНЕ ВИРОБНИЧЕ ПІДПРИЄМСТВО ""СКІФ""","28784","ФОНД ДЕРЖАВНОГО МАЙНА УКРАЇНИ ","ДП"
"1432","МАЛЕ ДЕРЖАВНЕ ПІДПРИЄМСТВО ""ТАРАС""","28784","ФОНД ДЕРЖАВНОГО МАЙНА УКРАЇНИ ","ДП"
"1433","КИЇВСЬКЕ ВПРОВАДЖУВАЛЬНЕ НАУКОВО-ВИРОБНИЧЕ МАЛЕ ПІДПРИЄМСТВО ""КОММАТ""","28784","ФОНД ДЕРЖАВНОГО МАЙНА УКРАЇНИ ","ДП"
"1434","ДЕРЖАВНЕ ПІДПРИЄМСТВО ""КИЇВСЬКИЙ ДЕРЖАВНИЙ НАУКОВО-ДОСЛІДНИЙ ІНСТИТУТ ТЕКСТИЛЬНО-ГАЛАНТЕРЕЙНОЇ ПРОМИСЛОВОСТІ""","28784","ФОНД ДЕРЖАВНОГО МАЙНА УКРАЇНИ ","ДП"
"1435","НАУКОВО-ВИРОБНИЧЕ ДЕРЖАВНЕ ПІДПРИЄМСТВО ""ПЛАЗМА""","28784","ФОНД ДЕРЖАВНОГО МАЙНА УКРАЇНИ ","ДП"
"1436","МАЛЕ НАУКОВО-ТЕХНІЧНЕ ПІДПРИЄМСТВО ""ХІМТЕХМАШ""","28784","ФОНД ДЕРЖАВНОГО МАЙНА УКРАЇНИ ","ДП"
"1437","МАЛЕ НАУКОВО-ВИРОБНИЧЕ ДЕРЖАВНЕ ПІДПРИЄМСТВО ""МАГНЕТИК-СУПЕР""","28784","ФОНД ДЕРЖАВНОГО МАЙНА УКРАЇНИ ","ДП"
"1438","ДЕРЖАВНЕ ПІДПРИЄМСТВО ""ДОСЛІДНЕ ГОСПОДАРСТВО ""ЗАТИШНЕ"" МИРОНІВСЬКОГО ІНСТИТУТУ ПШЕНИЦІ ІМЕНІ В.М. РЕМЕСЛА НАЦІОНАЛЬНОЇ АКАДЕМІЇ АГРАРНИХ НАУК УКРАЇНИ""","28784","ФОНД ДЕРЖАВНОГО МАЙНА УКРАЇНИ ","ДП"
"1439","ДЕРЖАВНЕ ПІДПРИЄМСТВО ""ЕКОІНФОРМ""","28784","ФОНД ДЕРЖАВНОГО МАЙНА УКРАЇНИ ","ДП"
"1440","ДЕРЖАВНЕ НАУКОВО-ВПРОВАДЖУВАЛЬНЕ ПІДПРИЄМСТВО ""АРГУС""","28784","ФОНД ДЕРЖАВНОГО МАЙНА УКРАЇНИ ","ДП"
"1441","ДЕРЖАВНЕ ПІДПРИЄМСТВО ""АКАДЕМПРОЕКТ"" НАЦІОНАЛЬНОЇ АКАДЕМІЇ НАУК УКРАЇНИ","28784","ФОНД ДЕРЖАВНОГО МАЙНА УКРАЇНИ ","ДП"
"1442","ДЕРЖАВНЕ НАУКОВО-ВИРОБНИЧЕ ПІДПРИЄМСТВО ""КІТАС""","28784","ФОНД ДЕРЖАВНОГО МАЙНА УКРАЇНИ ","ДП"
"1443","ДЕРЖАВНЕ НАУКОВО-ВПРОВАДЖУВАЛЬНЕ ВИРОБНИЧЕ ПІДПРИЄМСТВО ""ІНЕСТРО""","28784","ФОНД ДЕРЖАВНОГО МАЙНА УКРАЇНИ ","ДП"
"1444","ДЕРЖАВНЕ ПІДПРИЄМСТВО ""УКРАЇНСЬКИЙ НАУКОВО-ДОСЛІДНИЙ ІНСТИТУТ СПЕЦІАЛЬНИХ БУДІВЕЛЬНИХ РОБІТ""","28784","ФОНД ДЕРЖАВНОГО МАЙНА УКРАЇНИ ","ДП"
"1445","ДЕРЖАВНЕ НАУКОВО-ВИРОБНИЧЕ ПІДПРИЄМСТВО ""РІКАС""","28784","ФОНД ДЕРЖАВНОГО МАЙНА УКРАЇНИ ","ДП"
"1446","ДЕРЖАВНЕ ЗОВНІШНЬОЕКОНОМІЧНЕ ПІДПРИЄМСТВО ""СЛАВУТИЧ-СТАЛЬ""","28784","ФОНД ДЕРЖАВНОГО МАЙНА УКРАЇНИ ","ДП"
"1447","ДЕРЖАВНЕ ПІДПРИЄМСТВО ""ІНФОРМСЕРВІС"" - ЦЕНТР МІЖГАЛУЗЕВОГО СПЕЦІАЛЬНОГО ЗВ'ЯЗКУ","28784","ФОНД ДЕРЖАВНОГО МАЙНА УКРАЇНИ ","ДП"
"1448","ДЕРЖАВНЕ ПІДПРИЄМСТВО ""ПРОЕКТНИЙ ІНСТИТУТ ""ПРОМЗЕРНОПРОЕКТ""","28784","ФОНД ДЕРЖАВНОГО МАЙНА УКРАЇНИ ","ДП"
"1449","НАУКОВО-ІНЖЕНЕРНИЙ ЦЕНТР ДОСЛІДЖЕННЯ ТА ВИРОБНИЦТВА ЗВАРНИХ КОНСТРУКЦІЙ ІНСТИТУТУ ЕЛЕКТРОЗВАРЮВАННЯ ІМ. Є.О.ПАТОНА НАЦІОНАЛЬНОЇ АКАДЕМІЇ НАУК УКРАЇНИ","28784","ФОНД ДЕРЖАВНОГО МАЙНА УКРАЇНИ ","ДП"
"1450","МАЛЕ ДЕРЖАВНЕ ПІДПРИЄМСТВО ""ФОБРІН""","28784","ФОНД ДЕРЖАВНОГО МАЙНА УКРАЇНИ ","ДП"
"1451","ДЕРЖАВНЕ ПІДПРИЄМСТВО ""НАВЧАЛЬНО-КОНСУЛЬТАЦІЙНИЙ ЦЕНТР ПО ТУРИЗМУ""","28784","ФОНД ДЕРЖАВНОГО МАЙНА УКРАЇНИ ","ДП"
"1452","ДЕРЖАВНЕ МАЛЕ НАУКОВО-ВИРОБНИЧЕ ПІДПРИЄМСТВО ""КОЛО"" КИЇВСЬКОГО НАЦІОНАЛЬНОГО УНІВЕРСИТЕТУ БУДІВНИЦТВА І АРХІТЕКТУРИ","28784","ФОНД ДЕРЖАВНОГО МАЙНА УКРАЇНИ ","ДП"
"1453","ДЕРЖАВНЕ ПІДПРИЄМСТВО ""ЕКОТЕРМ"" ІНСТИТУТУ ТЕХНІЧНОЇ ТЕПЛОФІЗИКИ НАЦІОНАЛЬНОЇ АКАДЕМІЇ НАУК УКРАЇНИ","28784","ФОНД ДЕРЖАВНОГО МАЙНА УКРАЇНИ ","ДП"
"1454","ДЕРЖАВНЕ ПІДПРИЄМСТВО ""НАУКОВО-ВИРОБНИЧЕ ПІДПРИЄМСТВО ""ПЛОДВИНКОНСЕРВ""","28784","ФОНД ДЕРЖАВНОГО МАЙНА УКРАЇНИ ","ДП"
"1455","ДЕРЖАВНЕ ПІДПРИЄМСТВО ""НАУКОВО-ТЕХНОЛОГІЧНИЙ ЦЕНТР ВИКОРИСТАННЯ ПРИРОДНИХ РЕСУРСІВ ШЕЛЬФУ"" НАЦІОНАЛЬНОЇ АКАДЕМІЇ НАУК УКРАЇНИ","28784","ФОНД ДЕРЖАВНОГО МАЙНА УКРАЇНИ ","ДП"
"1456","ВИРОБНИЧЕ КОНСТРУКТОРСЬКЕ-ТЕХНОЛОГІЧНЕ ПІДПРИЄМСТВО ""РЕМТЕХНОЛОГІЯ""","28784","ФОНД ДЕРЖАВНОГО МАЙНА УКРАЇНИ ","ДП"
"1457","ДЕРЖАВНЕ ПІДПРИЄМСТВО НАУКОВО-ВИРОБНИЧИЙ ВИПРОБУВАЛЬНИЙ ЦЕНТР ""АЙ - ПЕТРІ""","28784","ФОНД ДЕРЖАВНОГО МАЙНА УКРАЇНИ ","ДП"
"1458","ДЕРЖАВНЕ СПЕЦІАЛЬНЕ КОНСТРУКТОРСЬКЕ БЮРО УЧБОВО-ТРЕНУВАЛЬНОЇ ТЕХНІКИ","28784","ФОНД ДЕРЖАВНОГО МАЙНА УКРАЇНИ ","ДП"
"1459","НАУКОВО-ДОСЛІДНИЙ ЦЕНТР ""АКСО"" ПРИ ІНСТИТУТІ ФІЗИОЛОГІЇ РОСЛИН АН УКРАЇНИ","28784","ФОНД ДЕРЖАВНОГО МАЙНА УКРАЇНИ ","ДП"
"1460","ДЕРЖАВНЕ ПІДПРИЄМСТВО ГРОМАДСЬКОГО ХАРЧУВАННЯ","28784","ФОНД ДЕРЖАВНОГО МАЙНА УКРАЇНИ ","ДП"
"1461","ДЕРЖАВНЕ ПІДПРИЄМСТВО ""НАУКОВО-ТЕХНІЧНИЙ ЦЕНТР НОВІТНІХ ТЕХНОЛОГІЙ НАЦІОНАЛЬНОЇ АКАДЕМІЇ НАУК УКРАЇНИ""","28784","ФОНД ДЕРЖАВНОГО МАЙНА УКРАЇНИ ","ДП"
"1462","ДЕРЖАВНЕ ПІДПРИЄМСТВО СЕВАСТОПОЛЬСЬКИЙ ЦЕНТР ПІВДЕННОГО НАУКОВО-ДОСЛІДНОГО ІНСТИТУТУ МОРСЬКОГО РИБНОГО ГОСПОДАРСТВА ТА ОКЕАНОГРАФІЇ-СЕВАСТОПОЛЬСЬКИЙ НАУКОВИЙ ТЕХНІКО-ТЕХНОЛОГІЧНИЙ ІНСТИТУТ","28784","ФОНД ДЕРЖАВНОГО МАЙНА УКРАЇНИ ","ДП"
"1463","ДЕРЖАВНЕ ПІДПРИЄМСТВО ""НАУКОВО-ДОСЛІДНИЙ МЕДИКО-ІНЖЕНЕРНИЙ ЦЕНТР НЕМЕДИКАМЕНТОЗНОГО ОЗДОРОВЛЕННЯ,РЕАБІЛІТАЦІЇ ТА ТЕРАПІЇ ""НОРТ"" ПРИ ІНСТИТУТІ ЕКСПЕРИМЕНТАЛЬНОЇ ПАТОЛОГІЇ","28784","ФОНД ДЕРЖАВНОГО МАЙНА УКРАЇНИ ","ДП"
"1464","МАЛЕ ДЕРЖАВНЕ ПІДПРИЄМСТВО ""БІСАН""","28784","ФОНД ДЕРЖАВНОГО МАЙНА УКРАЇНИ ","ДП"
"1465","ДЕРЖАВНЕ ПІДПРИЄМСТВО КИЇВСЬКЕ ПРОЕКТНО-КОНСТРУКТОРСЬКЕ ТЕХНОЛОГІЧНЕ БЮРО ""ПРОМЗАЛІЗТРАНС""","28784","ФОНД ДЕРЖАВНОГО МАЙНА УКРАЇНИ ","ДП"
"1466","ДЕРЖАВНЕ ПІДПРИЄМСТВО ""НАУКОВО-ТЕХНІЧНИЙ ЦЕНТР ""ПЛАЗМОТРОН"" ІНСТИТУТУ ЕЛЕКТРОЗВАРЮВАННЯ ІМ. Є. О. ПАТОНА НАЦІОНАЛЬНОЇ АКАДЕМІЇ НАУК УКРАЇНИ""","28784","ФОНД ДЕРЖАВНОГО МАЙНА УКРАЇНИ ","ДП"
"1467","МАЛЕ ДЕРЖАВНЕ ПІДПРИЄМСТВО ""ПРОМБУДМАТЕРІАЛИ""","28784","ФОНД ДЕРЖАВНОГО МАЙНА УКРАЇНИ ","ДП"
"1468","КИЇВСЬКЕ ДЕРЖАВНЕ ПІДПРИЄМСТВО ГЕОДЕЗІЇ, КАРТОГРАФІЇ, КАДАСТРОВИХ ТА ГЕОІНФОРМАЦІЙНИХ СИСТЕМ ""КИЇВГЕОІНФОРМАТИКА""","28784","ФОНД ДЕРЖАВНОГО МАЙНА УКРАЇНИ ","ДП"
"1469","ЕКСПЕРИМЕНТАЛЬНЕ ПІДПРИЄМСТВО ТРЕНАЖЕРНИХ ТА НАВЧАЛЬНИХ СИСТЕМ ""ЕПТНС""","28784","ФОНД ДЕРЖАВНОГО МАЙНА УКРАЇНИ ","ДП"
"1470","ДЕРЖАВНЕ ПІДПРИЄМСТВО ""НАУКОВО-ТЕХНІЧНИЙ ЦЕНТР ДЕЗАКТИВАЦІЇ ТА КОМПЛЕКСНОГО ПОВОДЖЕННЯ З РАДІОАКТИВНИМИ ВІДХОДАМИ, РЕЧОВИНАМИ, ДЖЕРЕЛАМИ ІОНІЗУЮЧОГО ВИПРОМІНЮВАННЯ""","28784","ФОНД ДЕРЖАВНОГО МАЙНА УКРАЇНИ ","ДП"
"1471","ДНІПРОПЕТРОВСЬКЕ ДЕРЖАВНЕ БЮРО СПЕЦІАЛІЗОВАНОГО ЗОВНІШНЬОЕКОНОМІЧНОГО ПІДПРИЄМСТВА ""УКРТЕРМІНАЛКОМПЛЕКС""","28784","ФОНД ДЕРЖАВНОГО МАЙНА УКРАЇНИ ","ДП"
"1472","ДЕРЖАВНЕ ПІДПРИЄМСТВО ""ЛАБОРАТОРІЯ ВЕЛИКОМАСШТАБНИХ ГІДРАВЛІЧНИХ І ГЕОТЕХНІЧНИХ ДОСЛІДЖЕНЬ""","28784","ФОНД ДЕРЖАВНОГО МАЙНА УКРАЇНИ ","ДП"
"1473","МАЛЕ ДЕРЖАВНЕ ПІДПРИЄМСТВО ""ТЕПЛОТЕХНІК""","28784","ФОНД ДЕРЖАВНОГО МАЙНА УКРАЇНИ ","ДП"
"1474","МАЛЕ ДЕРЖАВНЕ ПІДПРИЄМСТВО КРИВОРІЗЬКА ФІЛІЯ ВИЩОЇ ШКОЛИ ПІДПРИЄМНИЦТВА","28784","ФОНД ДЕРЖАВНОГО МАЙНА УКРАЇНИ ","ДП"
"1475","ДЕРЖАВНЕ ПІДПРИЄМСТВО ""НАУКОВО-ТЕХНІЧНИЙ ЦЕНТР ""КОМПОЗИТ""","28784","ФОНД ДЕРЖАВНОГО МАЙНА УКРАЇНИ ","ДП"
"1476","ДЕРЖАВНЕ ПІДПРИЄМСТВО ""СПЕЦСЕРВІС""","28784","ФОНД ДЕРЖАВНОГО МАЙНА УКРАЇНИ ","ДП"
"1477","МІЖНАРОДНИЙ НАУКОВИЙ ЦЕНТР ТЕХНОЛОГІЇ ПРОГРАМУВАННЯ ""ТЕХНОСОФТ""","28784","ФОНД ДЕРЖАВНОГО МАЙНА УКРАЇНИ ","ДП"
"1478","ДЕРЖАВНЕ НАУКОВО-ТЕХНІЧНЕ МАЛЕ ПІДПРИЄМСТВО ""ЕОС""","28784","ФОНД ДЕРЖАВНОГО МАЙНА УКРАЇНИ ","ДП"
"1479","ДЕРЖАВНЕ ПІДПРИЄМСТВО ПОЛІМЕРНИХ ВИРОБІВ ""МЕДВИРОБ""","28784","ФОНД ДЕРЖАВНОГО МАЙНА УКРАЇНИ ","ДП"
"1480","ДЕРЖАВНЕ ПІДПРИЄМСТВО ""ХЛІБНА БАЗА №74"" ДЕРЖАВНОГО АГЕНТСТВА РЕЗЕРВУ УКРАЇНИ","28784","ФОНД ДЕРЖАВНОГО МАЙНА УКРАЇНИ ","ДП"
"1481","ДЕРЖАВНЕ ПІДПРИЄМСТВО ""МИКОЛАЇВСЬКИЙ НАУКОВО-ДОСЛІДНИЙ ТА ПРОЕКТНИЙ ІНСТИТУТ ЗЕМЛЕУСТРОЮ""","28784","ФОНД ДЕРЖАВНОГО МАЙНА УКРАЇНИ ","ДП"
"1482","ДЕРЖАВНЕ ПІДПРИЄМСТВО ЛЬВІВСЬКЕ ВІДДІЛЕННЯ ДЖЕРЕЛ СТРУМУ ІНСТИТУТУ ПРОБЛЕМ МАТЕРІАЛОЗНАВСТВА ІМ ФРАНЦЕВИЧА АН УКРАЇНИ","28784","ФОНД ДЕРЖАВНОГО МАЙНА УКРАЇНИ ","ДП"
"1483","ДЕРЖАВНЕ ПІДПРИЄМСТВО САНАТОРІЙ ""СМЕРІЧКА""","28784","ФОНД ДЕРЖАВНОГО МАЙНА УКРАЇНИ ","ДП"
"1484","ДЕРЖАВНЕ ПІДПРИЄМСТВО ""ІНСТИТУТ МАШИН І СИСТЕМ""","28784","ФОНД ДЕРЖАВНОГО МАЙНА УКРАЇНИ ","ДП"
"1485","МАЛЕ ДЕРЖАВНЕ ТОРГІВЕЛЬНО-ВИРОБНИЧЕ ПІДПРИЄМСТВО ""ХІМІК""","28784","ФОНД ДЕРЖАВНОГО МАЙНА УКРАЇНИ ","ДП"
"1486","ДЕРЖАВНА ВИРОБНИЧА ФІРМА ""ДОБРОПІЛЛЯШАХТОБУД""","28784","ФОНД ДЕРЖАВНОГО МАЙНА УКРАЇНИ ","ДП"
"1487","МАЛЕ ДЕРЖАВНЕ ПІДПРИЄМСТВО ""МОНОЛІТ""","28784","ФОНД ДЕРЖАВНОГО МАЙНА УКРАЇНИ ","ДП"
"1488","ДЕРЖАВНЕ ПІДПРИЄМСТВО ""ЦЕНТР ДЛЯ УЧАСНИКІВ ЛІКВІДАЦІЇ НАСЛІДКІВ АВАРІЇ НА ЧОРНОБИЛЬСЬКІЙ АЕС ІМ. В.Т. ГУЦА""","28784","ФОНД ДЕРЖАВНОГО МАЙНА УКРАЇНИ ","ДП"
"1489","ДЕРЖАВНЕ ПІДПРИЄМСТВО ""ЕКСПЕРИМЕНТАЛЬНА БАЗА ""ОЛЕКСАНДРІЯ"" НАЦІОНАЛЬНОГО НАУКОВОГО ЦЕНТРУ ""ІНСТИТУТ МЕХАНІЗАЦІЇ ТА ЕЛЕКТРИФІКАЦІЇ СІЛЬСЬКОГО ГОСПОДАРСТВА""","28784","ФОНД ДЕРЖАВНОГО МАЙНА УКРАЇНИ ","ДП"
"1490","ДЕРЖАВНЕ ПІДПРИЄМСТВО ""ОРГАН З СЕРТИФІКАЦІЇ УКРНДІМЕТ-СЕРТ""","28784","ФОНД ДЕРЖАВНОГО МАЙНА УКРАЇНИ ","ДП"
"1491","ДЕРЖАВНЕ ПІДПРИЄМСТВО ""ЦИРКОВИЙ ТВОРЧИЙ КОЛЕКТИВ ""ЗІРКИ УКРАЇНИ""","28784","ФОНД ДЕРЖАВНОГО МАЙНА УКРАЇНИ ","ДП"
"1492","ЗОВНІШНЬОЕКОНОМІЧНЕ ДЕРЖАВНЕ ПІДПРИЄМСТВО ""УКРЗОВНІШПРОМ""","28784","ФОНД ДЕРЖАВНОГО МАЙНА УКРАЇНИ ","ДП"
"1493","ДЕРЖАВНЕ ПІДПРИЄМСТВО ""УКРАЇНСЬКІ АВІАЦІЙНІ ПАЛИВНО-МАСТИЛЬНІ МАТЕРІАЛИ""","28784","ФОНД ДЕРЖАВНОГО МАЙНА УКРАЇНИ ","ДП"
"1494","ДЕРЖАВНЕ ПІДПРИЄМСТВО ""ДЕРЖАВНИЙ ІНФОРМАЦІЙНО-АНАЛІТИЧНИЙ ЦЕНТР МОНІТОРИНГУ ЗОВНІШНІХ ТОВАРНИХ РИНКІВ""","28784","ФОНД ДЕРЖАВНОГО МАЙНА УКРАЇНИ ","ДП"
"1495","ДЕРЖАВНЕ ПІДПРИЄМСТВО ""БІОЛОГІЧНІ РЕСУРСИ УКРАЇНИ""","28784","ФОНД ДЕРЖАВНОГО МАЙНА УКРАЇНИ ","ДП"
"1496","ДЕРЖАВНЕ ПІДПРИЄМСТВО З ПИТАНЬ ПОВОДЖЕННЯ З ВІДХОДАМИ ЯК ВТОРИННОЮ СИРОВИНОЮ","28784","ФОНД ДЕРЖАВНОГО МАЙНА УКРАЇНИ ","ДП"
"1497","ДЕРЖАВНЕ ПІДПРИЄМСТВО ""ГОСПРОЗРАХУНКОВЕ ПРОЕКТНО-ВИРОБНИЧЕ АРХІТЕКТУРНО-ПЛАНУВАЛЬНЕ БЮРО ПРИ АРХІТЕКТОРІ ВІННИЦЬКОГО РАЙОНУ""","28784","ФОНД ДЕРЖАВНОГО МАЙНА УКРАЇНИ ","ДП"
"1498","ГОСПРОЗРАХУНКОВЕ ДЕРЖАВНЕ ПІДПРИЄМСТВО ДОСЛІДНО-ЕКСПЕРЕМЕНТАЛЬНЕ ВИРОБНИЦТВО ""ПРИЛАД"" ПРИ СХІДНОУКРАЇНСЬКОМУ ДЕРЖАВНОМУ УНІВЕРСІТЕТІ","28784","ФОНД ДЕРЖАВНОГО МАЙНА УКРАЇНИ ","ДП"
"1499","ДЕРЖАВНЕ ПІДПРИЄМСТВО ""УКРДОНБАСЕКОЛОГІЯ""","28784","ФОНД ДЕРЖАВНОГО МАЙНА УКРАЇНИ ","ДП"
"1500","ДЕРЖАВНЕ ГОСПРОЗРАХУНКОВЕ ПІДПРИЄМСТВО ""ЛУГАНСЬКОБЛАВТОКОНТРОЛЬСЕРВІС""","28784","ФОНД ДЕРЖАВНОГО МАЙНА УКРАЇНИ ","ДП"
"1501","ДЕРЖАВНЕ ПІДПРИЄМСТВО ФІРМА ""ГКР""","28784","ФОНД ДЕРЖАВНОГО МАЙНА УКРАЇНИ ","ДП"
"1502","ДЕРЖАВНЕ ПІДПРИЄМСТВО ""ХЛІБНА БАЗА № 73""","28784","ФОНД ДЕРЖАВНОГО МАЙНА УКРАЇНИ ","ДП"
"1503","ДЕРЖАВНЕ ПІДПРИЄМСТВО ""УКРКОЛЬОРПРОМ""","28784","ФОНД ДЕРЖАВНОГО МАЙНА УКРАЇНИ ","ДП"
"1504","ДЕРЖАВНЕ ПІДПРИЄМСТВО ГРОМАДСЬКОГО ХАРЧУВАННЯ ""МЕТАЛ""","28784","ФОНД ДЕРЖАВНОГО МАЙНА УКРАЇНИ ","ДП"
"1505","ДЕРЖАВНЕ ПІДПРИЄМСТВО ""ТВЕЛ""","28784","ФОНД ДЕРЖАВНОГО МАЙНА УКРАЇНИ ","ДП"
"1506","ДЕРЖАВНЕ ПІДПРИЄМСТВО ""КРИВОРІЗЬКИЙ МАГАЗИН ""МЕДТЕХНІКА""","28784","ФОНД ДЕРЖАВНОГО МАЙНА УКРАЇНИ ","ДП"
"1507","ДЕРЖАВНЕ ПІДПРИЄМСТВО ВІДОМЧОЇ ОХРАНИ ""ЗАСЛІН""","28784","ФОНД ДЕРЖАВНОГО МАЙНА УКРАЇНИ ","ДП"
"1508","ДЕРЖАВНЕ ПІДПРИЄМСТВО ДЕРЖАВНИЙ НАУКОВО-ДОСЛІДНИЙ І ВПРОВАДЖУВАЛЬНИЙ ЦЕНТР СТАНДАРТИЗАЦІЇ ТА СЕРТИФІКАЦІЇ ПРОДУКЦІЇ ГІРНИЧОРУДНОЇ ПРОМИСЛОВОСТІ (ЦЕНТР СТАНДАРТРУДСЕПРО)","28784","ФОНД ДЕРЖАВНОГО МАЙНА УКРАЇНИ ","ДП"
"1509","ТОРГОВЕЛЬНО-ПРОМИСЛОВЕ ПІДПРИЄМСТВО ДНІПРОПЕТРОВСЬКОГО НАЦІОНАЛЬНОГО УНІВЕРСИТЕТУ","28784","ФОНД ДЕРЖАВНОГО МАЙНА УКРАЇНИ ","ДП"
"1510","ДЕРЖАВНИЙ ПРОФЕСІЙНО-ТЕХНІЧНИЙ НАВЧАЛЬНИЙ ЗАКЛАД ""ДЕРЖАВНИЙ ДНІПРОПЕТРОВСЬКИЙ НАВЧАЛЬНИЙ ЦЕНТР ""ДНІПРОАГРОТЕХСЕРВІС""","28784","ФОНД ДЕРЖАВНОГО МАЙНА УКРАЇНИ ","ДП"
"1511","ДЕРЖАВНЕ ПІДПРИЄМСТВО ""СНІЖНЯНСЬКИЙ КОМБІНАТ ХАРЧУВАННЯ ТА ТОРГІВЛІ""","28784","ФОНД ДЕРЖАВНОГО МАЙНА УКРАЇНИ ","ДП"
"1512","ДЕРЖАВНЕ РЕМОНТНО-БУДІВЕЛЬНЕ ПІДПРИЄМСТВО ""СЛОВ'ЯНСЬКХІМРЕМОНТ""","28784","ФОНД ДЕРЖАВНОГО МАЙНА УКРАЇНИ ","ДП"
"1513","ДЕРЖАВНЕ ПІДПРИЄМСТВО ""ДЕРЖАВНИЙ ОРГАН З СЕРТИФІКАЦІЇ ПРОДУКЦІЇ, СИСТЕМ УПРАВЛІННЯ ЯКІСТЮ І ДОВКІЛЛЯМ ""ДОНСЕРТ""","28784","ФОНД ДЕРЖАВНОГО МАЙНА УКРАЇНИ ","ДП"
"1514","ДЕРЖАВНЕ ПІДПРИЄМСТВО ""ШАХТА ""РІЧНА""","28784","ФОНД ДЕРЖАВНОГО МАЙНА УКРАЇНИ ","ДП"
"1515","ДЕРЖАВНЕ ПІДПРИЄМСТВО ""ДОНЕЦЬКА ДИРЕКЦІЯ БУДІВНИЦТВА МЕТРОПОЛІТЕНУ""","28784","ФОНД ДЕРЖАВНОГО МАЙНА УКРАЇНИ ","ДП"
"1516","ДЕРЖАВНЕ ПІДПРИЄМСТВО ""ДОНЕЦЬКИЙ ЦЕНТР ЗАХИСТУ ПРАВ СПОЖИВАЧІВ""","28784","ФОНД ДЕРЖАВНОГО МАЙНА УКРАЇНИ ","ДП"
"1517","ДЕРЖАВНЕ ПІДПРИЄМСТВО ""ДОНЕЦЬКЕ ОБЛАСНЕ ВЕТЕРИНАРНО-САНІТАРНЕ ПІДПРИЄМСТВО""","28784","ФОНД ДЕРЖАВНОГО МАЙНА УКРАЇНИ ","ДП"
"1518","УЖГОРОДСЬКИЙ ВІДДІЛ КОМПЛЕКСНОГО ПРОЕКТУВАННЯ УКРАЇНСЬКОГО ДЕРЖАВНОГО ІНСТИТУТУ ПО ПРОЕКТУВАННЮ САДІВ ТА ВИНОГРАДНИКІВ ""УКРДІПРОСАД"" МІНІСТЕРСТВА АГРАРНОЇ ПОЛІТИКИ УКРАЇН","28784","ФОНД ДЕРЖАВНОГО МАЙНА УКРАЇНИ ","ДП"
"1519","ДЕРЖАВНЕ ПІДПРИЄМСТВО ""ДЕРЖАВНЕ СПЕЦІАЛІЗОВАНЕ РЕМОНТНО-БУДІВЕЛЬНЕ ТА МОНТАЖНО-НАЛАГОДЖУВАЛЬНЕ УПРАВЛІННЯ ""ЗАПОРІЖЖЯКОМУНЕКОЛОГІЯ""","28784","ФОНД ДЕРЖАВНОГО МАЙНА УКРАЇНИ ","ДП"
"1520","ДЕРЖАВНЕ ПІДПРИЄМСТВО ""КАРПАТСЬКИЙ ЕКСПЕРТНО-ТЕХНІЧНИЙ ЦЕНТР ДЕРЖПРАЦІ""","28784","ФОНД ДЕРЖАВНОГО МАЙНА УКРАЇНИ ","ДП"
"1521","ІВАНО-ФРАНКІВСЬКИЙ УЧБОВО-КУРСОВИЙ ПУНКТ КОРПОРАЦІЇ ""УКРАГРОПРОМБУД""","28784","ФОНД ДЕРЖАВНОГО МАЙНА УКРАЇНИ ","ДП"
"1522","ДЕРЖАВНЕ ПІДПРИЄМСТВО ""КАРПАТСЬКЕ ПІДПРИЄМСТВО ГЕОДЕЗІЇ, КАРТОГРАФІЇ ТА КАДАСТРУ""","28784","ФОНД ДЕРЖАВНОГО МАЙНА УКРАЇНИ ","ДП"
"1523","ДЕРЖАВНЕ ПІДПРИЄМСТВО БОРИСПІЛЬСЬКЕ ПІДПРИЄМСТВО МАГІСТРАЛЬНИХ НАФТОПРОДУКТОПРОВОДІВ","28784","ФОНД ДЕРЖАВНОГО МАЙНА УКРАЇНИ ","ДП"
"1524","ДЕРЖАВНЕ ПІДПРИЄМСТВО ""БОРИСПІЛЬСЬКЕ""","28784","ФОНД ДЕРЖАВНОГО МАЙНА УКРАЇНИ ","ДП"
"1525","ДЕРЖАВНЕ ПІДПРИЄМСТВО ""РАДГОСП ""МАЙДАНІВСЬКИЙ""","28784","ФОНД ДЕРЖАВНОГО МАЙНА УКРАЇНИ ","ДП"
"1526","ДЕРЖАВНИЙ НАУКОВО-ВИРОБНИЧИЙ ЦЕНТР АЕРОКОСМІЧНОЇ ІНФОРМАЦІЇ,ДИСТАНЦІЙНОГО ЗОНДУВАННЯ ЗЕМЛІ ТА МОНІТОРИНГУ НАВКОЛИШНЬОГО СЕРЕДОВИЩА ""ПРИРОДА""","28784","ФОНД ДЕРЖАВНОГО МАЙНА УКРАЇНИ ","ДП"
"1527","ДЕРЖАВНЕ ПІДПРИЄМСТВО ""ДНІПРОВИБУХПРОМ""","28784","ФОНД ДЕРЖАВНОГО МАЙНА УКРАЇНИ ","ДП"
"1528","ДЕРЖАВНЕ ПІДПРИЄМСТВО ""СІЛЬСЬКОГОСПОДАРСЬКЕ ПІДПРИЄМСТВО ""ПРОГРЕС""","28784","ФОНД ДЕРЖАВНОГО МАЙНА УКРАЇНИ ","ДП"
"1529","КИЇВСЬКЕ ОБЛАСНЕ ДЕРЖАВНЕ ВЕТЕРИНАРНО-САНІТАРНЕ ПІДПРИЄМСТВО","28784","ФОНД ДЕРЖАВНОГО МАЙНА УКРАЇНИ ","ДП"
"1530","ДЕРЖАВНЕ ПІДПРИЄМСТВО ПАНСІОНАТ ""ДРУЖБА""","28784","ФОНД ДЕРЖАВНОГО МАЙНА УКРАЇНИ ","ДП"
"1531","ДЕРЖАВНЕ ПІДПРИЄМСТВО ""СЛУЖБА КАПІТАНА МОРСЬКОГО РИБНОГО ПОРТУ""","28784","ФОНД ДЕРЖАВНОГО МАЙНА УКРАЇНИ ","ДП"
"1532","ДЕРЖАВНЕ ПІДПРИЄМСТВО ""СЕВАСТОПОЛЬСЬКИЙ МОРСЬКИЙ РИБНИЙ ПОРТ""","28784","ФОНД ДЕРЖАВНОГО МАЙНА УКРАЇНИ ","ДП"
"1533","ДЕРЖАВНЕ ПІДПРИЄМСТВО ""ДОСЛІДНЕ ГОСПОДАРСТВО ""ДЖАНКОЙСЬКИЙ ІНТРОДУКЦІЙНО-КАРАНТИННИЙ РОЗСАДНИК"" НІКІТСЬКОГО БОТАНІЧНОГО САДУ-НАЦІОНАЛЬНОГО НАУКОВОГО ЦЕНТРУ""","28784","ФОНД ДЕРЖАВНОГО МАЙНА УКРАЇНИ ","ДП"
"1534","ДЕРЖАВНЕ ПІДПРИЄМСТВО ""АГРОПРОМБУД"" КОРПОРАЦІЇ ""УКРАГРОПРОМБУД""","28784","ФОНД ДЕРЖАВНОГО МАЙНА УКРАЇНИ ","ДП"
"1535","ДЕРЖАВНЕ ПІДПРИЄМСТВО ""ДОСЛІДНЕ ГОСПОДАРСТВО ""ОБРОШИНЕ"" ІНСТИТУТУ СІЛЬСЬКОГО ГОСПОДАРСТВА КАРПАТСЬКОГО РЕГІОНУ НАЦІОНАЛЬНОЇ АКАДЕМІЇ АГРАРНИХ НАУК УКРАЇНИ""","28784","ФОНД ДЕРЖАВНОГО МАЙНА УКРАЇНИ ","ДП"
"1536","ДЕРЖАВНЕ ПІДПРИЄМСТВО ""ДОСЛІДНЕ ГОСПОДАРСТВО ""МИКЛАШІВ"" ІНСТИТУТУ СІЛЬСЬКОГО ГОСПОДАРСТВА КАРПАТСЬКОГО РЕГІОНУ НАЦІОНАЛЬНОЇ АКАДЕМІЇ АГРАРНИХ НАУК УКРАЇНИ""","28784","ФОНД ДЕРЖАВНОГО МАЙНА УКРАЇНИ ","ДП"
"1537","ДЕРЖАВНЕ ПІДПРИЄМСТВО ""ЗАХІДНИЙ ЕКСПЕРТНО-ТЕХНІЧНИЙ ЦЕНТР ДЕРЖПРАЦІ""","28784","ФОНД ДЕРЖАВНОГО МАЙНА УКРАЇНИ ","ДП"
"1538","ЛЬВІВСЬКЕ ДЕРЖАВНЕ ПІДПРИЄМСТВО ""ОПТОВО-РОЗДРІБНИЙ МАГАЗИН ""МЕДТЕХНІКА № 1""","28784","ФОНД ДЕРЖАВНОГО МАЙНА УКРАЇНИ ","ДП"
"1539","ДИРЕКЦІЯ БУДІВНИЦТВА ДЕРЖАВНОГО ЛЬОНОКОМБІНАТУ М.САМБОРА","28784","ФОНД ДЕРЖАВНОГО МАЙНА УКРАЇНИ ","ДП"
"1540","ДЕРЖАВНЕ ПІДПРИЄМСТВО ""МИКОЛАЇВСЬКИЙ ЦЕНТР ЗАХИСТУ ПРАВ СПОЖИВАЧІВ""","28784","ФОНД ДЕРЖАВНОГО МАЙНА УКРАЇНИ ","ДП"
"1541","ДЕРЖАВНЕ ПІДПРИЄМСТВО ""ПЕРВОМАЙСЬКИЙ ДЕРЖАВНИЙ НАУКОВО-ІНЖЕНЕРНИЙ ЦЕНТР З ПРОБЛЕМ РЕСУРСОЗБЕРЕЖЕННЯ ТА ЕНЕРГОЗБЕРЕЖЕННЯ""","28784","ФОНД ДЕРЖАВНОГО МАЙНА УКРАЇНИ ","ДП"
"1542","ДЕРЖАВНЕ ПІДПРИЄМСТВО ""ХЛІБНА БАЗА № 76""","28784","ФОНД ДЕРЖАВНОГО МАЙНА УКРАЇНИ ","ДП"
"1543","ДЕРЖАВНЕ ПІДПРИЄМСТВО ""ХЛІБНА БАЗА №77""","28784","ФОНД ДЕРЖАВНОГО МАЙНА УКРАЇНИ ","ДП"
"1544","ДЕРЖАВНЕ ПІДПРИЄМСТВО ДЕРЖАВНА СУДНОПЛАВНА КОМПАНІЯ ""УКРТАНКЕР""","28784","ФОНД ДЕРЖАВНОГО МАЙНА УКРАЇНИ ","ДП"
"1545","ДЕРЖАВНЕ ПІДПРИЄМСТВО ""ОДЕСЬКЕ ДЕРЖАВНЕ КОНСТРУКТОРСЬКЕ БЮРО КІНОУСТАТКУВАННЯ""","28784","ФОНД ДЕРЖАВНОГО МАЙНА УКРАЇНИ ","ДП"
"1546","ДЕРЖАВНЕ ПІДПРИЄМСТВО ""ОДЕСЬКИЙ ЦЕНТР ЗАХИСТУ ПРАВ СПОЖИВАЧІВ""","28784","ФОНД ДЕРЖАВНОГО МАЙНА УКРАЇНИ ","ДП"
"1547","ДЕРЖАВНЕ ПІДПРИЄМСТВО ""ДЕРЖАВНИЙ ІНСТИТУТ ПО ПРОЕКТУВАННЮ ПІДПРИЄМСТВ М'ЯСНОЇ ТА МОЛОЧНОЇ ПРОМИСЛОВОСТІ ""ПОЛТАВАДІПРОМ'ЯСОМОЛПРОМ""","28784","ФОНД ДЕРЖАВНОГО МАЙНА УКРАЇНИ ","ДП"
"1548","ГОСПРОЗРАХУНКОВЕ ПРОЕКТНО-ВИРОБНИЧЕ АРХІТЕКТУРНО-ПЛАНУВАЛЬНЕ БЮРО ПРИ ВІДДІЛІ МІСТОБУДУВАННЯ АРХІТЕКТУРИ ТА ЖИТЛОВО-КОМУНАЛЬНОГО ГОСПОДАРСТВА ШОСТКИНСЬКОЇ РАЙОННОЇ ДЕРЖАВНОЇ АДМІНІСТРАЦІЇ","28784","ФОНД ДЕРЖАВНОГО МАЙНА УКРАЇНИ ","ДП"
"1549","ДЕРЖАВНЕ ПІДПРИЄМСТВО ЗАХІДНИЙ ДЕРЖАВНИЙ РЕГІОНАЛЬНИЙ НАУКОВО-ВИРОБНИЧИЙ СЕЛЕКЦІЙНО-ТЕХНОЛОГІЧНИЙ ЦЕНТР ПО КОНЯРСТВУ","28784","ФОНД ДЕРЖАВНОГО МАЙНА УКРАЇНИ ","ДП"
"1550","ХАРКІВСЬКЕ ОБЛАСНЕ ВИРОБНИЧЕ ПІДПРИЄМСТВО ПО ДОРОЩУВАННЮ, ЗАГОТІВЛІ І РЕАЛІЗАЦІЇ ПЛЕМЕННИХ ТВАРИН ""ХАРКІВПЛЕМРЕСУРСИ""","28784","ФОНД ДЕРЖАВНОГО МАЙНА УКРАЇНИ ","ДП"
"1551","ДЕРЖАВНЕ ПІДПРИЄМСТВО ""ІНТЕРГАЗБУД""","28784","ФОНД ДЕРЖАВНОГО МАЙНА УКРАЇНИ ","ДП"
"1552","ДЕРЖАВНЕ ПІДПРИЄМСТВО ""ГОРНОСТАЇВСЬКЕ АВТОТРАНСПОРТНЕ ПІДПРИЄМСТВО №16547""","28784","ФОНД ДЕРЖАВНОГО МАЙНА УКРАЇНИ ","ДП"
"1553","ХЕРСОНСЬКИЙ ОБЛАСНИЙ ГОСПРОЗРАХУНКОВИЙ ВЕТЕРИНАРНО-САНІТАРНИЙ ЗАГІН","28784","ФОНД ДЕРЖАВНОГО МАЙНА УКРАЇНИ ","ДП"
"1554","ХМЕЛЬНИЦЬКЕ ПРОЕКТНО-КОШТОРИСНЕ БЮРО","28784","ФОНД ДЕРЖАВНОГО МАЙНА УКРАЇНИ ","ДП"
"1555","ДЕРЖАВНЕ ПІДПРИЄМСТВО ""ІРКЛІЇВСЬКИЙ РОЗПЛІДНИК РОСЛИНОЇДНИХ РИБ ""","28784","ФОНД ДЕРЖАВНОГО МАЙНА УКРАЇНИ ","ДП"
"1556","РЕДАКЦІЯ ЖУРНАЛУ ""НОВИНИ САДІВНИЦТВА""","28784","ФОНД ДЕРЖАВНОГО МАЙНА УКРАЇНИ ","ДП"
"1557","ДЕРЖАВНЕ ПІДПРИЄМСТВО ФІРМА ""ОРИЗОН-ПРОМЖИТЛОБУД""","28784","ФОНД ДЕРЖАВНОГО МАЙНА УКРАЇНИ ","ДП"
"1558","ДЕРЖАВНЕ ПІДПРИЄМСТВО ""ТОРГОВИЙ ДІМ ""СІВЕРЩИНА""","28784","ФОНД ДЕРЖАВНОГО МАЙНА УКРАЇНИ ","ДП"
"1559","ДЕРЖАВНЕ ПІДПРИЄМСТВО ""ЗАВОД ""ЕЛЕКТРОПОБУТПРИЛАД""","28784","ФОНД ДЕРЖАВНОГО МАЙНА УКРАЇНИ ","ДП"
"1560","ДЕРЖАВНЕ АВТОТРАНСПОРТНЕ ПІДПРИЄМСТВО ""АВТОМЕХБАЗА""","28784","ФОНД ДЕРЖАВНОГО МАЙНА УКРАЇНИ ","ДП"
"1561","ДЕРЖАВНЕ ПІДПРИЄМСТВО ""НАУКОВО-ІНЖЕНЕРНИЙ ЦЕНТР ЗВАРЮВАННЯ ТА КОНТРОЛЮ В ГАЛУЗІ АТОМНОЇ ЕНЕРГЕТИКИ УКРАЇНИ ІНСТИТУТУ ЕЛЕКТРОЗВАРЮВАННЯ ІМ.Є.О.ПАТОНА НАН УКРАЇНИ""","28784","ФОНД ДЕРЖАВНОГО МАЙНА УКРАЇНИ ","ДП"
"1562","МАЛЕ ДЕРЖАВНЕ ПІДПРИЄМСТВО ""ПРОГРЕС-90""","28784","ФОНД ДЕРЖАВНОГО МАЙНА УКРАЇНИ ","ДП"
"1563","ДЕРЖАВНЕ ПІДПРИЄМСТВО ""УКРАЇНСЬКА РИБНА ТОРГІВЕЛЬНА КОМПАНІЯ""","28784","ФОНД ДЕРЖАВНОГО МАЙНА УКРАЇНИ ","ДП"
"1564","УКРАЇНСЬКЕ ОБ'ЄДНАННЯ ПО ПЕРЕРОБЦІ НАФТИ ""УКРНАФТОХІМПЕРЕРОБКА""","28784","ФОНД ДЕРЖАВНОГО МАЙНА УКРАЇНИ ","ДП"
"1565","ДЕРЖАВНЕ ПІДПРИЄМСТВО СПЕЦІАЛІЗОВАНЕ ВИРОБНИЧЕ УПРАВЛІННЯ ""КИЇВШЛЯХВИБУХПРОМ""","28784","ФОНД ДЕРЖАВНОГО МАЙНА УКРАЇНИ ","ДП"
"1566","ДЕРЖАВНЕ ПІДПРИЄМСТВО ""ЗАКОРДОНМОНТАЖСПЕЦБУД""","28784","ФОНД ДЕРЖАВНОГО МАЙНА УКРАЇНИ ","ДП"
"1567","ДЕРЖАВНЕ ПІДПРИЄМСТВО ""НАУКОВО-ЕКСПЕРТНИЙ ЦЕНТР З РЕГЛАМЕНТАЦІЇ ЗАСТОСУВАННЯ ТА ВПРОВАДЖЕННЯ ДЕЗІНФЕКЦІЙНИХ ЗАСОБІВ"" МІНІСТЕРСТВА ОХОРОНИ ЗДОРОВ'Я УКРАЇНИ","28784","ФОНД ДЕРЖАВНОГО МАЙНА УКРАЇНИ ","ДП"
"1568","ДЕРЖАВНЕ ПІДПРИЄМСТВО ""УКРПРОМЗОВНІШЕКСПЕРТИЗА""","28784","ФОНД ДЕРЖАВНОГО МАЙНА УКРАЇНИ ","ДП"
"1569","УКРАЇНСЬКЕ ДЕРЖАВНЕ ПІДПРИЄМСТВО ПО ОБСЛУГОВУВАННЮ ІНОЗЕМНИХ ТА ВІТЧИЗНЯНИХ АВТОТРАНСПОРТНИХ ЗАСОБІВ ""УКРІНТЕРАВТОСЕРВІС""","28784","ФОНД ДЕРЖАВНОГО МАЙНА УКРАЇНИ ","ДП"
"1570","ДЕРЖАВНЕ ПІДПРИЄМСТВО ""РОЗРАХУНКОВИЙ ЦЕНТР ПОСЛУГ""","28784","ФОНД ДЕРЖАВНОГО МАЙНА УКРАЇНИ ","ДП"
"1571","ДЕРЖАВНЕ ЗОВНІШНЬОТОРГОВЕЛЬНЕ ВИРОБНИЧЕ ПІДПРИЄМСТВО ""ФІРМА ""ІНПАТ""","28784","ФОНД ДЕРЖАВНОГО МАЙНА УКРАЇНИ ","ДП"
"1572","ДЕРЖАВНЕ ПІДПРИЄМСТВО ""ФІРМОВИЙ МАГАЗИН ""АКАДЕМКНИГА"" НАЦІОНАЛЬНОЇ АКАДЕМІЇ НАУК УКРАЇНИ""","28784","ФОНД ДЕРЖАВНОГО МАЙНА УКРАЇНИ ","ДП"
"1573","ДЕРЖАВНЕ ЗОВНІШНЬОЕКОНОМІЧНЕ ПІДПРИЄМСТВО ""УКРЗОВНІШДЕРЕВПРОМ""","28784","ФОНД ДЕРЖАВНОГО МАЙНА УКРАЇНИ ","ДП"
"1574","ДЕРЖАВНЕ КОМПЛЕКСНЕ ТОРГОВЕЛЬНЕ ПІДПРИЄМСТВО ""ХРЕЩАТИК""","28784","ФОНД ДЕРЖАВНОГО МАЙНА УКРАЇНИ ","ДП"
"1575","ДЕРЖАВНЕ ПІДПРИЄМСТВО ""ПІДПРИЄМСТВО МАТЕРІАЛЬНО-ТЕХНІЧНОГО ЗАБЕЗПЕЧЕННЯ І ОБСЛУГОВУВАННЯ ІНСТИТУТУ ЕЛЕКТРОЗВАРЮВАННЯ ІМ.Є.О.ПАТОНА НАН УКРАЇНИ""","28784","ФОНД ДЕРЖАВНОГО МАЙНА УКРАЇНИ ","ДП"
"1576","ДЕРЖАВНЕ ПІДПРИЄМСТВО ""УКРАЇНСЬКИЙ НАУКОВО-ВИРОБНИЧИЙ ІНЖЕНЕРНИЙ ЦЕНТР ПО ОХОРОНІ ПРАЦІ У СІЛЬСЬКОМУ ГОСПОДАРСТВІ ""УКРСІЛЬГОСПОХОРОНПРАЦІ""","28784","ФОНД ДЕРЖАВНОГО МАЙНА УКРАЇНИ ","ДП"
"1577","ДЕРЖАВНЕ ПІДПРИЄМСТВО ФІРМА ""УКРЕЛЕКТРОНПОБУТСЕРВІС""","28784","ФОНД ДЕРЖАВНОГО МАЙНА УКРАЇНИ ","ДП"
"1578","ДЕРЖАВНЕ ПІДПРИЄМСТВО ""ВИРОБНИЧА ФІРМА ""АГРОЦЕНТРЕНЕРГО"" КОРПОРАЦІЇ ""УКРАГРОПРОМБУД""","28784","ФОНД ДЕРЖАВНОГО МАЙНА УКРАЇНИ ","ДП"
"1579","ДЕРЖАВНЕ ПІДПРИЄМСТВО МІЖГАЛУЗЕВИЙ ЦЕНТР ВПРОВАДЖЕННЯ НОВИХ ТЕХНОЛОГІЙ ""ЕРІДАН""","28784","ФОНД ДЕРЖАВНОГО МАЙНА УКРАЇНИ ","ДП"
"1580","ДЕРЖАВНЕ ПІДПРИЄМСТВО ""УКРЕНЕРГОІНВЕСТ""","28784","ФОНД ДЕРЖАВНОГО МАЙНА УКРАЇНИ ","ДП"
"1581","НАУКОВО-ВИРОБНИЧЕ ПІДПРИЄМСТВО ""БІОС""","28784","ФОНД ДЕРЖАВНОГО МАЙНА УКРАЇНИ ","ДП"
"1582","СПІЛЬНЕ ПІДПРИЄМСТВО ""НАУКОВО-ДОСЛІДНИЙ ЦЕНТР МЕХАНІКИ РІДИНИ""","28784","ФОНД ДЕРЖАВНОГО МАЙНА УКРАЇНИ ","ДП"
"1583","ДЕРЖАВНЕ ПІДПРИЄМСТВО ГРОМАДСЬКОГО ХАРЧУВАННЯ ""СТУДЕНТСЬКА ЇДАЛЬНЯ ДЕРЖАВНОЇ АКАДЕМІЇ ЛЕГКОЇ ПРОМИСЛОВОСТІ""","28784","ФОНД ДЕРЖАВНОГО МАЙНА УКРАЇНИ ","ДП"
"1584","ДЕРЖАВНЕ ПІДПРИЄМСТВО ""ІНЖЕКСБУД""","28784","ФОНД ДЕРЖАВНОГО МАЙНА УКРАЇНИ ","ДП"
"1585","ДЕРЖАВНЕ ПІДПРИЄМСТВО ""ТОРФОДОБУВНЕ ПІДПРИЄМСТВО ""ЖУРАВИЧІ""","28784","ФОНД ДЕРЖАВНОГО МАЙНА УКРАЇНИ ","ДП"
"1586","ДЕРЖАВНЕ ПІДПРИЄМСТВО КІРОВСЬКИЙ РЕМОНТНО - МЕХАНІЧНИЙ ЗАВОД МІНІСТЕРСТВА ВУГІЛЬНОЇ ПРОМИСЛОВОСТІ УКРАЇНИ","28784","ФОНД ДЕРЖАВНОГО МАЙНА УКРАЇНИ ","ДП"
"1587","МАЛЕ ПІДПРИЄМСТВО ""ЕКОКУЛЬТУРА""","28784","ФОНД ДЕРЖАВНОГО МАЙНА УКРАЇНИ ","ДП"
"1588","ДЕРЖАВНЕ ПІДПРИЄМСТВО ""ЛУГАНСЬКВУГЛЕБУДРЕСТРУКТУРИЗАЦІЯ""","28784","ФОНД ДЕРЖАВНОГО МАЙНА УКРАЇНИ ","ДП"
"1589","ДЕРЖАВНЕ ПІДПРИЄМСТВО ""РЕДАКЦІЯ ГАЗЕТИ ""СБОЙКА""","28784","ФОНД ДЕРЖАВНОГО МАЙНА УКРАЇНИ ","ДП"
"1590","ДЕРЖАВНЕ ПІДПРИЄМСТВО ""УПРАВЛІННЯ РОБІТНИЧОГО ПОСТАЧАННЯ ПІДПРИЄМСТВ ВУГІЛЬНОЇ ГАЛУЗІ ЛУГАНСЬКОЇ ОБЛАСТІ""","28784","ФОНД ДЕРЖАВНОГО МАЙНА УКРАЇНИ ","ДП"
"1591","ДЕРЖАВНА СПЕЦІАЛІЗОВАНА ФІРМА ""ТЕПЛОМОНТАЖ""","28784","ФОНД ДЕРЖАВНОГО МАЙНА УКРАЇНИ ","ДП"
"1592","ДЕРЖАВНЕ ПІДПРИЄМСТВО ""ІНСТИТУТ ПІСЛЯДИПЛОМНОЇ ОСВІТИ""","28784","ФОНД ДЕРЖАВНОГО МАЙНА УКРАЇНИ ","ДП"
"1593","ДЕРЖАВНЕ НАУКОВО-ВИРОБНИЧЕ ПІДПРИЄМСТВО ""ВЕГА""","28784","ФОНД ДЕРЖАВНОГО МАЙНА УКРАЇНИ ","ДП"
"1594","ДЕРЖАВНЕ ТОРГОВЕ ПІДПРИЄМСТВО ""КОМБІНАТ ШКІЛЬНОГО ХАРЧУВАННЯ КІРОВСЬКОГО РАЙОНУ М.ДОНЕЦЬКА""","28784","ФОНД ДЕРЖАВНОГО МАЙНА УКРАЇНИ ","ДП"
"1595","МАЛЕ ДЕРЖАВНЕ ПІДПРИЄМСТВО ""ШЛЯХОВИК""","28784","ФОНД ДЕРЖАВНОГО МАЙНА УКРАЇНИ ","ДП"
"1596","ДЕРЖАВНЕ ПІДПРИЄМСТВО ""НАУКОВО-ДОСЛІДНИЙ ЦЕНТР ЕКОЛОГІЧНОГО МАРКЕТИНГУ ТА ІНЖИНІРИНГУ"" НАЦІОНАЛЬНОЇ АКАДЕМІЇ НАУК УКРАЇНИ","28784","ФОНД ДЕРЖАВНОГО МАЙНА УКРАЇНИ ","ДП"
"1597","ДЕРЖАВНЕ ПІДПРИЄМСТВО ""КОЛОМИЙСЬКЕ РАЙОННЕ АРХІТЕКТУРНО-ПЛАНУВАЛЬНЕ ПРОЕКТНО-ВИРОБНИЧЕ БЮРО""","28784","ФОНД ДЕРЖАВНОГО МАЙНА УКРАЇНИ ","ДП"
"1598","ДЕРЖАВНЕ ПІДПРИЄМСТВО УПРАВЛІННЯ ПО БУДІВНИЦТВУ І СОЦІАЛЬНОМУ РОЗВИТКУ КОРПОРАЦІЇ ""УКРАГРОПРОМБУД""","28784","ФОНД ДЕРЖАВНОГО МАЙНА УКРАЇНИ ","ДП"
"1599","ДЕРЖАВНЕ ПІДПРИЄМСТВО ""ГОСПРОЗРАХУНКОВА БУДІВЕЛЬНА ДІЛЬНИЦЯ ""МОНОЛІТ""","28784","ФОНД ДЕРЖАВНОГО МАЙНА УКРАЇНИ ","ДП"
"1600","ДЕРЖАВНЕ ПІДПРИЄМСТВО ""СЕВАСТОПОЛЬСЬКИЙ ДЕРЖАВНИЙ ЛІТНІЙ ЦИРК""","28784","ФОНД ДЕРЖАВНОГО МАЙНА УКРАЇНИ ","ДП"
"1601","ДЕРЖАВНЕ НАУКОВО-ВИРОБНИЧЕ ПІДПРИЄМСТВО ""МГІ-ФЛОТ""","28784","ФОНД ДЕРЖАВНОГО МАЙНА УКРАЇНИ ","ДП"
"1602","ДЕРЖАВНЕ ПІДПРИЄМСТВО ""КРИМСЬКИЙ ЕКСПЕРТНО-ТЕХНІЧНИЙ ЦЕНТР ДЕРЖГІРПРОМНАГЛЯДУ УКРАЇНИ""","28784","ФОНД ДЕРЖАВНОГО МАЙНА УКРАЇНИ ","ДП"
"1603","ДИРЕКЦІЯ ПО ОРГАНІЗАЦІЇ БУДІВНИЦТВА ЗАХІДНО-УКРАЇНСЬКОГО НАФТОМАСЛОЗАВОДУ","28784","ФОНД ДЕРЖАВНОГО МАЙНА УКРАЇНИ ","ДП"
"1604","ДЕРЖАВНЕ ПІДПРИЄМСТВО ТОРГОВО - ПРОМИСЛОВЕ ПІДПРИЄМСТВО ""РАДІОТЕХНІКА""","28784","ФОНД ДЕРЖАВНОГО МАЙНА УКРАЇНИ ","ДП"
"1605","ДЕРЖАВНЕ ПІДПРИЄМСТВО СЕРВІСНО-ВИРОБНИЧИЙ ТЕХНО-ТОРГОВЕЛЬНИЙ ЦЕНТР ""РАДІОТЕХНІКА""","28784","ФОНД ДЕРЖАВНОГО МАЙНА УКРАЇНИ ","ДП"
"1606","МАЛЕ ДЕРЖАВНЕ БУДІВЕЛЬНЕ ПІДПРИЄМСТВО №1","28784","ФОНД ДЕРЖАВНОГО МАЙНА УКРАЇНИ ","ДП"
"1607","ДЕРЖАВНЕ ПІДПРИЄМСТВО ""ПІВДЕННИЙ ДЕРЖАВНИЙ НАУКОВО-ВИРОБНИЧИЙ ЦЕНТР ""ПРОГРЕС""","28784","ФОНД ДЕРЖАВНОГО МАЙНА УКРАЇНИ ","ДП"
"1608","ДЕРЖАВНЕ ПІДПРИЄМСТВО - КОМІНТЕРНІВСЬКЕ ПІДПРИЄМСТВО ПО ПЛЕМІННІЙ СПРАВІ У ТВАРИННИЦТВІ","28784","ФОНД ДЕРЖАВНОГО МАЙНА УКРАЇНИ ","ДП"
"1609","ДЕРЖАВНЕ ПІДПРИЄМСТВО ""УКРПІВДЕНІНВЕСТЛІЦЕНЗІЯ""","28784","ФОНД ДЕРЖАВНОГО МАЙНА УКРАЇНИ ","ДП"
"1610","ДЕРЖАВНЕ ПІДПРИЄМСТВО ""ПОЛТАВСЬКИЙ ЦЕНТР З ПРОБЛЕМ ЗАХИСТУ ПРАВ СПОЖИВАЧІВ""","28784","ФОНД ДЕРЖАВНОГО МАЙНА УКРАЇНИ ","ДП"
"1611","ДЕРЖАВНЕ ПІДПРИЄМСТВО НАУКОВО-ВИРОБНИЧЕ ОБ'ЄДНАННЯ ""ПОТЕНЦІАЛ-ЕКО""","28784","ФОНД ДЕРЖАВНОГО МАЙНА УКРАЇНИ ","ДП"
"1612","ДЕРЖАВНЕ ПІДПРИЄМСТВО ""ТЕРНОПІЛЬСЬКИЙ ЕКСПЕРТНО-ТЕХНІЧНИЙ ЦЕНТР ДЕРЖПРАЦІ""","28784","ФОНД ДЕРЖАВНОГО МАЙНА УКРАЇНИ ","ДП"
"1613","ДЕРЖАВНА НАУКОВО-ВИРОБНИЧА ФІРМА ""СТИМУЛ-ЕНЕРГОМЕТРЕСУРС""","28784","ФОНД ДЕРЖАВНОГО МАЙНА УКРАЇНИ ","ДП"
"1614","НАУКОВО-ВИРОБНИЧА ФІРМА ""ТЕХНОЛОГІЯ""","28784","ФОНД ДЕРЖАВНОГО МАЙНА УКРАЇНИ ","ДП"
"1615","ДЕРЖАВНЕ ПІДПРИЄМСТВО ""ХЛІБНА БАЗА №85""","28784","ФОНД ДЕРЖАВНОГО МАЙНА УКРАЇНИ ","ДП"
"1616","СПОРТИВНИЙ КЛУБ ХАРКІВСЬКОГО ДЕРЖАВНОГО УНІВЕРСИТЕТУ","28784","ФОНД ДЕРЖАВНОГО МАЙНА УКРАЇНИ ","ДП"
"1617","ДЕРЖАВНЕ ПІДПРИЄМСТВО РАДГОСП ""КОЛОДІЇВСЬКИЙ""","28784","ФОНД ДЕРЖАВНОГО МАЙНА УКРАЇНИ ","ДП"
"1618","ДЕРЖАВНЕ ПІДПРИЄМСТВО ФІРМА ""ОРИЗОН-ІНСТРУМЕНТ""","28784","ФОНД ДЕРЖАВНОГО МАЙНА УКРАЇНИ ","ДП"
"1619","ДЕРЖАВНЕ ПІДПРИЄМСТВО ФІРМА ""ОРИЗОН-ПРИЛАД""","28784","ФОНД ДЕРЖАВНОГО МАЙНА УКРАЇНИ ","ДП"
"1620","ДЕРЖАВНЕ ПІДПРИЄМСТВО ""ЧЕРКАСЬКИЙ ЕКСПЕРТНО-ТЕХНІЧНИЙ ЦЕНТР ДЕРЖПРАЦІ""","28784","ФОНД ДЕРЖАВНОГО МАЙНА УКРАЇНИ ","ДП"
"1621","ДЕРЖАВНЕ НАУКОВО-ВИРОБНИЧЕ ПІДПРИЄМСТВО ІНЖЕНЕРНОЇ ГЕОДЕЗІЇ ""УКРІНЖГЕОДЕЗІЯ""","28784","ФОНД ДЕРЖАВНОГО МАЙНА УКРАЇНИ ","ДП"
"1622","ДЕРЖАВНЕ ПІДПРИЄМСТВО ""ТОРГОВИЙ ДІМ ""БУКОВИНСЬКА ГОРІЛКА""","28784","ФОНД ДЕРЖАВНОГО МАЙНА УКРАЇНИ ","ДП"
"1623","ДЕРЖАВНЕ ПІДПРИЄМСТВО ""РЕДАКЦІЯ ЖУРНАЛУ ""ПАМ'ЯТКИ УКРАЇНИ: ІСТОРІЯ ТА КУЛЬТУРА""","28784","ФОНД ДЕРЖАВНОГО МАЙНА УКРАЇНИ ","ДП"
"1624","ДЕРЖАВНЕ СПЕЦІАЛІЗОВАНЕ ВИДАВНИЦТВО ""ОСВІТА""","28784","ФОНД ДЕРЖАВНОГО МАЙНА УКРАЇНИ ","ДП"
"1625","ДЕРЖАВНЕ ПІДПРИЄМСТВО ""ДЕРЖАВНА НАФТОГАЗОВА ІНСПЕКЦІЯ""","28784","ФОНД ДЕРЖАВНОГО МАЙНА УКРАЇНИ ","ДП"
"1626","ДЕРЖАВНЕ ПІДПРИЄМСТВО ""КОНСТРУКТОРСЬКЕ БЮРО СПЕЦІАЛЬНОЇ ТЕХНІКИ""","28784","ФОНД ДЕРЖАВНОГО МАЙНА УКРАЇНИ ","ДП"
"1627","ДЕРЖАВНЕ ПІДПРИЄМСТВО ""ГОТЕЛЬ ""УКРАЇНА""","28784","ФОНД ДЕРЖАВНОГО МАЙНА УКРАЇНИ ","ДП"
"1628","ДЕРЖАВНЕ ПІДПРИЄМСТВО ТЕХНІЧНИЙ КОМІТЕТ З СТАНДАРТИЗАЦІЇ ""БУДІВЕЛЬНІ МАТЕРІАЛИ""","28784","ФОНД ДЕРЖАВНОГО МАЙНА УКРАЇНИ ","ДП"
"1629","ДЕРЖАВНЕ ПІДПРИЄМСТВО ""ВСЕУКРАЇНСЬКИЙ НАУКОВО-МЕТОДИЧНИЙ ТА ДОСЛІДНО-ІНФОРМАЦІЙНИЙ ЦЕНТР АРХІТЕКТУРНОЇ СПАДЩИНИ""","28784","ФОНД ДЕРЖАВНОГО МАЙНА УКРАЇНИ ","ДП"
"1630","ДЕРЖАВНЕ ПІДПРИЄМСТВО ""ІНЖЕНЕРНО-ТЕХНІЧНИЙ ЦЕНТР ПО ПІДГОТОВЦІ КАДРІВ ДЛЯ АТОМНОЇ ЕНЕРГЕТИКИ""","28784","ФОНД ДЕРЖАВНОГО МАЙНА УКРАЇНИ ","ДП"
"1631","ДЕРЖАВНЕ ПІДПРИЄМСТВО НАУКОВО-ІНЖЕНЕРНИЙ ЦЕНТР ""ПАТОН-АЗОВМАШ"" ІНСТИТУТУ ЕЛЕКТРОЗВАРЮВАННЯ ІМ. Є.О.ПАТОНА НАЦІОНАЛЬНОЇ АКАДЕМІЇ НАУК УКРАЇНИ","28784","ФОНД ДЕРЖАВНОГО МАЙНА УКРАЇНИ ","ДП"
"1632","ДЕРЖАВНЕ ПІДПРИЄМСТВО ""БУДРЕМСЕРВІС""","28784","ФОНД ДЕРЖАВНОГО МАЙНА УКРАЇНИ ","ДП"
"1633","БУДІВЕЛЬНО-МОНТАЖНЕ ПІДПРИЄМСТВО N1 ВИРОБНИЧОГО ОБ'ЄДНАННЯ ""АКАДЕМБУД""","28784","ФОНД ДЕРЖАВНОГО МАЙНА УКРАЇНИ ","ДП"
"1634","ДЕРЖАВНИЙ ДЕПАРТАМЕНТ - ЦЕНТР ЛИВАРНОГО ВИРОБНИЦТВА","28784","ФОНД ДЕРЖАВНОГО МАЙНА УКРАЇНИ ","ДП"
"1635","ДЕРЖАВНЕ ПІДПРИЄМСТВО ""СЕВАСТОПОЛЬСЬКИЙ РЕМОНТНИЙ РАДІОТЕХНІЧНИЙ ЗАВОД ""КОНТАКТ""","28784","ФОНД ДЕРЖАВНОГО МАЙНА УКРАЇНИ ","ДП"
"1636","ДЕРЖАВНЕ ПІДПРИЄМСТВО ""ДНІПРОВСЬКЕ""","28784","ФОНД ДЕРЖАВНОГО МАЙНА УКРАЇНИ ","ДП"
"1637","ДЕРЖАВНЕ ПІДПРИЄМСТВО МІНІСТЕРСТВА ОБОРОНИ УКРАЇНИ ""ЦЕНТРАЛЬНА ВІЙСЬКОВА ТУРИСТСЬКА БАЗА ""СЕВАСТОПОЛЬ""","28784","ФОНД ДЕРЖАВНОГО МАЙНА УКРАЇНИ ","ДП"
"1638","ДЕРЖАВНЕ ПІДПРИЄМСТВО ""БЛАГОДАТНЕ""","28784","ФОНД ДЕРЖАВНОГО МАЙНА УКРАЇНИ ","ДП"
"1639","ДЕРЖАВНЕ ПІДПРИЄМСТВО ""ЧОРНОМОРСЬКИЙ""","28784","ФОНД ДЕРЖАВНОГО МАЙНА УКРАЇНИ ","ДП"
"1640","ДЕРЖАВНЕ ПІДПРИЄМСТВО МІНІСТЕРСТВА ОБОРОНИ УКРАЇНИ ""МУКАЧІВСЬКА ГОСПРОЗРАХУНКОВА ДІЛЬНИЦЯ""","28784","ФОНД ДЕРЖАВНОГО МАЙНА УКРАЇНИ ","ДП"
"1641","ДЕРЖАВНЕ ПІДПРИЄМСТВО МІНІСТЕРСТВА ОБОРОНИ УКРАЇНИ ""ДНІПРРЕМБУДСЕРВІС""","28784","ФОНД ДЕРЖАВНОГО МАЙНА УКРАЇНИ ","ДП"
"1642","ДЕРЖАВНЕ ПІДПРИЄМСТВО - ФІРМА ""ОРІЗОН-БЕТА""","28784","ФОНД ДЕРЖАВНОГО МАЙНА УКРАЇНИ ","ДП"
"1643","ШАХТА ""НОВОМИРГОРОДСЬКА""","28784","ФОНД ДЕРЖАВНОГО МАЙНА УКРАЇНИ ","ДП"
"1644","МАЛЕ ДЕРЖАВНЕ ПІДПРИЄМСТВО З СЕРТИФІКАЦІЇ СКЛА ТА ВИРОБІВ З НЬОГО ""СКЛОСЕРТИФІКАТ""","28784","ФОНД ДЕРЖАВНОГО МАЙНА УКРАЇНИ ","ДП"
"1645","ДЕРЖАВНЕ ПІДПРИЄМСТВО ""НАУКОВО-ТЕХНІЧНИЙ ЦЕНТР ""ОРТ""","28784","ФОНД ДЕРЖАВНОГО МАЙНА УКРАЇНИ ","ДП"
"1646","ДЕРЖАВНЕ ПІДПРИЄМСТВО ""ДОНЕЦЬКИЙ ЕКСПЕРТНО-ТЕХНІЧНИЙ ЦЕНТР ДЕРЖПРАЦІ""","28784","ФОНД ДЕРЖАВНОГО МАЙНА УКРАЇНИ ","ДП"
"1647","МАЛЕ ДЕРЖАВНЕ ПІДПРИЄМСТВО ""КАМЕЛІЯ""","28784","ФОНД ДЕРЖАВНОГО МАЙНА УКРАЇНИ ","ДП"
"1648","ДЕРЖАВНЕ ПІДПРИЄМСТВО ""ІНТУРИСТ-КІРОВОГРАД""","28784","ФОНД ДЕРЖАВНОГО МАЙНА УКРАЇНИ ","ДП"
"1649","ДЕРЖАВНЕ ПІДПРИЄМСТВО ПОЛТАВСЬКА СПЕЦІАЛІЗОВАНА ""КОНТРОЛЬНО-НАСІННЄВА ЛАБОРАТОРІЯ ПО ЦУКРОВИХ БУРЯКАХ""","28784","ФОНД ДЕРЖАВНОГО МАЙНА УКРАЇНИ ","ДП"
"1650","ДЕРЖАВНЕ ПІДПРИЄМСТВО ""ЦЕНТР ПІДГОТОВКИ ТА ПЕРЕПІДГОТОВКИ КАДРІВ""","28784","ФОНД ДЕРЖАВНОГО МАЙНА УКРАЇНИ ","ДП"
"1651","ДЕРЖАВНЕ ТОРГІВЕЛЬНЕ ПІДПРИЄМСТВО КОМБІНАТ ШКІЛЬНОГО ХАРЧУВАННЯ ""ШКОЛЯР"" БУДЬОННІВСЬКОГО РАЙОНУ М.ДОНЕЦЬКА","28784","ФОНД ДЕРЖАВНОГО МАЙНА УКРАЇНИ ","ДП"
"1652","ДЕРЖАВНЕ ПІДПРИЄМСТВО ДОНЕЦЬКИЙ РЕГІОНАЛЬНИЙ ЦЕНТР ДЕРЖАВНОГО ЗЕМЕЛЬНОГО КАДАСТРУ","28784","ФОНД ДЕРЖАВНОГО МАЙНА УКРАЇНИ ","ДП"
"1653","КАЗЕННЕ ПІДПРИЄМСТВО ""ПІВДЕННИЙ ЕКОЛОГО-ГЕОЛОГІЧНИЙ ЦЕНТР""","28784","ФОНД ДЕРЖАВНОГО МАЙНА УКРАЇНИ ","ДП"
"1654","ДЕРЖАВНЕ ПІДПРИЄМСТВО ""ОРГАН З СЕРТИФІКАЦІЇ АВТОМАТИЗОВАНИХ ТА АВТОМАТИЧНИХ СИСТЕМ УПРАВЛІННЯ ТА УМОВ ПРОЦЕСУ ПЕРЕВЕЗЕНЬ НА ЗАЛІЗНИЧНОМУ ТРАНСПОРТІ""","28784","ФОНД ДЕРЖАВНОГО МАЙНА УКРАЇНИ ","ДП"
"1655","ВИДАВНИЦТВО ""ПРАВО""","28784","ФОНД ДЕРЖАВНОГО МАЙНА УКРАЇНИ ","ДП"
"1656","ДЕРЖАВНЕ ПІДПРИЄМСТВО ""КИЇВСЬКИЙ ЕКСПЕРТНО-ТЕХНІЧНИЙ ЦЕНТР ДЕРЖПРАЦІ""","28784","ФОНД ДЕРЖАВНОГО МАЙНА УКРАЇНИ ","ДП"
"1657","ДЕРЖАВНЕ ПІДПРИЄМСТВО ""ВИДАВНИЧО-ПОЛІГРАФІЧНИЙ ЦЕНТР ""ПОЛІГРАФ-КОЛЕГІУМ""","28784","ФОНД ДЕРЖАВНОГО МАЙНА УКРАЇНИ ","ДП"
"1658","ДЕРЖАВНЕ ГОСПРОЗРАХУНКОВЕ ПІДПРИЄМСТВО ""УКРІНФОРМЗВ'ЯЗОК""","28784","ФОНД ДЕРЖАВНОГО МАЙНА УКРАЇНИ ","ДП"
"1659","ДЕРЖАВНЕ ПІДПРИЄМСТВО ""РЕМОНТНО-БУДІВЕЛЬНИЙ ТРЕСТ ""РЕМБУДМАТЕРІАЛИ""","28784","ФОНД ДЕРЖАВНОГО МАЙНА УКРАЇНИ ","ДП"
"1660","МАРІУПОЛЬСЬКИЙ ФУМІГАЦІЙНИЙ ЗАГІН","28784","ФОНД ДЕРЖАВНОГО МАЙНА УКРАЇНИ ","ДП"
"1661","НАУКОВО-ТЕХНІЧНИЙ ЦЕНТР ВПРОВАДЖЕННЯ ЕЛЕКТРОГІДРОІМПУЛЬСНИХ АГРЕГАТІВ-НТЦ ""ВЕГА"" ІНСТИТУТУ ІМПУЛЬСНИХ ПРОЦЕСІВ І ТЕХНОЛОГІЙ НАЦІОНАЛЬНОЇ АКАДЕМІЇ НАУК УКРАЇНИ","28784","ФОНД ДЕРЖАВНОГО МАЙНА УКРАЇНИ ","ДП"
"1662","ДНІПРОПЕТРОВСЬКЕ ДЕРЖАВНЕ ПІДПРИЄМСТВО ""ГОСПРОЗРАХУНКОВА АПТЕКА ДЛЯ ОБСЛУГОВУВАННЯ ОСІБ, ПОТЕРПІЛИХ ВНАСЛІДОК ЧОРНОБИЛЬСЬКОЇ КАТАСТРОФИ""","28784","ФОНД ДЕРЖАВНОГО МАЙНА УКРАЇНИ ","ДП"
"1663","ХМЕЛЬНИЦЬКЕ ДЕРЖАВНЕ ЕКСПЕРИМЕНТАЛЬНЕ ПРОТЕЗНО-ОРТОПЕДИЧНЕ ПІДПРИЄМСТВО","28784","ФОНД ДЕРЖАВНОГО МАЙНА УКРАЇНИ ","ДП"
"1664","ДЕРЖАВНЕ ПІДПРИЄМСТВО ""ЦЕНТРАЛЬНИЙ НАУКОВО-ДОСЛІДНИЙ ІНСТИТУТ НАВІГАЦІЇ І УПРАВЛІННЯ""","28784","ФОНД ДЕРЖАВНОГО МАЙНА УКРАЇНИ ","ДП"
"1665","НАУКОВО-ІНЖЕНЕРНИЙ ЦЕНТР ЕЛЕКТРОШЛАКОВИХ ТЕХНОЛОГІЙ ІНСТИТУТУ ЕЛЕКТРОЗВАРЮВАННЯ ІМ. Є.О. ПАТОНА НАН УКРАЇНИ","28784","ФОНД ДЕРЖАВНОГО МАЙНА УКРАЇНИ ","ДП"
"1666","ДЕРЖАВНЕ ПІДПРИЄМСТВО ""ТЕХНІК""","28784","ФОНД ДЕРЖАВНОГО МАЙНА УКРАЇНИ ","ДП"
"1667","ДЕРЖАВНЕ ПІДПРИЄМСТВО ""ХАРКІВЦУКОРЗБУТ""","28784","ФОНД ДЕРЖАВНОГО МАЙНА УКРАЇНИ ","ДП"
"1668","ДЕРЖАВНЕ ПІДПРИЄМСТВО МАКІЇВСЬКИЙ ВИРОБНИЧО-ТОРГІВЕЛЬНИЙ КОМПЛЕКС","28784","ФОНД ДЕРЖАВНОГО МАЙНА УКРАЇНИ ","ДП"
"1669","ДЕРЖАВНЕ СПЕЦІАЛІЗОВАНЕ КОНСТРУКТОРСЬКЕ БЮРО ""ПРИЧАЛ""","28784","ФОНД ДЕРЖАВНОГО МАЙНА УКРАЇНИ ","ДП"
"1670","ДЕРЖАВНЕ ПІДПРИЄМСТВО ""ЦЕНТР ТЕСТУВАННЯ МОБІЛЬНОЇ ТЕХНІКИ""","28784","ФОНД ДЕРЖАВНОГО МАЙНА УКРАЇНИ ","ДП"
"1671","ДЕРЖАВНИЙ КОНЦЕРН ""ЛОРТА""","28784","ФОНД ДЕРЖАВНОГО МАЙНА УКРАЇНИ ","ДП"
"1672","ДЕРЖАВНЕ ПІДПРИЄМСТВО ""ПІВДЕННЕ УПРАВЛІННЯ 2112""","28784","ФОНД ДЕРЖАВНОГО МАЙНА УКРАЇНИ ","ДП"
"1673","ДЕРЖАВНЕ ПІДПРИЄМСТВО ""ПРОЕКТНО-КОНСТРУКТОРСЬКЕ БЮРО""","28784","ФОНД ДЕРЖАВНОГО МАЙНА УКРАЇНИ ","ДП"
"1674","ДЕРЖАВНЕ ПІДПРИЄМСТВО ""ДОНЕЦЬКА ГОСПРОЗРАХУНКОВА ЕЛЕКТРОМОНТАЖНА ДІЛЬНИЦЯ""","28784","ФОНД ДЕРЖАВНОГО МАЙНА УКРАЇНИ ","ДП"
"1675","ДЕРЖАВНЕ ПІДПРИЄМСТВО ""НАУКОВО-ВИРОБНИЧИЙ ЦЕНТР ОКЕАНОЛОГІЧНИХ ДОСЛІДЖЕНЬ І ТЕХНОЛОГІЙ НАЦІОНАЛЬНОЇ АКАДЕМІЇ НАУК УКРАЇНИ""","28784","ФОНД ДЕРЖАВНОГО МАЙНА УКРАЇНИ ","ДП"
"1676","ДЕРЖАВНЕ СІЛЬСЬКОГОСПОДАРСЬКЕ ПІДПРИЄМСТВО ""СЕЛЕКЦІЯ-СЕРВІС""","28784","ФОНД ДЕРЖАВНОГО МАЙНА УКРАЇНИ ","ДП"
"1677","ДЕРЖАВНЕ ПІДПРИЄМСТВО ""ТЕХНІЧНИЙ КОМІТЕТ З СТАНДАРТИЗАЦІЇ ""БУДТЕХНОРМУВАННЯ""","28784","ФОНД ДЕРЖАВНОГО МАЙНА УКРАЇНИ ","ДП"
"1678","ДЕРЖАВНЕ ОБ'ЄДНАННЯ МАТЕРІАЛЬНО-ТЕХНІЧНИХ РЕСУРСІВ ""УКРПОСТАЧПРЕСА""","28784","ФОНД ДЕРЖАВНОГО МАЙНА УКРАЇНИ ","ДП"
"1679","ДЕРЖАВНЕ ІНФОРМАЦІЙНО-ВИРОБНИЧЕ ПІДПРИЄМСТВО ВИДАВНИЦТВО ""ПЕДАГОГІЧНА ПРЕСА""","28784","ФОНД ДЕРЖАВНОГО МАЙНА УКРАЇНИ ","ДП"
"1680","ДЕРЖАВНЕ ПІДПРИЄМСТВО ""ФІНПРОМ""","28784","ФОНД ДЕРЖАВНОГО МАЙНА УКРАЇНИ ","ДП"
"1681","ДЕРЖАВНЕ ПІДПРИЄМСТВО ""УПРАВЛІННЯ ПО БУРІННЮ ТЕХНІЧНИХ СВЕРДЛОВИН""","28784","ФОНД ДЕРЖАВНОГО МАЙНА УКРАЇНИ ","ДП"
"1682","УКРАЇНСЬКА ДЕРЖАВНА КОМПАНІЯ З РЕСТРУКТУРІЗАЦІЇ ПІДПРИЄМСТВ ВУГІЛЬНОЇ ПРОМИСЛОВОСТІ МІНІСТЕРСТВА ПАЛИВА ТА ЕНЕРГЕТИКИ","28784","ФОНД ДЕРЖАВНОГО МАЙНА УКРАЇНИ ","ДП"
"1683","ДЕРЖАВНА КОМПАНІЯ ""ЛУГАНСЬКЛЕГІНВЕСТ""","28784","ФОНД ДЕРЖАВНОГО МАЙНА УКРАЇНИ ","ДП"
"1684","ДЕРЖАВНЕ ПІДПРИЄМСТВО ""КРАСНОЛУЧВУГЛЕПОСТАВКА""","28784","ФОНД ДЕРЖАВНОГО МАЙНА УКРАЇНИ ","ДП"
"1685","ЕКСПЕРИМЕНТАЛЬНА БАЗА ІНСТИТУТУ ВЕТЕРИНАРНОЇ МЕДИЦИНИ УААН","28784","ФОНД ДЕРЖАВНОГО МАЙНА УКРАЇНИ ","ДП"
"1686","ДЕРЖАВНЕ ПІДПРИЄМСТВО ""ДЕРЖАВНИЙ НАУКОВО-ІНЖЕНЕРНИЙ ЦЕНТР СИСТЕМ КОНТРОЛЮ ТА АВАРІЙНОГО РЕАГУВАННЯ""","28784","ФОНД ДЕРЖАВНОГО МАЙНА УКРАЇНИ ","ДП"
"1687","ДЕРЖАВНЕ ПІДПРИЄМСТВО ДЕРЖАВНИЙ ГОСПРОЗРАХУНКОВИЙ НАУКОВО-ДОСЛІДНИЙ КОНСТРУКТОРСЬКИЙ ЦЕНТР ""ВЕКТОР"" ПРИ ІНСТИТУТІ ПРОБЛЕМ МАТЕРІАЛОЗНАВСТВА ІМЕНІ І.М.ФРАНЦЕВИЧА НАНУ","28784","ФОНД ДЕРЖАВНОГО МАЙНА УКРАЇНИ ","ДП"
"1688","ДЕРЖАВНЕ ПІДПРИЄМСТВО ""ДЕРЖАВНИЙ КАРТОГРАФО-ГЕОДЕЗИЧНИЙ ФОНД УКРАЇНИ""","28784","ФОНД ДЕРЖАВНОГО МАЙНА УКРАЇНИ ","ДП"
"1689","ДЕРЖАВНЕ ПІДПРИЄМСТВО ""НАУКОВО-ДОСЛІДНИЙ ЦЕНТР НОРМАТИВНО-ТЕХНІЧНИХ МАТЕРІАЛІВ З ПРАЦІ""","28784","ФОНД ДЕРЖАВНОГО МАЙНА УКРАЇНИ ","ДП"
"1690","28 РЕМОНТНО-БУДІВЕЛЬНА ДІЛЬНИЦЯ","28784","ФОНД ДЕРЖАВНОГО МАЙНА УКРАЇНИ ","ДП"
"1691","ДЕРЖАВНЕ ПІДПРИЄМСТВО МІНІСТЕРСТВА ОБОРОНИ УКРАЇНИ ""КРИМСЬКЕ УПРАВЛІННЯ ВІЙСЬКОВОЇ ТОРГІВЛІ""","28784","ФОНД ДЕРЖАВНОГО МАЙНА УКРАЇНИ ","ДП"
"1692","ДЕРЖАВНЕ ПІДПРИЄМСТВО ""ЛЬВІВСЬКЕ""","28784","ФОНД ДЕРЖАВНОГО МАЙНА УКРАЇНИ ","ДП"
"1693","ДЕРЖАВНЕ ПІДПРИЄМСТВО МІНІСТЕРСТВО ОБОРОНИ УКРАЇНИ ""КРИМВІЙСЬКБУД""","28784","ФОНД ДЕРЖАВНОГО МАЙНА УКРАЇНИ ","ДП"
"1694","ДЕРЖАВНЕ ПІДПРИЄМСТВО ""ДИМИТРОВСЬКИЙ УЧБОВО-КУРСОВИЙ КОМБІНАТ""","28784","ФОНД ДЕРЖАВНОГО МАЙНА УКРАЇНИ ","ДП"
"1695","ДЕРЖАВНЕ ПІДПРИЄМСТВО УПРАВЛІННЯ ПО ПРОФІЛАКТИЦІ, ГАСІННЮ ПОРОДНИХ ВІДВАЛІВ ТА РЕКУЛЬТИВАЦІЇ ЗЕМЕЛЬ ""ЖОВТЕНЬВУГІЛЛЯ""","28784","ФОНД ДЕРЖАВНОГО МАЙНА УКРАЇНИ ","ДП"
"1696","ДЕРЖАВНЕ ПІДПРИЄМСТВО ""БЮРО З СТАНДАРТИЗАЦІЇ ТА НОРМАТИВНОГО ЗАБЕЗПЕЧЕННЯ НА ЗАЛІЗНИЧНОМУ ТРАНСПОРТІ""","28784","ФОНД ДЕРЖАВНОГО МАЙНА УКРАЇНИ ","ДП"
"1697","ДЕРЖАВНЕ ПІДПРИЄМСТВО ""ДНІПРО-ВДМ""","28784","ФОНД ДЕРЖАВНОГО МАЙНА УКРАЇНИ ","ДП"
"1698","ДЕРЖАВНЕ ПІДПРИЄМСТВО ""ГРУПОВА КОТЕЛЬНЯ МІНІСТЕРСТВА ВНУТРІШНІХ СПРАВ УКРАЇНИ""","28784","ФОНД ДЕРЖАВНОГО МАЙНА УКРАЇНИ ","ДП"
"1699","ДЕРЖАВНЕ ПІДПРИЄМСТВО ""УКРСПЕЦОБЛАДНАННЯ""","28784","ФОНД ДЕРЖАВНОГО МАЙНА УКРАЇНИ ","ДП"
"1700","ДЕРЖАВНЕ ПІДПРИЄМСТВО ""НАУКОВО-ТЕХНІЧНИЙ ЦЕНТР ""СТАНКОСЕРТ""","28784","ФОНД ДЕРЖАВНОГО МАЙНА УКРАЇНИ ","ДП"
"1701","ДАРНИЦЬКЕ ДЕРЖАВНЕ ТОРГІВЕЛЬНО-ВИРОБНИЧЕ ПІДПРИЄМСТВО ""ТРАНС-СЕРВІС""","28784","ФОНД ДЕРЖАВНОГО МАЙНА УКРАЇНИ ","ДП"
"1702","ДЕРЖАВНЕ ПІДПРИЄМСТВО МАГАЗИН ""АКАДЕМКНИГА"" № 7 НАЦІОНАЛЬНОЇ АКАДЕМІЇ НАУК УКРАЇНИ","28784","ФОНД ДЕРЖАВНОГО МАЙНА УКРАЇНИ ","ДП"
"1703","ДЕРЖАВНЕ НАУКОВО-ВИРОБНИЧЕ ПІДПРИЄМСТВО ""ЕНЕРГОЗБЕРЕЖЕННЯ""","28784","ФОНД ДЕРЖАВНОГО МАЙНА УКРАЇНИ ","ДП"
"1704","ДЕРЖАВНЕ ПІДПРИЄМСТВО МІЖНАРОДНИЙ ЦЕНТР ЕНЕРГОЕФФЕКТИВНИХ ТЕХНОЛОГІЙ","28784","ФОНД ДЕРЖАВНОГО МАЙНА УКРАЇНИ ","ДП"
"1705","ДЕРЖАВНЕ ПІДПРИЄМСТВО УКРАЇНСЬКИЙ ДЕРЖАВНИЙ НАУКОВО-ВИРОБНИЧИЙ ЦЕНТР ""КВАНТ-МОДУЛЬ""","28784","ФОНД ДЕРЖАВНОГО МАЙНА УКРАЇНИ ","ДП"
"1706","ДЕРЖАВНЕ ПІДПРИЄМСТВО ДЕРЖАВНЕ ПІДПРИЄМСТВО ""ЦЕНТР З СЕРТИФІКАЦІЇ ШИН І ГУМОТЕХНІЧНИХ ВИРОБІВ ""СЕПРОШИНАГТВ""","28784","ФОНД ДЕРЖАВНОГО МАЙНА УКРАЇНИ ","ДП"
"1707","ДЕРЖАВНЕ ПІДПРИЄМСТВО УПРАВЛІННЯ МАТЕРІАЛЬНО-ТЕХНІЧНОГО ПОСТАЧАННЯ ""КАЛЬМІУСЬКЕ""","28784","ФОНД ДЕРЖАВНОГО МАЙНА УКРАЇНИ ","ДП"
"1708","ДЕРЖАВНЕ ПІДПРИЄМСТВО КАЛУСЬКА ДЕРЖАВНА РАЙОННА АГРОХІМІЧНА ЛАБОРАТОРІЯ","28784","ФОНД ДЕРЖАВНОГО МАЙНА УКРАЇНИ ","ДП"
"1709","ЖИТОМИРСЬКЕ ДЕРЖАВНЕ ЕКСПЕРИМЕНТАЛЬНЕ ПРОТЕЗНО-ОРТОПЕДИЧНЕ ПІДПРИЄМСТВО","28784","ФОНД ДЕРЖАВНОГО МАЙНА УКРАЇНИ ","ДП"
"1710","ДЕРЖАВНЕ ПІДПРИЄМСТВО ""НАУКОВО-ТЕХНОЛОГІЧНИЙ ЦЕНТР ПАЛИВНО-ЕНЕРГЕТИЧНИХ РЕСУРСІВ НАЦІОНАЛЬНОЇ АКАДЕМІЇ НАУК УКРАЇНИ""","28784","ФОНД ДЕРЖАВНОГО МАЙНА УКРАЇНИ ","ДП"
"1711","ДЕРЖАВНЕ ПІДПРИЄМСТВО ""НАУКОВО-ДОСЛІДНИЙ ІНСТИТУТ РАДІОЕЛЕКТРОННИХ СИСТЕМ ""КВАНТ-РАДІОЕЛЕКТРОНІКА""","28784","ФОНД ДЕРЖАВНОГО МАЙНА УКРАЇНИ ","ДП"
"1712","ДЕРЖАВНЕ ПІДПРИЄМСТВО ""ЦЕНТР""","28784","ФОНД ДЕРЖАВНОГО МАЙНА УКРАЇНИ ","ДП"
"1713","ДЕРЖАВНЕ МАЛЕ НАУКОВО-ВИРОБНИЧЕ ПІДПРИЄМСТВО ПО РОЗРОБЦІ ТЕХНОЛОГІЙ І ОБЛАДНАННЯ ДЛЯ ВИГОТОВЛЕННЯ ЗВАРНИХ КОНСТРУКЦІЙ ""ТОВ""","28784","ФОНД ДЕРЖАВНОГО МАЙНА УКРАЇНИ ","ДП"
"1714","ДЕРЖАВНЕ ПІДПРИЄМСТВО ""ПЕТРОВСЬКИЙ ЗАВОД ВУГІЛЬНОГО МАШИНОБУДУВАННЯ""","28784","ФОНД ДЕРЖАВНОГО МАЙНА УКРАЇНИ ","ДП"
"1715","ДЕРЖАВНЕ ПІДПРИЄМСТВО ""МЕТАЛІСТ""","28784","ФОНД ДЕРЖАВНОГО МАЙНА УКРАЇНИ ","ДП"
"1716","ДЕРЖАВНЕ ПІДПРИЄМСТВО ""ШАХТА ""АЛМАЗНА""","28784","ФОНД ДЕРЖАВНОГО МАЙНА УКРАЇНИ ","ДП"
"1717","ДИТЯЧИЙ САНАТОРНО - ОЗДОРОВЧИЙ КОМПЛЕКС ""СОНЯЧНИЙ""","28784","ФОНД ДЕРЖАВНОГО МАЙНА УКРАЇНИ ","ДП"
"1718","ДЕРЖАВНЕ ПІДПРИЄМСТВО ""ТОРФОДОБУВНЕ ПІДПРИЄМСТВО ""ЛІТИН""","28784","ФОНД ДЕРЖАВНОГО МАЙНА УКРАЇНИ ","ДП"
"1719","ДЕРЖАВНЕ ПІДПРИЄМСТВО ""ЗАПОРІЗЬКИЙ ЕКСПЕРТНО-ТЕХНІЧНИЙ ЦЕНТР ДЕРЖПРАЦІ""","28784","ФОНД ДЕРЖАВНОГО МАЙНА УКРАЇНИ ","ДП"
"1720","КИЇВСЬКЕ ОБЛАСНЕ ДЕРЖАВНЕ ОБ'ЕДНАННЯ СПИРТОВОЇ ТА ЛІКЕРО-ГОРІЛЧАНОЇ ПРОМИСЛОВОСТІ","28784","ФОНД ДЕРЖАВНОГО МАЙНА УКРАЇНИ ","ДП"
"1721","ДЕРЖАВНЕ ПІДПРИЄМСТВО ВИДАВНИЦТВО ""СОЦІНФОРМ""","28784","ФОНД ДЕРЖАВНОГО МАЙНА УКРАЇНИ ","ДП"
"1722","ДЕРЖАВНЕ ПІДПРИЄМСТВО ""МАШКОМПЛЕКТ""","28784","ФОНД ДЕРЖАВНОГО МАЙНА УКРАЇНИ ","ДП"
"1723","ДЕРЖАВНЕ ПІДПРИЄМСТВО ""ЦЕНТР МІЖНАРОДНИХ ПРОГРАМ МІНІСТЕРСТВА ОХОРОНИ ЗДОРОВ'Я УКРАЇНИ""","28784","ФОНД ДЕРЖАВНОГО МАЙНА УКРАЇНИ ","ДП"
"1724","ДЕРЖАВНЕ ПІДПРИЄМСТВО ""ЦЕНТР З ВИПРОБУВАНЬ ТА СЕРТИФІКАЦІЇ ПРОДУКЦІЇ БУДІВЕЛЬНОГО МАШИНОБУДУВАННЯ""","28784","ФОНД ДЕРЖАВНОГО МАЙНА УКРАЇНИ ","ДП"
"1725","ДЕРЖАВНЕ ПІДПРИЄМСТВО ""ФІНМАШ""","28784","ФОНД ДЕРЖАВНОГО МАЙНА УКРАЇНИ ","ДП"
"1726","ДЕРЖАВНЕ ПІДПРИЄМСТВО НАУКОВО-ТЕХНІЧНИЙ ЦЕНТР ЗАБЕЗПЕЧЕННЯ ЯКОСТІ ТА СЕРТИФІКАЦІЇ ""СЕПРОЗ"" НАЦІОНАЛЬНОЇ АКАДЕМІЇ НАУК УКРАЇНИ","28784","ФОНД ДЕРЖАВНОГО МАЙНА УКРАЇНИ ","ДП"
"1727","ДЕРЖАВНА ДОСЛІДНО-ЕКСПЕРИМЕНТАЛЬНА АГРОФІРМА ""АСКАНІЯ-НОВА""","28784","ФОНД ДЕРЖАВНОГО МАЙНА УКРАЇНИ ","ДП"
"1728","ДЕРЖАВНЕ ПІДПРИЄМСТВО ""УКРАЇНСЬКА АВІАЦІЙНА ТРАНСПОРТНА КОМПАНІЯ""","28784","ФОНД ДЕРЖАВНОГО МАЙНА УКРАЇНИ ","ДП"
"1729","ДЕРЖАВНЕ ПІДПРИЄМСТВО МІНІСТЕРСТВА ОБОРОНИ УКРАЇНИ ""102 ПІДПРИЄМСТВО ЕЛЕКТРИЧНИХ МЕРЕЖ""","28784","ФОНД ДЕРЖАВНОГО МАЙНА УКРАЇНИ ","ДП"
"1730","ДЕРЖАВНЕ ПІДПРИЄМСТВО МІНІСТЕРСТВА ОБОРОНИ УКРАЇНИ ""СЕВАСТОПОЛЬСЬКИЙ АВТОМОБІЛЬНИЙ РЕМОНТНИЙ ЗАВОД""","28784","ФОНД ДЕРЖАВНОГО МАЙНА УКРАЇНИ ","ДП"
"1731","ДЕРЖАВНЕ ПІДПРИЄМСТВО ""УКРОБОРОНРЕСУРСИ""","28784","ФОНД ДЕРЖАВНОГО МАЙНА УКРАЇНИ ","ДП"
"1732","ДЕРЖАВНЕ ПІДПРИЄМСТВО МІНІСТЕРСТВА ОБОРОНИ УКРАЇНИ ""ВІННИЦЬКЕ ІНЖЕНЕРНО-БУДІВЕЛЬНЕ УПРАВЛІННЯ""","28784","ФОНД ДЕРЖАВНОГО МАЙНА УКРАЇНИ ","ДП"
"1733","ДЕРЖАВНЕ ПІДПРИЄМСТВО МІНІСТЕРСТВА ОБОРОНИ УКРАЇНИ ""УКРОБОРОНПОСТАЧАЛЬНИК""","28784","ФОНД ДЕРЖАВНОГО МАЙНА УКРАЇНИ ","ДП"
"1734","ДЕРЖАВНЕ ПІДПРИЄМСТВО ""ВИДАВНИЧО-ПОЛІГРАФІЧНЕ ПІДПРИЄМСТВО МІНІСТЕРСТВА ОБОРОНИ УКРАЇНИ ""СЛАВА І ЧЕСТЬ""","28784","ФОНД ДЕРЖАВНОГО МАЙНА УКРАЇНИ ","ДП"
"1735","ДЕРЖАВНЕ НАУКОВО-ВИРОБНИЧЕ ПІДПРИЄМСТВО ""ЦИРКОНІЙ""","28784","ФОНД ДЕРЖАВНОГО МАЙНА УКРАЇНИ ","ДП"
"1736","ДЕРЖАВНЕ ГОСПРОЗРАХУНКОВЕ ПІДПРИЄМСТВО ПАРФУМО-КОСМЕТИЧНИХ ВИРОБІВ ""ГЕРМЕС-ПАРФУМ""","28784","ФОНД ДЕРЖАВНОГО МАЙНА УКРАЇНИ ","ДП"
"1737","ДЕРЖАВНЕ ПІДПРИЄМСТВО ""ОРГАН З СЕРТИФІКАЦІЇ ОС ""КРАНТЕСТ""","28784","ФОНД ДЕРЖАВНОГО МАЙНА УКРАЇНИ ","ДП"
"1738","ДЕРЖАВНЕ ПІДПРИЄМСТВО ШАХТА ІМЕНІ П.Л.ВОЙКОВА","28784","ФОНД ДЕРЖАВНОГО МАЙНА УКРАЇНИ ","ДП"
"1739","ДЕРЖАВНЕ ПІДПРИЄМСТВО ""ШАХТА №71 "" ІНДУСТРІЯ ""","28784","ФОНД ДЕРЖАВНОГО МАЙНА УКРАЇНИ ","ДП"
"1740","НОВОДНІСТРОВСЬКА ДЕРЖАВНА ШВЕЙНО-ТРИКОТАЖНА ФАБРИКА","28784","ФОНД ДЕРЖАВНОГО МАЙНА УКРАЇНИ ","ДП"
"1741","ДЕРЖАВНЕ РЕГІОНАЛЬНЕ ГЕОЛОГІЧНЕ ПІДПРИЄМСТВО ""ДОНЕЦЬКГЕОЛОГІЯ""","28784","ФОНД ДЕРЖАВНОГО МАЙНА УКРАЇНИ ","ДП"
"1742","КРИМСЬКЕ ВИРОБНИЧЕ ПІДПРИЄМСТВО ПО МІКРОЗРОШУВАННЮ ТА ВОДОПОСТАЧАННЮ","28784","ФОНД ДЕРЖАВНОГО МАЙНА УКРАЇНИ ","ДП"
"1743","ДЕРЖАВНЕ НАУКОВО-ВИРОБНИЧЕ ПІДПРИЄМСТВО ""ВІТРОЕНЕРГОСЕРВІС""","28784","ФОНД ДЕРЖАВНОГО МАЙНА УКРАЇНИ ","ДП"
"1744","ДЕРЖАВНЕ ПІДПРИЄМСТВО ""СЕРВІС""","28784","ФОНД ДЕРЖАВНОГО МАЙНА УКРАЇНИ ","ДП"
"1745","НАУКОВО-ІНЖЕНЕРНИЙ ЦЕНТР ПО РОЗРОБЦІ ТЕХНОЛОГІЙ І ОБЛАДНАННЯ ДЛЯ ВИГОТОВЛЕННЯ ЗВАРНИХ КОНСТРУКЦІЙ","28784","ФОНД ДЕРЖАВНОГО МАЙНА УКРАЇНИ ","ДП"
"1746","ДЕРЖАВНЕ ПІДПРИЄМСТВО ""ТЕХНОКІМ""","28784","ФОНД ДЕРЖАВНОГО МАЙНА УКРАЇНИ ","ДП"
"1747","ДЕРЖАВНЕ ДОСЛІДНО-ВИРОБНИЧЕ ПІДПРИЄМСТВО ""БІОВЕТПРЕПАРАТ"" ІНСТИТУТУ ВЕТЕРИНАРНОЇ МЕДИЦИНИ НАЦІОНАЛЬНОЇ АКАДЕМІЇ АГРАРНИХ НАУК УКРАЇНИ""","28784","ФОНД ДЕРЖАВНОГО МАЙНА УКРАЇНИ ","ДП"
"1748","ДЕРЖАВНЕ ПІДПРИЄМСТВО ""УПРАВЛІННЯ КАПІТАЛЬНОГО БУДІВНИЦТВА""","28784","ФОНД ДЕРЖАВНОГО МАЙНА УКРАЇНИ ","ДП"
"1749","ДЕРЖАВНЕ ПІДПРИЄМСТВО ""ІНФОРМАЦІЙНИЙ ЦЕНТР "" МІНІСТЕРСТВА ЮСТИЦІЇ УКРАЇНИ","28784","ФОНД ДЕРЖАВНОГО МАЙНА УКРАЇНИ ","ДП"
"1750","ДЕРЖАВНЕ ПІДПРИЄМСТВО ""ГОСПРОЗРАХУНКОВИЙ НАУКОВО-ТЕХНОЛОГІЧНИЙ ЦЕНТР ГАЗОТЕРМІЧНИХ ПОКРИТЬ ""ДЕЛЬТА""","28784","ФОНД ДЕРЖАВНОГО МАЙНА УКРАЇНИ ","ДП"
"1751","ДЕРЖАВНЕ ПІДПРИЄМСТВО ""ЧОРНОБИЛЬПРОМЕНЕРГОБУД""","28784","ФОНД ДЕРЖАВНОГО МАЙНА УКРАЇНИ ","ДП"
"1752","ДЕРЖАВНЕ ПІДПРИЄМСТВО ""ДОНЕЦЬКИЙ РЕГІОНАЛЬНИЙ ЦЕНТР ""ЕНЕРГОЗБЕРЕЖЕННЯ""","28784","ФОНД ДЕРЖАВНОГО МАЙНА УКРАЇНИ ","ДП"
"1753","ДЕРЖАВНЕ ПІДПРИЄМСТВО ""СХІДНЕ РЕГІОНАЛЬНЕ ГЕОЛОГІЧНЕ ПІДПРИЄМСТВО""","28784","ФОНД ДЕРЖАВНОГО МАЙНА УКРАЇНИ ","ДП"
"1754","ДЕРЖАВНЕ ПІДПРИЄМСТВО ""ШАХТОБУДІВЕЛЬНЕ УПРАВЛІННЯ""","28784","ФОНД ДЕРЖАВНОГО МАЙНА УКРАЇНИ ","ДП"
"1755","ДЕРЖАВНЕ ПІДПРИЄМСТВО ""АВТОПРАЦЯ""","28784","ФОНД ДЕРЖАВНОГО МАЙНА УКРАЇНИ ","ДП"
"1756","ДЕРЖАВНЕ ПІДПРИЄМСТВО ""ОРІОН-ТЕЛЕКОМ""","28784","ФОНД ДЕРЖАВНОГО МАЙНА УКРАЇНИ ","ДП"
"1757","КИЇВСЬКЕ НАУКОВО-ВИРОБНИЧЕ ОБ'ЄДНАННЯ ""ЕКОЛОГІЧНІ ТЕХНОЛОГІЇ ТА НОРМАТИВИ""","28784","ФОНД ДЕРЖАВНОГО МАЙНА УКРАЇНИ ","ДП"
"1758","ПІВНІЧНЕ ДЕРЖАВНЕ РЕГІОНАЛЬНЕ ГЕОЛОГІЧНЕ ПІДПРИЄМСТВО ""ПІВНІЧГЕОЛОГІЯ""","28784","ФОНД ДЕРЖАВНОГО МАЙНА УКРАЇНИ ","ДП"
"1759","ДЕРЖАВНЕ СПЕЦІАЛІЗОВАНЕ АВТОТРАНСПОРТНЕ ПІДПРИЄМСТВО ПО ПЕРЕВЕЗЕННЮ НЕБЕЗПЕЧНИХ ВАНТАЖІВ ІНСТИТУТУ СЦИНТИЛЯЦІЙНИХ МАТЕРІАЛІВ НАН УКРАЇНИ","28784","ФОНД ДЕРЖАВНОГО МАЙНА УКРАЇНИ ","ДП"
"1760","ДЕРЖАВНЕ ПІДПРИЄМСТВО ""КОСМІЧНА ІННОВАЦІЙНО-ІНВЕСТИЦІЙНА КОМПАНІЯ""","28784","ФОНД ДЕРЖАВНОГО МАЙНА УКРАЇНИ ","ДП"
"1761","ГНІЗДИЧІВСЬКИЙ ДЕРЖАВНИЙ СПИРТОВИЙ ЗАВОД","28784","ФОНД ДЕРЖАВНОГО МАЙНА УКРАЇНИ ","ДП"
"1762","ДЕРЖАВНЕ ПІДПРИЄМСТВО ""АПТЕКА""","28784","ФОНД ДЕРЖАВНОГО МАЙНА УКРАЇНИ ","ДП"
"1763","ДЕРЖАВНЕ ПІДПРИЄМСТВО ""ЦЕНТР АЛЬТЕРНАТИВНИХ ВИДІВ ПАЛИВА""","28784","ФОНД ДЕРЖАВНОГО МАЙНА УКРАЇНИ ","ДП"
"1764","ДЕРЖАВНЕ ПІДПРИЄМСТВО ""УКРРИБА""","28784","ФОНД ДЕРЖАВНОГО МАЙНА УКРАЇНИ ","ДП"
"1765","ДЕРЖАВНЕ ПІДПРИЄМСТВО З ВПРОВАДЖЕННЯ І КОНСТРУЮВАННЯ ЗАХОДІВ ЗАХИСТУ БУДІВЕЛЬ І СПОРУД НАЦІОНАЛЬНОЇ АКАДЕМІЇ НАУК УКРАЇНИ","28784","ФОНД ДЕРЖАВНОГО МАЙНА УКРАЇНИ ","ДП"
"1766","ЗАЛІЗЕЦЬКА ДЕРЖАВНА СІЛЬСЬКОГОСПОДАРСЬКА МАШИННО-ТЕХНОЛОГІЧНА СТАНЦІЯ","28784","ФОНД ДЕРЖАВНОГО МАЙНА УКРАЇНИ ","ДП"
"1767","ДЕРЖАВНЕ ПІДПРИЄМСТВО ІНЖЕНЕРНОЇ ГЕОДЕЗІЇ ""АЗОВІНЖГЕОДЕЗІЯ""","28784","ФОНД ДЕРЖАВНОГО МАЙНА УКРАЇНИ ","ДП"
"1768","ДЕРЖАВНЕ ПІДПРИЄМСТВО ""НАУКОВИЙ ЦЕНТР ТОЧНОГО МАШИНОБУДУВАННЯ""","28784","ФОНД ДЕРЖАВНОГО МАЙНА УКРАЇНИ ","ДП"
"1769","ХАРКІВСЬКИЙ ФУМІГАЦІЙНИЙ ЗАГІН","28784","ФОНД ДЕРЖАВНОГО МАЙНА УКРАЇНИ ","ДП"
"1770","ДЕРЖАВНЕ ПІДПРИЄМСТВО ""ДОСЛІДНЕ ГОСПОДАРСТВО ""ПЕРЕМОГА"" ПРИКАРПАТСЬКОЇ ДЕРЖАВНОЇ СІЛЬСЬКОГОСПОДАРСЬКОЇ ДОСЛІДНОЇ СТАНЦІЇ ІНСТИТУТУ СІЛЬСЬКОГО ГОСПОДАРСТВА КАРПАТСЬКОГО РЕГІОНУ НАЦІОНАЛЬНОЇ АКАДЕМ","28784","ФОНД ДЕРЖАВНОГО МАЙНА УКРАЇНИ ","ДП"
"1771","ДЕРЖАВНЕ ПІДПРИЄМСТВО ""УКРАЇНСЬКИЙ ГАЛУЗЕВИЙ НАУКОВО-ІНЖЕНЕРНИЙ ЦЕНТР ""УКРЕНЕРГОДІАГНОСТИКА""","28784","ФОНД ДЕРЖАВНОГО МАЙНА УКРАЇНИ ","ДП"
"1772","ДЕРЖАВНЕ ПІДПРИЄМСТВО ""ВІСНИК ШАХТАРЯ""","28784","ФОНД ДЕРЖАВНОГО МАЙНА УКРАЇНИ ","ДП"
"1773","ДЕРЖАВНЕ ПІДПРИЄМСТВО ""УКРМЕДДІЯЛЬНІСТЬ"" МІНІСТЕРСТВА ОХОРОНИ ЗДОРОВ'Я УКРАЇНИ","28784","ФОНД ДЕРЖАВНОГО МАЙНА УКРАЇНИ ","ДП"
"1774","ДЕРЖАВНЕ ПІДПРИЄМСТВО ""ФУМІГАЦІЙНИЙ ЗАГІН""","28784","ФОНД ДЕРЖАВНОГО МАЙНА УКРАЇНИ ","ДП"
"1775","ДЕРЖАВНЕ ПІДПРИЄМСТВО ""ШАХТА ІМЕНІ СЕРГІЯ МИРОНОВИЧА КІРОВА""","28784","ФОНД ДЕРЖАВНОГО МАЙНА УКРАЇНИ ","ДП"
"1776","ДЕРЖАВНЕ ПІДПРИЄМСТВО ШАХТА ГОЛУБІВСЬКА","28784","ФОНД ДЕРЖАВНОГО МАЙНА УКРАЇНИ ","ДП"
"1777","ДЕРЖАВНЕ ПІДПРИЄМСТВО ""ШАХТА""ПЕРЕВАЛЬСЬКА""","28784","ФОНД ДЕРЖАВНОГО МАЙНА УКРАЇНИ ","ДП"
"1778","ДЕРЖАВНЕ ПІДПРИЄМСТВО ДЕРЖАВНА НОВОГАЛЕЩИНСЬКА БІОЛОГІЧНА ФАБРИКА","28784","ФОНД ДЕРЖАВНОГО МАЙНА УКРАЇНИ ","ДП"
"1779","ДЕРЖАВНЕ ПІДПРИЄМСТВО ""ТЕПЛОЕЛЕКТРОЦЕНТРАЛЬ-2 ""ЕСХАР""","28784","ФОНД ДЕРЖАВНОГО МАЙНА УКРАЇНИ ","ДП"
"1780","МАНЯТИНСЬКА ДЕРЖАВНА СІЛЬСЬКОГОСПОДАРСЬКА МАШИННО-ТЕХНОЛОГІЧНА СТАНЦІЯ","28784","ФОНД ДЕРЖАВНОГО МАЙНА УКРАЇНИ ","ДП"
"1781","ДЕРЖАВНЕ ПІДПРИЄМСТВО ""ЕКОЕНЕРГОПРОМ""","28784","ФОНД ДЕРЖАВНОГО МАЙНА УКРАЇНИ ","ДП"
"1782","ДЕРЖАВНЕ ПІДПРИЄМСТВО МІЖГОСПОДАРСЬКИЙ СПЕЦІАЛІЗОВАНИЙ ЦЕНТР ПО ІНЖЕНЕРНОМУ І ТЕХНОЛОГІЧНОМУ ЗАБЕЗПЕЧЕННЮ БУРЯКОЦУКРОВОГО ВИРОБНИЦТВА ""СУМИПРОМАГРОПОСТАЧ""","28784","ФОНД ДЕРЖАВНОГО МАЙНА УКРАЇНИ ","ДП"
"1783","ДЕРЖАВНЕ ПІДПРИЄМСТВО ""ДОСЛІДНЕ ГОСПОДАРСТВО БАХМУТСЬКОЇ ДОСЛІДНОЇ СТАНЦІЇ РОЗСАДНИЦТВА ІНСТИТУТУ САДІВНИЦТВА НАЦІОНАЛЬНОЇ АКАДЕМІЇ АГРАРНИХ НАУК УКРАЇНИ""","28784","ФОНД ДЕРЖАВНОГО МАЙНА УКРАЇНИ ","ДП"
"1784","ДЕРЖАВНЕ ПІДПРИЄМСТВО ПО ЗБУТУ ВУГІЛЬНОЇ ПРОДУКЦІЇ ""БУРВУГЛЕЗБУТ""","28784","ФОНД ДЕРЖАВНОГО МАЙНА УКРАЇНИ ","ДП"
"1785","ДЕРЖАВНИЙ ГОСПРОЗРАХУНКОВИЙ НАУКОВО-ТЕХНІЧНИЙ ЦЕНТР ЛОКАЛЬНОГО ПРОГНОЗУВАННЯ І ДОСЛІДЖЕННЯ РОДОВИЩ БЛАГОРОДНИХ І РІДКІСНИХ МЕТАЛІВ","28784","ФОНД ДЕРЖАВНОГО МАЙНА УКРАЇНИ ","ДП"
"1786","ВИРОБНИЧЕ ОБ'ЄДНАННЯ ПО ВИДОБУТКУ БУРОГО ВУГІЛЛЯ ТА ЙОГО ПЕРЕРОБЦІ ""БУРВУГЛЕКОМПЛЕКС""","28784","ФОНД ДЕРЖАВНОГО МАЙНА УКРАЇНИ ","ДП"
"1787","ДЕРЖАВНЕ НАУКОВО-ВИРОБНИЧЕ ПІДПРИЄМСТВО ""АЕРОГЕОДЕЗІЯ""","28784","ФОНД ДЕРЖАВНОГО МАЙНА УКРАЇНИ ","ДП"
"1788","ЦЕНТР ДІАГНОСТИЧНИХ ДОСЛІДЖЕНЬ ПРИРОДНИХ ТА ТЕХНОГЕННИХ ОБ'ЄКТІВ","28784","ФОНД ДЕРЖАВНОГО МАЙНА УКРАЇНИ ","ДП"
"1789","ДЕРЖАВНЕ ПІДПРИЄМСТВО КРИМСЬКИЙ РЕГІОНАЛЬНИЙ ЦЕНТР ДЕРЖАВНОГО ЗЕМЕЛЬНОГО КАДАСТРУ","28784","ФОНД ДЕРЖАВНОГО МАЙНА УКРАЇНИ ","ДП"
"1790","КОТОВСЬКА ДЕРЖАВНА СІЛЬСЬКОГОСПОДАРСЬКА МАШИНО-ТЕХНОЛОГІЧНА СТАНЦІЯ","28784","ФОНД ДЕРЖАВНОГО МАЙНА УКРАЇНИ ","ДП"
"1791","ПІДПРИЄМСТВО ""МАЛИНІВСЬКИЙ ДЕРЖАВНИЙ МАШИНОБУДІВНИЙ ЗАВОД""","28784","ФОНД ДЕРЖАВНОГО МАЙНА УКРАЇНИ ","ДП"
"1792","ДЕРЖАВНЕ ПІДПРИЄМСТВО ""ІЗЮМСЬКИЙ ДЕРЖАВНИЙ ЗАВОД ОФТАЛЬМОЛОГІЧНОЇ ЛІНЗИ""","28784","ФОНД ДЕРЖАВНОГО МАЙНА УКРАЇНИ ","ДП"
"1793","ДЕРЖАВНЕ НАУКОВО-ВИРОБНИЧЕ ПІДПРИЄМСТВО ""АЛКОН-ТВЕРДОСПЛАВ"" НАУКОВО-ТЕХНОЛОГІЧНОГО АЛМАЗНОГО КОНЦЕРНУ ""АЛКОН"" НАЦІОНАЛЬНОЇ АКАДЕМІЇ НАУК УКРАЇНИ","28784","ФОНД ДЕРЖАВНОГО МАЙНА УКРАЇНИ ","ДП"
"1794","ДЕРЖАВНЕ ГОСПРОЗРАХУНКОВЕ ПІДПРИЄМСТВО ""АЛМАЗІНСТРУМЕНТ"" НАН УКРАЇНИ","28784","ФОНД ДЕРЖАВНОГО МАЙНА УКРАЇНИ ","ДП"
"1795","ДЕРЖАВНЕ ПІДПРИЄМСТВО ""ПІВДЕННИЙ РЕГІОНАЛЬНИЙ ІНФОРМАЦІЙНО-НАВЧАЛЬНИЙ ЦЕНТР З ПИТАНЬ БАНКРУТСТВА""","28784","ФОНД ДЕРЖАВНОГО МАЙНА УКРАЇНИ ","ДП"
"1796","МІЖВІДОМЧИЙ НАУКОВО-ДОСЛІДНИЙ ГОСПРОЗРАХУНКОВИЙ ЦЕНТР ГЕОДИНАМІЧНИХ ДОСЛІДЖЕНЬ","28784","ФОНД ДЕРЖАВНОГО МАЙНА УКРАЇНИ ","ДП"
"1797","ДЕРЖАВНЕ ПІДПРИЄМСТВО ""УПРАВЛІННЯ З ЕКСПЛУАТАЦІЇ АДМІНБУДИНКІВ""","28784","ФОНД ДЕРЖАВНОГО МАЙНА УКРАЇНИ ","ДП"
"1798","ДЕРЖАВНЕ ПІДПРИЄМСТВО КІЛЬЧЕНСЬКА ДЕРЖАВНА СІЛЬСЬКОГОСПОДАРСЬКА МАШИНО-ТЕХНОЛОГІЧНА СТАНЦІЯ","28784","ФОНД ДЕРЖАВНОГО МАЙНА УКРАЇНИ ","ДП"
"1799","""ДЕРЖАВНЕ ПРОМИСЛОВО-ВИРОБНИЧЕ ПІДПРИЄМСТВО""","28784","ФОНД ДЕРЖАВНОГО МАЙНА УКРАЇНИ ","ДП"
"1800","ВИРОБНИЧЕ ОБ'ЄДНАННЯ З ВИДОБУТКУ ВУГІЛЛЯ ""КРАСНОАРМІЙСКВУГІЛЛЯ""","28784","ФОНД ДЕРЖАВНОГО МАЙНА УКРАЇНИ ","ДП"
"1801","ДЕРЖАВНЕ НАУКОВО-ПРОМИСЛОВЕ ПІДПРИЄМСТВО ""УКРЕНЕРГОМАШ""","28784","ФОНД ДЕРЖАВНОГО МАЙНА УКРАЇНИ ","ДП"
"1802","ДЕРЖАВНЕ ПІДПРИЄМСТВО ""ПІВНІЧНО-СХІДНИЙ РЕГІОНАЛЬНИЙ ЕКСПЕРТНИЙ ЦЕНТР З ЕНЕРГОЗБЕРЕЖЕННЯ""","28784","ФОНД ДЕРЖАВНОГО МАЙНА УКРАЇНИ ","ДП"
"1803","ДЕРЖАВНЕ ПІДПРИЄМСТВО ""НАУКОВО-ТЕХНІЧНИЙ ЦЕНТР ОЦІНКИ ВІДПОВІДНОСТІ У БУДІВНИЦТВІ ""БУДЦЕНТР""","28784","ФОНД ДЕРЖАВНОГО МАЙНА УКРАЇНИ ","ДП"
"1804","ДЕРЖАВНЕ ПІДПРИЄМСТВО ""ПІВДЕНЬ-ОЛЬВІЯ""","28784","ФОНД ДЕРЖАВНОГО МАЙНА УКРАЇНИ ","ДП"
"1805","ЧЕРНІГІВСЬКА ДЕРЖАВНА СІЛЬСЬКОГОСПОДАРСЬКА МАШИННО-ТЕХНОЛОГІЧНА СТАНЦІЯ","28784","ФОНД ДЕРЖАВНОГО МАЙНА УКРАЇНИ ","ДП"
"1806","ДЕРЖАВНЕ ПІДПРИЄМСТВО ""АЛЬТЕРНАТИВА-ВС""","28784","ФОНД ДЕРЖАВНОГО МАЙНА УКРАЇНИ ","ДП"
"1807","ДЕРЖАВНЕ ПІДПРИЄМСТВО ""ДНІПРОПЕТРОВСЬКАВТОТРАНССЕРВІС""","28784","ФОНД ДЕРЖАВНОГО МАЙНА УКРАЇНИ ","ДП"
"1808","ДЕРЖАВНЕ ПІДПРИЄМСТВО ""КІРОВОГРАДСЬКИЙ ОБЛАСНИЙ ЦЕНТР АДАПТАЦІЇ ВІЙСЬКОВОСЛУЖБОВЦІВ""","28784","ФОНД ДЕРЖАВНОГО МАЙНА УКРАЇНИ ","ДП"
"1809","СТРИЙСЬКА ДЕРЖАВНА СІЛЬСЬКОГОСПОДАРСЬКА МАШИННО-ТЕХНОЛОГІЧНА СТАНЦІЯ","28784","ФОНД ДЕРЖАВНОГО МАЙНА УКРАЇНИ ","ДП"
"1810","ДЕРЖАВНЕ ПІДПРИЄМСТВО ШИРОКІВСЬКА ДЕРЖАВНА СІЛЬСЬКОГОСПОДАРСЬКА МАШИНО-ТЕХНОЛОГІЧНА СТАНЦІЯ","28784","ФОНД ДЕРЖАВНОГО МАЙНА УКРАЇНИ ","ДП"
"1811","ДЕРЖАВНЕ ПІДПРИЄМСТВО ""ПРОММАРКЕТ""","28784","ФОНД ДЕРЖАВНОГО МАЙНА УКРАЇНИ ","ДП"
"1812","КОВЕЛЬСЬКА РАЙОННА ДЕРЖАВНА СІЛЬСЬКОГОСПОДАРСЬКА МАШИННО - ТЕХНОЛОГІЧНА СТАНЦІЯ","28784","ФОНД ДЕРЖАВНОГО МАЙНА УКРАЇНИ ","ДП"
"1813","ДЕРЖАВНЕ ПІДПРИЄМСТВО ""РЕЙТИНГОВА АГЕНЦІЯ ПРОМИСЛОВОСТІ""","28784","ФОНД ДЕРЖАВНОГО МАЙНА УКРАЇНИ ","ДП"
"1814","ДЕРЖАВНЕ ПІДПРИЄМСТВО ПІДЗЕМНОГО ХАРЧУВАННЯ","28784","ФОНД ДЕРЖАВНОГО МАЙНА УКРАЇНИ ","ДП"
"1815","ДЕРЖАВНЕ ПІДПРИЄМСТВО ""ДОНЕЦЬКАВТОТРАНССЕРВІС""","28784","ФОНД ДЕРЖАВНОГО МАЙНА УКРАЇНИ ","ДП"
"1816","ДЕРЖАВНЕ ПІДПРИЄМСТВО МІНІСТЕРСТВА ВНУТРІШНІХ СПРАВ УКРАЇНИ ""СПЕЦСЕРВІС""","28784","ФОНД ДЕРЖАВНОГО МАЙНА УКРАЇНИ ","ДП"
"1817","ДЕРЖАВНЕ ПІДПРИЄМСТВО ""ЦЕНТРАЛЬНЕ АГЕНТСТВО З ЕНЕРГЕТИЧНИХ ОБСТЕЖЕНЬ""","28784","ФОНД ДЕРЖАВНОГО МАЙНА УКРАЇНИ ","ДП"
"1818","ДЕРЖАВНЕ ПІДПРИЄМСТВО ПЕРСОНІФІКАЦІЇ ВИПУСКНОЇ ДОКУМЕНТАЦІЇ ""ОСВІТА-ЦЕНТР"" МІНОСВІТИ І НАУКИ УКРАЇНИ","28784","ФОНД ДЕРЖАВНОГО МАЙНА УКРАЇНИ ","ДП"
"1819","ДЕРЖАВНЕ ПІДПРИЄМСТВО ""РЕГІОНАЛЬНИЙ МЕДИКО-РЕАБІЛІТАЦІЙНИЙ ЦЕНТР""","28784","ФОНД ДЕРЖАВНОГО МАЙНА УКРАЇНИ ","ДП"
"1820","ДЕРЖАВНЕ ПІДПРИЄМСТВО ""ЧЕРКАСЬКИЙ ОБЛАСНИЙ ФОНД ПІДТРИМКИ ІНДИВІДУАЛЬНОГО ЖИТЛОВОГО БУДІВНИЦТВА НА СЕЛІ""","28784","ФОНД ДЕРЖАВНОГО МАЙНА УКРАЇНИ ","ДП"
"1821","ДЕРЖАВНЕ ПІДПРИЄМСТВО ""УКРОБОРОНЛІЗИНГ""","28784","ФОНД ДЕРЖАВНОГО МАЙНА УКРАЇНИ ","ДП"
"1822","ДЕРЖАВНЕ ПІДПРИЄМСТВО ""ДЕРЖАВНИЙ РЕЗЕРВНИЙ НАСІННЄВИЙ ФОНД УКРАЇНИ""","28784","ФОНД ДЕРЖАВНОГО МАЙНА УКРАЇНИ ","ДП"
"1823","ДЕРЖАВНЕ ПІДПРИЄМСТВО ""СЕВАСТОПОЛЬСЬКЕ УПРАВЛІННЯ ОКЕАНІЧНОГО РИБОЛОВСТВА""","28784","ФОНД ДЕРЖАВНОГО МАЙНА УКРАЇНИ ","ДП"
"1824","НАВЧАЛЬНО-НАУКОВО-МЕТОДИЧНИЙ ЦЕНТР ""ТРАНССЕРВІС"" ПРИ ІНСТИТУТІ ПЕРЕПІДГОТОВКИ ТА ПІДВИЩЕННЯ КВАЛІФІКАЦІЇ КАДРІВ УКРАЇНСЬКОЇ ДЕРЖАВНОЇ АКАДЕМІЇ ЗАЛІЗНИЧНОГО ТРАНСПОРТУ","28784","ФОНД ДЕРЖАВНОГО МАЙНА УКРАЇНИ ","ДП"
"1825","ДЕРЖАВНЕ ПІДПРИЄМСТВО ""ЦЕНТР АНКЕРНОГО КРІПЛЕННЯ","28784","ФОНД ДЕРЖАВНОГО МАЙНА УКРАЇНИ ","ДП"
"1826","ДЕРЖАВНЕ ПІДПРИЄМСТВО ""УКРАЇНСЬКИЙ НАУКОВО-МЕТОДИЧНИЙ ЦЕНТР ПРОФЕСІЙНОГО РОЗВИТКУ""","28784","ФОНД ДЕРЖАВНОГО МАЙНА УКРАЇНИ ","ДП"
"1827","ДЕРЖАВНЕ ПІДПРИЄМСТВО ""НАУКОВО-МЕДИЧНИЙ ШАХТАРСЬКИЙ ЦЕНТР""","28784","ФОНД ДЕРЖАВНОГО МАЙНА УКРАЇНИ ","ДП"
"1828","ДЕРЖАВНЕ ПІДПРИЄМСТВО ""ХАРКІВСЬКИЙ ЗАВОД ШАМПАНСЬКИХ ВИН""","28784","ФОНД ДЕРЖАВНОГО МАЙНА УКРАЇНИ ","ДП"
"1829","ДЕРЖАВНЕ ПІДПРИЄМСТВО ""ДНІПРОПЕТРОВСЬКИЙ РЕГІОНАЛЬНИЙ ЦЕНТР РОЗВИТКУ""","28784","ФОНД ДЕРЖАВНОГО МАЙНА УКРАЇНИ ","ДП"
"1830","ДЕРЖАВНЕ ПІДПРИЄМСТВО ШАХТА ""ЖОВТНЕВА""","28784","ФОНД ДЕРЖАВНОГО МАЙНА УКРАЇНИ ","ДП"
"1831","РЕГІОНАЛЬНЕ ДЕРЖАВНЕ ПІДПРИЄМСТВО СЕВАСТОПОЛЬСЬКИЙ ЦЕНТР ДЕРЖАВНОГО ЗЕМЕЛЬНОГО КАДАСТРУ","28784","ФОНД ДЕРЖАВНОГО МАЙНА УКРАЇНИ ","ДП"
"1832","ДЕРЖАВНЕ ПІДПРИЄМСТВО МІНІСТЕРСТВА ОБОРОНИ УКРАЇНИ ""УКРВІЙСЬККУРОРТ""","28784","ФОНД ДЕРЖАВНОГО МАЙНА УКРАЇНИ ","ДП"
"1833","ДЕРЖАВНЕ ВИРОБНИЧЕ ПІДПРИЄМСТВО ""УКРФІЛЬТР""","28784","ФОНД ДЕРЖАВНОГО МАЙНА УКРАЇНИ ","ДП"
"1834","ДЕРЖАВНЕ НАУКОВО-ТЕХНОЛОГІЧНЕ ВИРОБНИЧЕ ПІДПРИЄМСТВО ""ВЕРЕСК""","28784","ФОНД ДЕРЖАВНОГО МАЙНА УКРАЇНИ ","ДП"
"1835","ДЕРЖАВНЕ ПІДПРИЄМСТВО ""ТОРГОВИЙ ДІМ ""НІКІТСЬКИЙ САД"" НІКІТСЬКОГО БОТАНІЧНОГО САДУ - НАЦІОНАЛЬНОГО НАУКОВОГО ЦЕНТРУ","28784","ФОНД ДЕРЖАВНОГО МАЙНА УКРАЇНИ ","ДП"
"1836","ДЕРЖАВНЕ ПІДПРИЄМСТВО ""ЗЕМЕЛЬНІ РЕСУРСИ МІСТА ЯЛТА""","28784","ФОНД ДЕРЖАВНОГО МАЙНА УКРАЇНИ ","ДП"
"1837","ДЕРЖАВНЕ ПІДПРИЄМСТВО ""ШАХТА ІМ.Ф.П.ЛЮТІКОВА""","28784","ФОНД ДЕРЖАВНОГО МАЙНА УКРАЇНИ ","ДП"
"1838","ДЕРЖАВНЕ ПІДПРИЄМСТВО ""ШАХТА №17-17 ""БІС""","28784","ФОНД ДЕРЖАВНОГО МАЙНА УКРАЇНИ ","ДП"
"1839","ОКЕАНОЛОГІЧНИЙ ЦЕНТР НАЦІОНАЛЬНОЇ АКАДЕМІЇ НАУК УКРАЇНИ","28784","ФОНД ДЕРЖАВНОГО МАЙНА УКРАЇНИ ","ДП"
"1840","ДЕРЖАВНЕ ПІДПРИЄМСТВО ""НАШ ДІМ""","28784","ФОНД ДЕРЖАВНОГО МАЙНА УКРАЇНИ ","ДП"
"1841","ДЕРЖАВНЕ ПІДПРИЄМСТВО ""УКРКОНВЕРСБУД""","28784","ФОНД ДЕРЖАВНОГО МАЙНА УКРАЇНИ ","ДП"
"1842","ДЕРЖАВНЕ ПІДПРИЄМСТВО - СПЕЦІАЛІЗОВАНА ГОСПРОЗРАХУНКОВА ЗБРОЙНА МАЙСТЕРНЯ ГУМВС УКРАЇНИ В М. КИЄВІ","28784","ФОНД ДЕРЖАВНОГО МАЙНА УКРАЇНИ ","ДП"
"1843","ДЕРЖАВНЕ ПІДПРИЄМСТВО ""ПОДОРОЖНЕНСЬКИЙ РУДНИК""","28784","ФОНД ДЕРЖАВНОГО МАЙНА УКРАЇНИ ","ДП"
"1844","ДЕРЖАВНЕ ПІДПРИЄМСТВО ШАХТА ""ОБ'ЄДНАНА""","28784","ФОНД ДЕРЖАВНОГО МАЙНА УКРАЇНИ ","ДП"
"1845","ДЕРЖАВНЕ ПІДПРИЄМСТВО ""ГОЛОВИНО-СЕРВІС"" УКРАЇНСЬКОЇ ДЕРЖАВНОЇ КОРПОРАЦІЇ ПРОМИСЛОВОСТІ БУДІВЕЛЬНИХ МАТЕРІАЛІВ ""УКРБУДМАТЕРІАЛИ""","28784","ФОНД ДЕРЖАВНОГО МАЙНА УКРАЇНИ ","ДП"
"1846","ДЕРЖАВНЕ ПІДПРИЄМСТВО ""СПОРТИВНА АПТЕКА""","28784","ФОНД ДЕРЖАВНОГО МАЙНА УКРАЇНИ ","ДП"
"1847","ДЕРЖАВНЕ ПІДПРИЄМСТВО ЦЕНТР КОМПЛЕКСНИХ АВТОМАТИЗОВАНИХ СИСТЕМ КЕРУВАННЯ""","28784","ФОНД ДЕРЖАВНОГО МАЙНА УКРАЇНИ ","ДП"
"1848","ДЕРЖАВНЕ ПІДПРИЄМСТВО ""СІЛЬСЬКОГОСПОДАРСЬКЕ ПІДПРИЄМСТВО ""УКРАЇНА""","28784","ФОНД ДЕРЖАВНОГО МАЙНА УКРАЇНИ ","ДП"
"1849","ДЕРЖАВНЕ ПІДПРИЄМСТВО ""ІНВЕСТИЦІЙНО-ІННОВАЦІЙНИЙ ЦЕНТР""","28784","ФОНД ДЕРЖАВНОГО МАЙНА УКРАЇНИ ","ДП"
"1850","ДЕРЖАВНЕ ПІДПРИЄМСТВО ""КРИМСЬКІ ГЕНЕРУЮЧІ СИСТЕМИ""","28784","ФОНД ДЕРЖАВНОГО МАЙНА УКРАЇНИ ","ДП"
"1851","ВЕРХОВИНСЬКЕ РАЙОННЕ ДОРОЖНЄ ДЕРЖАВНЕ ПІДПРИЄМСТВО (ВЕРХОВИНСЬКИЙ РАЙАВТОДОР)","28784","ФОНД ДЕРЖАВНОГО МАЙНА УКРАЇНИ ","ДП"
"1852","ДЕРЖАВНЕ СІЛЬСЬКОГОСПОДАРСЬКЕ ПІДПРИЄМСТВО ""КОТИКІВКА""","28784","ФОНД ДЕРЖАВНОГО МАЙНА УКРАЇНИ ","ДП"
"1853","ДЕРЖАВНЕ ПІДПРИЄМСТВО ШАХТА № 6 ""ЧЕРВОНА ЗІРКА"" МІНІСТЕРСТВА ПАЛИВА ТА ЕНЕРГЕТИКИ УКРАЇНИ","28784","ФОНД ДЕРЖАВНОГО МАЙНА УКРАЇНИ ","ДП"
"1854","ДЕРЖАВНЕ ПІДПРИЄМСТВО ""КОНВЕРСЕНЕРГО""","28784","ФОНД ДЕРЖАВНОГО МАЙНА УКРАЇНИ ","ДП"
"1855","ДЕРЖАВНА ГОСПРОЗРАХУНКОВА УСТАНОВА АГЕНТСТВО З ПИТАНЬ БАНКРУТСТВА","28784","ФОНД ДЕРЖАВНОГО МАЙНА УКРАЇНИ ","ДП"
"1856","ДЕРЖАВНЕ ПІДПРИЄМСТВО МІНІСТЕРСТВА ОБОРОНИ УКРАЇНИ ""АЕРОПОРТ ЛЬВІВ-2""","28784","ФОНД ДЕРЖАВНОГО МАЙНА УКРАЇНИ ","ДП"
"1857","КРИМСЬКЕ ОБ'ЄДНАННЯ ДЕРЖАВНИХ ДОРОЖНІХ ПІДПРИЄМСТВ (КРИМСЬКИЙ АВТОДОР)","28784","ФОНД ДЕРЖАВНОГО МАЙНА УКРАЇНИ ","ДП"
"1858","НАУКОВО-ТЕХНІЧНИЙ КОНЦЕРН ""ІНСТИТУТ ПРОБЛЕМ МАШИНОБУДУВАННЯ ""НАН УКРАЇНИ""","28784","ФОНД ДЕРЖАВНОГО МАЙНА УКРАЇНИ ","ДП"
"1859","ДЕРЖАВНЕ ПІДПРИЄМСТВО ВОДНИХ ШЛЯХІВ ""УСТЬДУНАЙВОДШЛЯХ""","28784","ФОНД ДЕРЖАВНОГО МАЙНА УКРАЇНИ ","ДП"
"1860","ДЕРЖАВНЕ ПІДПРИЄМСТВО ""ТОРФОДОБУВНЕ ПІДПРИЄМСТВО ""КЛЕСІВТОРФ""","28784","ФОНД ДЕРЖАВНОГО МАЙНА УКРАЇНИ ","ДП"
"1861","ДЕРЖАВНЕ ПІДПРИЄМСТВО ""ІНФОРМАЦІЙНО-АНАЛІТИЧНЕ АГЕНТСТВО""","28784","ФОНД ДЕРЖАВНОГО МАЙНА УКРАЇНИ ","ДП"
"1862","ДЕРЖАВНЕ ПІДПРИЄМСТВО ""СЕРВІСНИЙ ЦЕНТР МІНІСТЕРСТВА ДОХОДІВ І ЗБОРІВ УКРАЇНИ У ДОНЕЦЬКІЙ ОБЛАСТІ""","28784","ФОНД ДЕРЖАВНОГО МАЙНА УКРАЇНИ ","ДП"
"1863","ДЕРЖАВНЕ ПІДПРИЄМСТВО ЛУГАНСЬКИЙ ДЕРЖАВНИЙ ОБЛАСНИЙ ОПТОВИЙ ПРОДОВОЛЬЧИЙ РИНОК","28784","ФОНД ДЕРЖАВНОГО МАЙНА УКРАЇНИ ","ДП"
"1864","ДЕРЖАВНЕ ПІДПРИЄМСТВО ""КРИВОРІЗЬКИЙ ЕКСПЕРТНО-ТЕХНІЧНИЙ ЦЕНТР ДЕРЖПРАЦІ""","28784","ФОНД ДЕРЖАВНОГО МАЙНА УКРАЇНИ ","ДП"
"1865","ДЕРЖАВНЕ ПІДПРИЄМСТВО ""ШАХТА ""КІРОВСЬКА""","28784","ФОНД ДЕРЖАВНОГО МАЙНА УКРАЇНИ ","ДП"
"1866","ДЕРЖАВНЕ ПІДПРИЄМСТВО ""АКАДЕМВТОРРЕСУРС""","28784","ФОНД ДЕРЖАВНОГО МАЙНА УКРАЇНИ ","ДП"
"1867","ДЕРЖАВНЕ ПІДПРИЄМСТВО КРИМСЬКИЙ РЕГІОНАЛЬНИЙ ІННОВАЦІЙНИЙ ЦЕНТР ТЕХНОЛОГІЧНОГО РОЗВИТКУ","28784","ФОНД ДЕРЖАВНОГО МАЙНА УКРАЇНИ ","ДП"
"1868","ДЕРЖАВНЕ ПІДПРИЄМСТВО ""ДОНТЕПЛОМАШ""","28784","ФОНД ДЕРЖАВНОГО МАЙНА УКРАЇНИ ","ДП"
"1869","ДЕРЖАВНЕ ПІДПРИЄМСТВО ""АГРОФІРМА ""МАГАРАЧ"" НАЦІОНАЛЬНОГО ІНСТИТУТУ ВИНОГРАДУ І ВИНА ""МАГАРАЧ""","28784","ФОНД ДЕРЖАВНОГО МАЙНА УКРАЇНИ ","ДП"
"1870","ДЕРЖАВНЕ МІЖГАЛУЗЕВЕ НАУКОВО-ТЕХНІЧНЕ ПІДПРИЄМСТВО ""ЦЕНТР ПРОМИСЛОВИХ ТЕХНОЛОГІЙ""","28784","ФОНД ДЕРЖАВНОГО МАЙНА УКРАЇНИ ","ДП"
"1871","ДЕРЖАВНЕ ПІДПРИЄМСТВО ""РЕМБУДТРАНС"" ВИРОБНИЧОГО ОБ'ЄДНАННЯ ""БУРВУГЛЕКОМПЛЕКС"" МІНІСТЕРСТВА ПАЛИВА ТА ЕНЕРГЕТИКИ УКРАЇНИ","28784","ФОНД ДЕРЖАВНОГО МАЙНА УКРАЇНИ ","ДП"
"1872","ДЕРЖАВНЕ ПІДПРИЄМСТВО ""ХМЕЛЬНИЦЬКЕ""","28784","ФОНД ДЕРЖАВНОГО МАЙНА УКРАЇНИ ","ДП"
"1873","ДЕРЖАВНЕ ПІДПРИЄМСТВО ГІДРОГЕОЛОГІЧНОГО ЗАХИСТУ ""ШАХТА 2-БІС""","28784","ФОНД ДЕРЖАВНОГО МАЙНА УКРАЇНИ ","ДП"
"1874","ОДЕСЬКЕ ДЕРЖАВНЕ ПІДПРИЄМСТВО ПО ВИРОБНИЧОМУ І КОМЕРЦІЙНОМУ ОБСЛУГОВУВАННЮ ЦУКРОВИХ ЗАВОДІВ ""ПІВДЕНЬКРИСТАЛ""","28784","ФОНД ДЕРЖАВНОГО МАЙНА УКРАЇНИ ","ДП"
"1875","ДЕРЖАВНЕ ПІДПРИЄМСТВО - КООРДИНАЦІЙНИЙ ІНФОРМАЦІЙНИЙ ЦЕНТР НАЦІОНАЛЬНОЇ ІНФОРМАЦІЙНОЇ МЕРЕЖІ З ЕНЕРГОЗБЕРЕЖЕННЯ","28784","ФОНД ДЕРЖАВНОГО МАЙНА УКРАЇНИ ","ДП"
"1876","ДЕРЖАВНЕ ПІДПРИЄМСТВО ""КОНСТРУКТОРСЬКЕ БЮРО ""ІНФОРТ""","28784","ФОНД ДЕРЖАВНОГО МАЙНА УКРАЇНИ ","ДП"
"1877","ДЕРЖАВНЕ ПІДПРИЄМСТВО ""ШАХТА №9 ""КАПІТАЛЬНА""","28784","ФОНД ДЕРЖАВНОГО МАЙНА УКРАЇНИ ","ДП"
"1878","КИЇВСЬКЕ ДЕРЖАВНЕ АВІАЦІЙНЕ ПІДПРИЄМСТВО ""УНІВЕРСАЛ-АВІА""","28784","ФОНД ДЕРЖАВНОГО МАЙНА УКРАЇНИ ","ДП"
"1879","ДЕРЖАВНЕ ПІДПРИЄМСТВО ""УКРХІМТРАНСАМІАК""","28784","ФОНД ДЕРЖАВНОГО МАЙНА УКРАЇНИ ","ДП"
"1880","ДЕРЖАВНЕ ПІДПРИЄМСТВО ""НАУКОВО-ТЕХНОЛОГІЧНИЙ ЦЕНТР ""ПАТОН-ВІРМЕНІЯ"" ІНСТИТУТУ ЕЛЕКТРОЗВАРЮВАННЯ ІМ. Є.О. ПАТОНА НАН УКРАЇНИ","28784","ФОНД ДЕРЖАВНОГО МАЙНА УКРАЇНИ ","ДП"
"1881","ДЕРЖАВНЕ ПІДПРИЄМСТВО ""УКРРИБФЛОТ""","28784","ФОНД ДЕРЖАВНОГО МАЙНА УКРАЇНИ ","ДП"
"1882","ДЕРЖАВНЕ ПІДПРИЄМСТВО ""ЦЕНТР АЗІАТСЬКО-ТИХООКЕАНСЬКИХ ДОСЛІДЖЕНЬ ПРИ ІНСТИТУТІ СВІТОВОЇ ЕКОНОМІКИ І МІЖНАРОДНИХ ВІДНОСИН НАН УКРАЇНИ""","28784","ФОНД ДЕРЖАВНОГО МАЙНА УКРАЇНИ ","ДП"
"1883","ДЕРЖАВНЕ ПІДПРИЄМСТВО ""ДІБРІВСЬКИЙ КІННИЙ ЗАВОД №62""","28784","ФОНД ДЕРЖАВНОГО МАЙНА УКРАЇНИ ","ДП"
"1884","ДЕРЖАВНЕ ПІДПРИЄМСТВО ""УКРАЇНСЬКИЙ НАУКОВО-ТЕХНІЧНИЙ ЦЕНТР МЕТАЛУРГІЙНОЇ ПРОМИСЛОВОСТІ ""ЕНЕРГОСТАЛЬ""","28784","ФОНД ДЕРЖАВНОГО МАЙНА УКРАЇНИ ","ДП"
"1885","ДЕРЖАВНЕ ПІДПРИЄМСТВО ЧЕРКАСЬКИЙ ЦЕНТР ТУРИЗМУ","28784","ФОНД ДЕРЖАВНОГО МАЙНА УКРАЇНИ ","ДП"
"1886","ДЕРЖАВНЕ ПІДПРИЄМСТВО ""СЕНСОРКОМПЛЕКТ""","28784","ФОНД ДЕРЖАВНОГО МАЙНА УКРАЇНИ ","ДП"
"1887","ДЕРЖАВНЕ ПІДПРИЄМСТВО ""АГЕНТСТВО ""ІНТУРИСТ-ЧЕРНІГІВ""","28784","ФОНД ДЕРЖАВНОГО МАЙНА УКРАЇНИ ","ДП"
"1888","ДЕРЖАВНЕ ПІДПРИЄМСТВО ""ЗАВОД ""ПРАПОР""","28784","ФОНД ДЕРЖАВНОГО МАЙНА УКРАЇНИ ","ДП"
"1889","ДЕРЖАВНЕ ПІДПРИЄМСТВО ""ІНФОРМАЦІЙНО-ЕКСПЕРТНИЙ ЦЕНТР З ЕНЕРГОЗБЕРЕЖЕННЯ В МИКОЛАЇВСЬКІЙ ОБЛАСТІ""","28784","ФОНД ДЕРЖАВНОГО МАЙНА УКРАЇНИ ","ДП"
"1890","ДЕРЖАВНЕ ПІДПРИЄМСТВО ""ГОСПРОЗРАХУНКОВА АПТЕКА №6 НА СТАНЦІЇ КРАСНИЙ ЛИМАН""","28784","ФОНД ДЕРЖАВНОГО МАЙНА УКРАЇНИ ","ДП"
"1891","ДЕРЖАВНЕ ПІДПРИЄМСТВО ""ХАРКІВСЬКИЙ РАДІОЗАВОД ""ПРОТОН""","28784","ФОНД ДЕРЖАВНОГО МАЙНА УКРАЇНИ ","ДП"
"1892","ДЕРЖАВНЕ ПІДПРИЄМСТВО ""КОНВЕРС-СХІД""","28784","ФОНД ДЕРЖАВНОГО МАЙНА УКРАЇНИ ","ДП"
"1893","ДЕРЖАВНЕ ПІДПРИЄМСТВО ""ДОСЛІДНЕ ГОСПОДАРСТВО ""П'ЯДИЦЬКЕ"" ПРИКАРПАТСЬКОЇ ДЕРЖАВНОЇ СІЛЬСЬКОГОСПОДАРСЬКОЇ ДОСЛІДНОЇ СТАНЦІЇ ІНСТИТУТУ СІЛЬСЬКОГО ГОСПОДАРСТВА КАРПАТСЬКОГО РЕГІОНУ НАЦІОНАЛЬНОЇ АКАДЕ","28784","ФОНД ДЕРЖАВНОГО МАЙНА УКРАЇНИ ","ДП"
"1894","ДЕРЖАВНЕ ПІДПРИЄМСТВО ""ЛІКТРАВИ""","28784","ФОНД ДЕРЖАВНОГО МАЙНА УКРАЇНИ ","ДП"
"1895","ДЕРЖАВНЕ ПІДПРИЄМСТВО ""ТОРГОВИЙ ДІМ ІЦБ"" ІНСТИТУТУ БІОЕНЕРГЕТИЧНИХ КУЛЬТУР І ЦУКРОВИХ БУРЯКІВ НАЦІОНАЛЬНОЇ АКАДЕМІЇ АГРАРНИХ НАУК УКРАЇНИ","28784","ФОНД ДЕРЖАВНОГО МАЙНА УКРАЇНИ ","ДП"
"1896","ДЕРЖАВНЕ ПІДПРИЄМСТВО ""НАУКОВО-ДОСЛІДНИЙ ІНСТИТУТ ПРИКЛАДНОЇ АКУСТИКИ""","28784","ФОНД ДЕРЖАВНОГО МАЙНА УКРАЇНИ ","ДП"
"1897","ОБСЛУГОВУЮЧИЙ КООПЕРАТИВ УКРАЇНСЬКИЙ ДЕРЖАВНИЙ СЛАВІСТИЧНИЙ ЦЕНТР НАЦІОНАЛЬНОЇ АКАДЕМІЇ НАУК УКРАЇНИ ТА МІНІСТЕРСТВА ОСВІТИ І НАУКИ УКРАЇНИ","28784","ФОНД ДЕРЖАВНОГО МАЙНА УКРАЇНИ ","ДП"
"1898","ДЕРЖАВНЕ ПІДПРИЄМСТВО ""ОБУХІВСЬКЕ УПРАВЛІННЯ КОМПЛЕКСНОГО ЗАБЕЗПЕЧЕННЯ""","28784","ФОНД ДЕРЖАВНОГО МАЙНА УКРАЇНИ ","ДП"
"1899","ДЕРЖАВНЕ ПІДПРИЄМСТВО ШАХТА ""РОЗСИПНЯНСЬКА №2""","28784","ФОНД ДЕРЖАВНОГО МАЙНА УКРАЇНИ ","ДП"
"1900","ДЕРЖАВНЕ ПІДПРИЄМСТВО ""РОЗРАХУНКОВО-КЛІРИНГОВИЙ ЦЕНТР""","28784","ФОНД ДЕРЖАВНОГО МАЙНА УКРАЇНИ ","ДП"
"1901","ДЕРЖАВНЕ ПІДПРИЄМСТВО ""ДЕРЖАВНИЙ НАУКОВО-ТЕХНОЛОГІЧНИЙ ЦЕНТР ""НОВІТНІ МАТЕРІАЛИ І ТЕХНОЛОГІЇ ПОРОШКОВОЇ МЕТАЛУРГІЇ"" ІНСТИТУТУ ПРОБЛЕМ МАТЕРІАЛОЗНАВСТВА ІМ. І.М.ФРАНЦЕВИЧА НАЦІОНАЛЬНОЇ АКАДЕМІЇ НАУК УК","28784","ФОНД ДЕРЖАВНОГО МАЙНА УКРАЇНИ ","ДП"
"1902","ДЕРЖАВНЕ ПІДПРИЄМСТВО ""СНІЖНЕАНТРАЦИТ""","28784","ФОНД ДЕРЖАВНОГО МАЙНА УКРАЇНИ ","ДП"
"1903","ДЕРЖАВНЕ ПІДПРИЄМСТВО ""КОМПАНІЯ З ЗОВНІШНЬОЕКОНОМІЧНИХ ЗВ'ЯЗКІВ УКРАЇНИ ""АТЛАС""","28784","ФОНД ДЕРЖАВНОГО МАЙНА УКРАЇНИ ","ДП"
"1904","ДЕРЖАВНЕ ПІДПРИЄМСТВО ""ПОЛУПАНІВСЬКИЙ КАР'ЄР""","28784","ФОНД ДЕРЖАВНОГО МАЙНА УКРАЇНИ ","ДП"
"1905","ДЕРЖАВНЕ ПІДПРИЄМСТВО ""ОДЕСЬКИЙ НАУКОВО - ВИРОБНИЧИЙ ЦЕНТР ЕКОЛОГІЧНОЇ БЕЗПЕКИ""","28784","ФОНД ДЕРЖАВНОГО МАЙНА УКРАЇНИ ","ДП"
"1906","ДЕРЖАВНЕ ПІДПРИЄМСТВО ""РЕМБУДПРАЦЯ""","28784","ФОНД ДЕРЖАВНОГО МАЙНА УКРАЇНИ ","ДП"
"1907","ДЕРЖАВНЕ ПІДПРИЄМСТВО ""УПРАВЛІННЯ КАПІТАЛЬНОГО БУДІВНИЦТВА ТА ІНВЕСТИЦІЙ""","28784","ФОНД ДЕРЖАВНОГО МАЙНА УКРАЇНИ ","ДП"
"1908","ДЕРЖАВНЕ ПІДПРИЄМСТВО ""ЦЕНТРАЛЬНО - ЗАХІДНА КОМПАНІЯ ""ВУГЛЕТОРФРЕСТРУКТУРИЗАЦІЯ""","28784","ФОНД ДЕРЖАВНОГО МАЙНА УКРАЇНИ ","ДП"
"1909","ДЕРЖАВНЕ ПІДПРИЄМСТВО ""ТОРГОВИЙ ДІМ ""ЛАВАНДА"" ІНСТИТУТУ СІЛЬСЬКОГО ГОСПОДАРСТВА КРИМУ НАЦІОНАЛЬНОЇ АКАДЕМІЇ АГРАРНИХ НАУК УКРАЇНИ""","28784","ФОНД ДЕРЖАВНОГО МАЙНА УКРАЇНИ ","ДП"
"1910","ДЕРЖАВНЕ ПІДПРИЄМСТВО ""ШАХТА №12 ""НАКЛОННА""","28784","ФОНД ДЕРЖАВНОГО МАЙНА УКРАЇНИ ","ДП"
"1911","ДЕРЖАВНЕ ПІДПРИЄМСТВО ""ХЕРСОНСЬКИЙ ЦЕНТР ТУРИЗМУ""","28784","ФОНД ДЕРЖАВНОГО МАЙНА УКРАЇНИ ","ДП"
"1912","ДЕРЖАВНЕ ПІДПРИЄМСТВО ДЕРЖАВНИЙ ПІВДЕННИЙ РЕГІОНАЛЬНИЙ СЕЛЕКЦІЙНО-ПЛЕМІННИЙ ЦЕНТР ПО КОНЯРСТВУ ПІВДЕНЬКОНЕЦЕНТР""","28784","ФОНД ДЕРЖАВНОГО МАЙНА УКРАЇНИ ","ДП"
"1913","ДЕРЖАВНЕ ПІДПРИЄМСТВО ""ЗАКАРПАТСЬКИЙ РЕГІОНАЛЬНИЙ ЦЕНТР З ЕНЕРГОЗБЕРЕЖЕННЯ""","28784","ФОНД ДЕРЖАВНОГО МАЙНА УКРАЇНИ ","ДП"
"1914","ДЕРЖАВНЕ ПІДПРИЄМСТВО ""КОВАЛІВСЬКИЙ ГОРІЛЧАНИЙ ЗАВОД""","28784","ФОНД ДЕРЖАВНОГО МАЙНА УКРАЇНИ ","ДП"
"1915","ДЕРЖАВНЕ ПІДПРИЄМСТВО ""РАДІОРЕЛЕ""","28784","ФОНД ДЕРЖАВНОГО МАЙНА УКРАЇНИ ","ДП"
"1916","ДЕРЖАВНЕ ПІДПРИЄМСТВО ""НАУКОВО-ВИРОБНИЧИЙ ЦЕНТР ""ЕЛЕКТРОТЕРМІЯ"" ІНСТИТУТУ ЕЛЕКТРОЗВАРЮВАННЯ ІМ. Є.О. ПАТОНА НАЦІОНАЛЬНОЇ АКАДЕМІЇ НАУК УКРАЇНИ","28784","ФОНД ДЕРЖАВНОГО МАЙНА УКРАЇНИ ","ДП"
"1917","ДЕРЖАВНЕ ПІДПРИЄМСТВО ""ДИТЯЧИЙ ОЗДОРОВЧИЙ КОМПЛЕКС ""ОРБІТА""","28784","ФОНД ДЕРЖАВНОГО МАЙНА УКРАЇНИ ","ДП"
"1918","""ШАХТА ЗАПЕРЕВАЛЬНА №2""","28784","ФОНД ДЕРЖАВНОГО МАЙНА УКРАЇНИ ","ДП"
"1919","ДЕРЖАВНЕ ПІДПРИЄМСТВО ""ДОБРОПІЛЛЯВУГІЛЛЯ""","28784","ФОНД ДЕРЖАВНОГО МАЙНА УКРАЇНИ ","ДП"
"1920","ДЕРЖАВНЕ ПІДПРИЄМСТВО ""ЦЕНТР СЕРТИФІКАЦІЇ ТЕХНІЧНИХ ЗАСОБІВ РЕАБІЛІТАЦІЇ ТА ПОСЛУГ""","28784","ФОНД ДЕРЖАВНОГО МАЙНА УКРАЇНИ ","ДП"
"1921","ДЕРЖАВНЕ ПІДПРИЄМСТВО ""АНТРАЦИТ""","28784","ФОНД ДЕРЖАВНОГО МАЙНА УКРАЇНИ ","ДП"
"1922","ДЕРЖАВНЕ ПІДПРИЄМСТВО МІНІСТЕРСТВА ВНУТРІШНІХ СПРАВ УКРАЇНИ ""ІНФОРМ-РЕСУРСИ""","28784","ФОНД ДЕРЖАВНОГО МАЙНА УКРАЇНИ ","ДП"
"1923","ГОСПРОЗРАХУНКОВИЙ НАВЧАЛЬНО-ВИРОБНИЧИЙ ПІДРОЗДІЛ ДЕРЖАВНОГО ПРОФЕСІЙНО-ТЕХНІЧНОГО НАВЧАЛЬНОГО ЗАКЛАДУ ""САРНЕНСЬКИЙ ПРОФЕСІЙНИЙ АГРАРНИЙ ЛІЦЕЙ""","28784","ФОНД ДЕРЖАВНОГО МАЙНА УКРАЇНИ ","ДП"
"1924","ДЕРЖАВНЕ ПІДПРИЄМСТВО МВС ""КРИМ-ІНФОРМ-РЕСУРСИ""","28784","ФОНД ДЕРЖАВНОГО МАЙНА УКРАЇНИ ","ДП"
"1925","ДЕРЖАВНЕ ПІДПРИЄМСТВО ""АРТЕМВУГІЛЛЯ""","28784","ФОНД ДЕРЖАВНОГО МАЙНА УКРАЇНИ ","ДП"
"1926","ДЕРЖАВНЕ ПІДПРИЄМСТВО ""ОРДЖОНІКІДЗЕВУГІЛЛЯ""","28784","ФОНД ДЕРЖАВНОГО МАЙНА УКРАЇНИ ","ДП"
"1927","ДЕРЖАВНЕ ПІДПРИЄМСТВО ""ШАХТАРСЬКАНТРАЦИТ""","28784","ФОНД ДЕРЖАВНОГО МАЙНА УКРАЇНИ ","ДП"
"1928","ДЕРЖАВНЕ ПІДПРИЄМСТВО ""НАУКОВО-ІНЖЕНЕРНИЙ ЦЕНТР МАТЕРІАЛІВ ДЛЯ ЗВАРЮВАННЯ І НАПЛАВЛЕННЯ ІНСТИТУТУ ЕЛЕКТРОЗВАРЮВАННЯ ІМ.Є.О.ПАТОНА НАЦІОНАЛЬНОЇ АКАДЕМІЇ НАУК УКРАЇНИ""","28784","ФОНД ДЕРЖАВНОГО МАЙНА УКРАЇНИ ","ДП"
"1929","ДЕРЖАВНЕ ПІДПРИЄМСТВО ""ЕКО""","28784","ФОНД ДЕРЖАВНОГО МАЙНА УКРАЇНИ ","ДП"
"1930","ДЕРЖАВНЕ ПІДПРИЄМСТВО ""УКРАЇНСЬКИЙ МЕДИЧНИЙ ЦЕНТР БЕЗПЕКИ ДОРОЖНЬОГО РУХУ ТА ІНФОРМАЦІЙНИХ ТЕХНОЛОГІЙ"" МІНІСТЕРСТВА ОХОРОНИ ЗДОРОВ'Я УКРАЇНИ""","28784","ФОНД ДЕРЖАВНОГО МАЙНА УКРАЇНИ ","ДП"
"1931","ДЕРЖАВНЕ ПІДПРИЄМСТВО ""НАУКОВО-ВИРОБНИЧЕ ПІДПРИЄМСТВО ""КЕРЧМОЛЮСК""","28784","ФОНД ДЕРЖАВНОГО МАЙНА УКРАЇНИ ","ДП"
"1932","ДЕРЖАВНЕ ПІДПРИЄМСТВО ""ПЕРВОМАЙСЬКВУГІЛЛЯ""","28784","ФОНД ДЕРЖАВНОГО МАЙНА УКРАЇНИ ","ДП"
"1933","ДЕРЖАВНЕ ПІДПРИЄМСТВО ""РОВЕНЬКИАНТРАЦИТ""","28784","ФОНД ДЕРЖАВНОГО МАЙНА УКРАЇНИ ","ДП"
"1934","ДЕРЖАВНЕ ПІДПРИЄМСТВО ""ДОНЕЦЬКВУГІЛЛЯ""","28784","ФОНД ДЕРЖАВНОГО МАЙНА УКРАЇНИ ","ДП"
"1935","ДЕРЖАВНЕ ПІДПРИЄМСТВО ""ПРЕДСТАВНИЦТВО ПРОМИСЛОВИХ ПІДПРИЄМСТВ В РОСІЙСЬКІЙ ФЕДЕРАЦІЇ""","28784","ФОНД ДЕРЖАВНОГО МАЙНА УКРАЇНИ ","ДП"
"1936","ДЕРЖАВНЕ ПІДПРИЄМСТВО ""СВЕРДЛОВАНТРАЦИТ""","28784","ФОНД ДЕРЖАВНОГО МАЙНА УКРАЇНИ ","ДП"
"1937","ДЕРЖАВНЕ ПІДПРИЄМСТВО ""ДОСЛІДНЕ ГОСПОДАРСТВО ""КЛЕПІНІНО"" ІНСТИТУТУ СІЛЬСЬКОГО ГОСПОДАРСТВА КРИМУ НАЦІОНАЛЬНОЇ АКАДЕМІЇ АГРАРНИХ НАУК УКРАЇНИ""","28784","ФОНД ДЕРЖАВНОГО МАЙНА УКРАЇНИ ","ДП"
"1938","ДЕРЖАВНЕ ПІДПРИЄМСТВО ""ТОРЕЗАНТРАЦИТ""","28784","ФОНД ДЕРЖАВНОГО МАЙНА УКРАЇНИ ","ДП"
"1939","ДЕРЖАВНЕ ПІДПРИЄМСТВО ""ШАХТА №3-БІС""","28784","ФОНД ДЕРЖАВНОГО МАЙНА УКРАЇНИ ","ДП"
"1940","ДЕРЖАВНЕ ПІДПРИЄМСТВО ""УКРГЕОЛБУДМАТЕРІАЛИ""","28784","ФОНД ДЕРЖАВНОГО МАЙНА УКРАЇНИ ","ДП"
"1941","ДЕРЖАВНЕ ПІДПРИЄМСТВО ""УКРМЕДКУРОРТ""","28784","ФОНД ДЕРЖАВНОГО МАЙНА УКРАЇНИ ","ДП"
"1942","ДЕРЖАВНЕ ПІДПРИЄМСТВО ""ТОРГОВИЙ ДІМ ""ОБЛАГРОХІМІЯ""","28784","ФОНД ДЕРЖАВНОГО МАЙНА УКРАЇНИ ","ДП"
"1943","ДЕРЖАВНЕ ПІДПРИЄМСТВО ""МАКІЇВВУГІЛЛЯ""","28784","ФОНД ДЕРЖАВНОГО МАЙНА УКРАЇНИ ","ДП"
"1944","ДЕРЖАВНЕ ПІДПРИЄМСТВО ""ДОНБАСАНТРАЦИТ""","28784","ФОНД ДЕРЖАВНОГО МАЙНА УКРАЇНИ ","ДП"
"1945","ДЕРЖАВНЕ ПІДПРИЄМСТВО КРИМСЬКИЙ НАУКОВО-ТЕХНІЧНИЙ ЦЕНТР ЕНЕРГОЗБЕРЕЖЕННЯ ТА НЕТРАДИЦІЙНИХ ДЖЕРЕЛ ЕНЕРГІЇ ІНСТИТУТУ ВІДНОВЛЮВАНОЇ ЕНЕРГЕТИКИ НАЦІОНАЛЬНОЇ АКАДЕМІЇ НАУК УКРАЇНИ","28784","ФОНД ДЕРЖАВНОГО МАЙНА УКРАЇНИ ","ДП"
"1946","ДЕРЖАВНЕ ПІДПРИЄМСТВО ""ЛУГАНСЬКВУГІЛЛЯ""","28784","ФОНД ДЕРЖАВНОГО МАЙНА УКРАЇНИ ","ДП"
"1947","ДЕРЖАВНЕ ПІДПРИЄМСТВО ""МАШИНОБУДІВНИЙ ЗАВОД ""ОРИЗОН""","28784","ФОНД ДЕРЖАВНОГО МАЙНА УКРАЇНИ ","ДП"
"1948","ДЕРЖАВНЕ ПІДПРИЄМСТВО ""ЦЕНТР РОЗВИТКУ ДЕРЖАВНО-ПРИВАТНОГО ПАРТНЕРСТВА""","28784","ФОНД ДЕРЖАВНОГО МАЙНА УКРАЇНИ ","ДП"
"1949","ДЕРЖАВНЕ ПІДПРИЄМСТВО ""ДЕРЖАВНИЙ ЦЕНТР ПЕРСОНІФІКАЦІЇ ДОКУМЕНТІВ ПРО ОСВІТУ""","28784","ФОНД ДЕРЖАВНОГО МАЙНА УКРАЇНИ ","ДП"
"1950","ДЕРЖАВНЕ ПІДПРИЄМСТВО ""АГЕНТСТВО З РЕСТРУКТУРИЗАЦІЇ ЗАБОРГОВАНОСТІ ПІДПРИЄМСТВ АГРОПРОМИСЛОВОГО КОМПЛЕКСУ""","28784","ФОНД ДЕРЖАВНОГО МАЙНА УКРАЇНИ ","ДП"
"1951","ДЕРЖАВНЕ ПІДПРИЄМСТВО ""УКРКОНВЕРС""","28784","ФОНД ДЕРЖАВНОГО МАЙНА УКРАЇНИ ","ДП"
"1952","ДЕРЖАВНЕ ПІДПРИЄМСТВО ""ЛИТВИНІВСЬКЕ""","28784","ФОНД ДЕРЖАВНОГО МАЙНА УКРАЇНИ ","ДП"
"1953","ДЕРЖАВНЕ ПІДПРИЄМСТВО ""ЖОВТЕНЬВУГЛЕЗБУТ""","28784","ФОНД ДЕРЖАВНОГО МАЙНА УКРАЇНИ ","ДП"
"1954","ДЕРЖАВНЕ ПІДПРИЄМСТВО ""СЛУЖБА КАПІТАНА МАРІУПОЛЬСЬКОГО МОРСЬКОГО РИБНОГО ПОРТУ""","28784","ФОНД ДЕРЖАВНОГО МАЙНА УКРАЇНИ ","ДП"
"1955","ДЕРЖАВНЕ ПІДПРИЄМСТВО ""СПЕЦІАЛІЗОВАНИЙ КОНСАЛТИНГОВИЙ ЦЕНТР""","28784","ФОНД ДЕРЖАВНОГО МАЙНА УКРАЇНИ ","ДП"
"1956","ДЕРЖАВНЕ ПІДПРИЄМСТВО ""БУДІВЕЛЬНО-ВИРОБНИЧЕ ОБ'ЄДНАННЯ""","28784","ФОНД ДЕРЖАВНОГО МАЙНА УКРАЇНИ ","ДП"
"1957","ДЕРЖАВНЕ ПІДПРИЄМСТВО ""ЦЕНТР КАПІТАЛЬНОГО БУДІВНИЦТВА""","28784","ФОНД ДЕРЖАВНОГО МАЙНА УКРАЇНИ ","ДП"
"1958","ДЕРЖАВНЕ СІЛЬСЬКОГОСПОДАРСЬКЕ ПІДПРИЄМСТВО ""КЛЮЧАРКІВСЬКЕ""","28784","ФОНД ДЕРЖАВНОГО МАЙНА УКРАЇНИ ","ДП"
"1959","ДЕРЖАВНЕ ПІДПРИЄМСТВО ""ШАХТА № 4-21""","28784","ФОНД ДЕРЖАВНОГО МАЙНА УКРАЇНИ ","ДП"
"1960","ДЕРЖАВНЕ ПІДПРИЄМСТВО ""УКРВУГЛЕЯКІСТЬ""","28784","ФОНД ДЕРЖАВНОГО МАЙНА УКРАЇНИ ","ДП"
"1961","ДЕРЖАВНЕ ПІДПРИЄМСТВО ""АГРОТОРГОВИЙ ДІМ ""УРОЖАЙ""","28784","ФОНД ДЕРЖАВНОГО МАЙНА УКРАЇНИ ","ДП"
"1962","ДЕРЖАВНЕ ПІДПРИЄМСТВО ""ЦЕНТР ЕЛЕКТРОННОЇ ОХОРОНИ ЗДОРОВ'Я МІНІСТЕРСТВА ОХОРОНИ ЗДОРОВ'Я УКРАЇНИ""","28784","ФОНД ДЕРЖАВНОГО МАЙНА УКРАЇНИ ","ДП"
"1963","ДЕРЖАВНЕ ПІДПРИЄМСТВО ""НАУКОВО-ТЕХНІЧНИЙ ЦЕНТР ІМУНОБІОТЕХНОЛОГІЇ"" НТК ""ІНСТИТУТ МОНОКРИСТАЛІВ"" НАН УКРАЇНИ""","28784","ФОНД ДЕРЖАВНОГО МАЙНА УКРАЇНИ ","ДП"
"1964","ДЕРЖАВНЕ ПІДПРИЄМСТВО ""ВУГІЛЛЯ УКРАЇНИ""","28784","ФОНД ДЕРЖАВНОГО МАЙНА УКРАЇНИ ","ДП"
"1965","ДЕРЖАВНЕ ПІДПРИЄМСТВО ""ДОНБАСАНТРАЦИТВУГЛЕЗБУТ""","28784","ФОНД ДЕРЖАВНОГО МАЙНА УКРАЇНИ ","ДП"
"1966","ДЕРЖАВНЕ ПІДПРИЄМСТВО ""ТРИЛІСЬКИЙ СПИРТОВИЙ ЗАВОД ""","28784","ФОНД ДЕРЖАВНОГО МАЙНА УКРАЇНИ ","ДП"
"1967","ДЕРЖАВНЕ ПІДПРИЄМСТВО ""ІВАНЬКІВСЬКИЙ ЦУКРОВИЙ ЗАВОД""","28784","ФОНД ДЕРЖАВНОГО МАЙНА УКРАЇНИ ","ДП"
"1968","ДЕРЖАВНЕ ПІДПРИЄМСТВО ""ВОЛОДИМИРСЬКЕ""","28784","ФОНД ДЕРЖАВНОГО МАЙНА УКРАЇНИ ","ДП"
"1969","ДЕРЖАВНЕ ПІДПРИЄМСТВО ""ШАХТА ІМ Ю О ГАГАРІНА""","28784","ФОНД ДЕРЖАВНОГО МАЙНА УКРАЇНИ ","ДП"
"1970","ДЕРЖАВНЕ ПІДПРИЄМСТВО ""НАУКОВО-ВИРОБНИЧЕ ПРИРОДООХОРОННЕ ОБ'ЄДНАННЯ""","28784","ФОНД ДЕРЖАВНОГО МАЙНА УКРАЇНИ ","ДП"
"1971","ДЕРЖАВНЕ ПІДПРИЄМСТВО ""УКРСПЕЦПОСТАЧ""","28784","ФОНД ДЕРЖАВНОГО МАЙНА УКРАЇНИ ","ДП"
"1972","ДЕРЖАВНЕ ПІДПРИЄМСТВО ""ФУМІГАЦІЙНИЙ ЗАГІН""","28784","ФОНД ДЕРЖАВНОГО МАЙНА УКРАЇНИ ","ДП"
"1973","ДЕРЖАВНЕ ПІДПРИЄМСТВО ""ДЕРЖАВНИЙ ІНФОРМАЦІЙНО-РЕСУРСНИЙ ЦЕНТР""","28784","ФОНД ДЕРЖАВНОГО МАЙНА УКРАЇНИ ","ДП"
"1974","ДЕРЖАВНЕ ПІДПРИЄМСТВО ХАРКІВСЬКИЙ ЕЛЕКТРОМЕХАНІЧНИЙ ЗАВОД ЕЛЕКТРОМАШИНИ","28784","ФОНД ДЕРЖАВНОГО МАЙНА УКРАЇНИ ","ДП"
"1975","ДЕРЖАВНЕ ПІДПРИЄМСТВО ""УКРСПЕЦАВТОБАЗА""","28784","ФОНД ДЕРЖАВНОГО МАЙНА УКРАЇНИ ","ДП"
"1976","ДЕРЖАВНЕ ПІДПРИЄМСТВО ""БІОІМПЛАНТ"" МІНІСТЕРСТВА ОХОРОНИ ЗДОРОВ'Я УКРАЇНИ""","28784","ФОНД ДЕРЖАВНОГО МАЙНА УКРАЇНИ ","ДП"
"1977","ДЕРЖАВНЕ ПІДПРИЄМСТВО ""МОРСЬКА АДМІНІСТРАЦІЯ ЧОРНОМОРСЬКОГО РИБНОГО ПОРТУ""","28784","ФОНД ДЕРЖАВНОГО МАЙНА УКРАЇНИ ","ДП"
"1978","ДЕРЖАВНЕ ПІДПРИЄМСТВО ""ШАХТОУПРАВЛІННЯ ""ЗУЄВСЬКЕ""","28784","ФОНД ДЕРЖАВНОГО МАЙНА УКРАЇНИ ","ДП"
"1979","ДЕРЖАВНЕ ПІДПРИЄМСТВО ""БУДІВЕЛЬНЕ УПРАВЛІННЯ ГУ МВС УКРАЇНИ В М.КИЄВІ""","28784","ФОНД ДЕРЖАВНОГО МАЙНА УКРАЇНИ ","ДП"
"1980","ДЕРЖАВНЕ ПІДПРИЄМСТВО ТОРГОВИЙ ДІМ ""ЕТАНОЛ""","28784","ФОНД ДЕРЖАВНОГО МАЙНА УКРАЇНИ ","ДП"
"1981","ДЕРЖАВНЕ ПІДПРИЄМСТВО ""КРИВБАСШАХТОЗАКРИТТЯ""","28784","ФОНД ДЕРЖАВНОГО МАЙНА УКРАЇНИ ","ДП"
"1982","ДЕРЖАВНЕ ПІДПРИЄМСТВО ""КИЇВСЬКИЙ ВИНОРОБНИЙ ЗАВОД""","28784","ФОНД ДЕРЖАВНОГО МАЙНА УКРАЇНИ ","ДП"
"1983","ДЕРЖАВНЕ ПІДПРИЄМСТВО ""ЛУГАНСЬКА ВУГІЛЬНА КОМПАНІЯ""","28784","ФОНД ДЕРЖАВНОГО МАЙНА УКРАЇНИ ","ДП"
"1984","ДЕРЖАВНЕ ПІДПРИЄМСТВО ""ПАНСІОНАТ ""ГОРНИЙ""","28784","ФОНД ДЕРЖАВНОГО МАЙНА УКРАЇНИ ","ДП"
"1985","ДЕРЖАВНЕ ПІДПРИЄМСТВО ПОЛТАВСЬКИЙ РЕГІОНАЛЬНИЙ ЦЕНТР З ЕНЕРГОЗБЕРЕЖЕННЯ","28784","ФОНД ДЕРЖАВНОГО МАЙНА УКРАЇНИ ","ДП"
"1986","ДЕРЖАВНЕ ПІДПРИЄМСТВО ""УКРВТОРАВТО""","28784","ФОНД ДЕРЖАВНОГО МАЙНА УКРАЇНИ ","ДП"
"1987","ДЕРЖАВНЕ ПІДПРИЄМСТВО ""УКРАЇНСЬКИЙ ОПТИЧНИЙ ЦЕНТР""","28784","ФОНД ДЕРЖАВНОГО МАЙНА УКРАЇНИ ","ДП"
"1988","ДЕРЖАВНЕ ПІДПРИЄМСТВО ""ЇДАЛЬНЯ ""СПОРТИВНА""","28784","ФОНД ДЕРЖАВНОГО МАЙНА УКРАЇНИ ","ДП"
"1989","ДЕРЖАВНЕ ПІДПРИЄМСТВО ""ДОНЕЦЬКА ВУГІЛЬНА ЕНЕРГЕТИЧНА КОМПАНІЯ ""","28784","ФОНД ДЕРЖАВНОГО МАЙНА УКРАЇНИ ","ДП"
"1990","ДЕРЖАВНЕ ПІДПРИЄМСТВО ""ПРОЕКТНО-ВИШУКУВАЛЬНИЙ ІНСТИТУТ ""РІВНЕДІПРОВОДГОСП""","28784","ФОНД ДЕРЖАВНОГО МАЙНА УКРАЇНИ ","ДП"
"1991","ДЕРЖАВНЕ ПІДПРИЄМСТВО ""ЛЬВІВСЬКИЙ РЕГІОНАЛЬНИЙ ЦЕНТР З ЕНЕРГОЗБЕРЕЖЕННЯ""","28784","ФОНД ДЕРЖАВНОГО МАЙНА УКРАЇНИ ","ДП"
"1992","ДЕРЖАВНЕ ПІДПРИЄМСТВО ""РЕГІОНАЛЬНИЙ ДОСЛІДНО-ЕКСПЕРИМЕНТАЛЬНИЙ КОМПЛЕКС""","28784","ФОНД ДЕРЖАВНОГО МАЙНА УКРАЇНИ ","ДП"
"1993","ДЕРЖАВНЕ ПІДПРИЄМСТВО ""НАУКОВО-ТЕХНІЧНИЙ ЦЕНТР ОХОРОНИ НАДР І СПОРУД ПРИ УКРНДМІ НАН УКРАЇНИ""","28784","ФОНД ДЕРЖАВНОГО МАЙНА УКРАЇНИ ","ДП"
"1994","ДЕРЖАВНЕ ПІДПРИЄМСТВО ""ЗАВОД АЛЮМІНІЄВОЇ ФОЛЬГИ ""","28784","ФОНД ДЕРЖАВНОГО МАЙНА УКРАЇНИ ","ДП"
"1995","ДЕРЖАВНЕ ПІДПРИЄМСТВО ""ДЕПАРТАМЕНТ ПІДВОДНОЇ СПАДЩИНИ""","28784","ФОНД ДЕРЖАВНОГО МАЙНА УКРАЇНИ ","ДП"
"1996","ДЕРЖАВНЕ ПІДПРИЄМСТВО ""УКРАЇНСЬКА ТУРИСТИЧНА ІНФРАСТРУКТУРА""","28784","ФОНД ДЕРЖАВНОГО МАЙНА УКРАЇНИ ","ДП"
"1997","ДЕРЖАВНЕ ПІДПРИЄМСТВО РЕГІОНАЛЬНИЙ ТОРГОВО-СЕРВІСНИЙ ЦЕНТР СІЛЬГОСПМАШИН ""АГРОТЕХПОСТАЧ""","28784","ФОНД ДЕРЖАВНОГО МАЙНА УКРАЇНИ ","ДП"
"1998","ДЕРЖАВНЕ ПІДПРИЄМСТВО ""УКРІНВЕСТАЗІЯБУД""","28784","ФОНД ДЕРЖАВНОГО МАЙНА УКРАЇНИ ","ДП"
"1999","ДЕРЖАВНЕ ПІДПРИЄМСТВО ""АНТКОМ"" З ЕКСПЛУАТАЦІЇ АДМІНІСТРАТИВНОГО БУДИНКУ","28784","ФОНД ДЕРЖАВНОГО МАЙНА УКРАЇНИ ","ДП"
"2000","ДЕРЖАВНЕ ПІДПРИЄМСТВО ""УКРСПЕЦЗЕМ""","28784","ФОНД ДЕРЖАВНОГО МАЙНА УКРАЇНИ ","ДП"
"2001","ДЕРЖАВНЕ ПІДПРИЄМСТВО ""ДИРЕКЦІЯ ФЕСТИВАЛЬНО-ВИСТАВКОВОЇ ДІЯЛЬНОСТІ","28784","ФОНД ДЕРЖАВНОГО МАЙНА УКРАЇНИ ","ДП"
"2002","ДЕРЖАВНЕ ПІДПРИЄМСТВО ""ЦЕНТР СПРИЯННЯ ОЗДОРОВЛЕННЮ ТА ВІДПОЧИНКУ ДІТЕЙ""","28784","ФОНД ДЕРЖАВНОГО МАЙНА УКРАЇНИ ","ДП"
"2003","ДЕРЖАВНЕ ПІДПРИЄМСТВО ""УКРАЇНСЬКІ ЕКОЛОГІЧНІ ІНВЕСТИЦІЇ""","28784","ФОНД ДЕРЖАВНОГО МАЙНА УКРАЇНИ ","ДП"
"2004","ДЕРЖАВНЕ ПІДПРИЄМСТВО ""ТОРФОДОБУВНЕ ПІДПРИЄМСТВО ""КИСЕЛІВКА""","28784","ФОНД ДЕРЖАВНОГО МАЙНА УКРАЇНИ ","ДП"
"2005","ДЕРЖАВНЕ ПІДПРИЄМСТВО ""ШАХТА ІМЕНІ 60-РІЧЧЯ ВЕЛИКОЇ ЖОВТНЕВОЇ СОЦІАЛІСТИЧНОЇ РЕВОЛЮЦІЇ""","28784","ФОНД ДЕРЖАВНОГО МАЙНА УКРАЇНИ ","ДП"
"2006","ДЕРЖАВНЕ ПІДПРИЄМСТВО ""УКРСПЕЦНАЛАДКА""","28784","ФОНД ДЕРЖАВНОГО МАЙНА УКРАЇНИ ","ДП"
"2007","ДЕРЖАВНЕ ПІДПРИЄМСТВО ""ШАХТА ІМЕНІ МАКСИМА ГОРЬКОГО""","28784","ФОНД ДЕРЖАВНОГО МАЙНА УКРАЇНИ ","ДП"
"2008","ДЕРЖАВНЕ ПІДПРИЄМСТВО ""СЛУЖБА КАПІТАНА КЕРЧЕНСЬКОГО МОРСЬКОГО РИБНОГО ПОРТУ""","28784","ФОНД ДЕРЖАВНОГО МАЙНА УКРАЇНИ ","ДП"
"2009","ДЕРЖАВНЕ ПІДПРИЄМСТВО ""ДЕРЖАВНИЙ АКАДЕМІЧНИЙ ОРКЕСТР ""РАДІОБЕНД ОЛЕКСАНДРА ФОКІНА""","28784","ФОНД ДЕРЖАВНОГО МАЙНА УКРАЇНИ ","ДП"
"2010","ДЕРЖАВНЕ ПІДПРИЄМСТВО ""СІЛЬСКОГОСПОДАРСЬКЕ ПІДПРИЄМСТВО ""ОЛЕКСАНДРІВСЬКЕ""","28784","ФОНД ДЕРЖАВНОГО МАЙНА УКРАЇНИ ","ДП"
"2011","ДЕРЖАВНЕ КОМЕРЦІЙНЕ ПІДПРИЄМСТВО ""ГОТЕЛЬ ""СЛОВ'ЯНСЬКИЙ""","28784","ФОНД ДЕРЖАВНОГО МАЙНА УКРАЇНИ ","ДП"
"2012","ДЕРЖАВНЕ ПІДПРИЄМСТВО ""ІНФОРМАЦІЙНО-РЕСУРСНИЙ ЦЕНТР""","28784","ФОНД ДЕРЖАВНОГО МАЙНА УКРАЇНИ ","ДП"
"2013","ДЕРЖАВНЕ ПІДПРИЄМСТВО ""СІЛЬСЬКОГОСПОДАРСЬКЕ ПІДПРИЄМСТВО ""БЕРЕЗІВСЬКЕ""","28784","ФОНД ДЕРЖАВНОГО МАЙНА УКРАЇНИ ","ДП"
"2014","ДЕРЖАВНЕ ПІДПРИЄМСТВО ""ЦЕНТРАЛЬНА ДИРЕКЦІЯ З УПРАВЛІННЯ ТА РЕКОНСТРУКЦІЇ СПОРТИВНИХ СПОРУД""","28784","ФОНД ДЕРЖАВНОГО МАЙНА УКРАЇНИ ","ДП"
"2015","ДЕРЖАВНЕ ПІДПРИЄМСТВО ""ШАХТА ""ТЕРНОПІЛЬСЬКА""","28784","ФОНД ДЕРЖАВНОГО МАЙНА УКРАЇНИ ","ДП"
"2016","ДЕРЖАВНЕ ПІДПРИЄМСТВО ""ШАХТА ""ЖИТОМИРСЬКА""","28784","ФОНД ДЕРЖАВНОГО МАЙНА УКРАЇНИ ","ДП"
"2017","КОНЦЕРН ""ВІЙСЬКЕССЕТМЕНЕДЖМЕНТ""","28784","ФОНД ДЕРЖАВНОГО МАЙНА УКРАЇНИ ","ДП"
"2018","ДЕРЖАВНЕ ПІДПРИЄМСТВО ""УКРАЇНСЬКИЙ ДОРОЖНІЙ СЕРВІС""","28784","ФОНД ДЕРЖАВНОГО МАЙНА УКРАЇНИ ","ДП"
"2019","ДЕРЖАВНЕ ПІДПРИЄМСТВО ""ЦЕНТР ЕКОЛОГО-ЕКСПЕРТНОЇ АНАЛІТИКИ""","28784","ФОНД ДЕРЖАВНОГО МАЙНА УКРАЇНИ ","ДП"
"2020","ДЕРЖАВНЕ ПІДПРИЄМСТВО ""ШАХТА ""ВІННИЦЬКА""","28784","ФОНД ДЕРЖАВНОГО МАЙНА УКРАЇНИ ","ДП"
"2021","ДЕРЖАВНЕ ПІДПРИЄМСТВО ""ШАХТА ""ПОСТНІКІВСЬКА""","28784","ФОНД ДЕРЖАВНОГО МАЙНА УКРАЇНИ ","ДП"
"2022","ДЕРЖАВНА КОРПОРАЦІЯ ЛІТАКОБУДІВНА ""НАЦІОНАЛЬНЕ ОБ'ЄДНАННЯ ""АНТОНОВ""","28784","ФОНД ДЕРЖАВНОГО МАЙНА УКРАЇНИ ","ДП"
"2023","ДЕРЖАВНЕ ПІДПРИЄМСТВО ""ФУМІГАЦІЯ""","28784","ФОНД ДЕРЖАВНОГО МАЙНА УКРАЇНИ ","ДП"
"2024","ДЕРЖАВНЕ ПІДПРИЄМСТВО ""РЕЄСТР МЕДИЧНИХ, ФАРМАЦЕВТИЧНИХ ТА НАУКОВО-ПЕДАГОГІЧНИХ ПРАЦІВНИКІВ СИСТЕМИ МОЗ УКРАЇНИ""","28784","ФОНД ДЕРЖАВНОГО МАЙНА УКРАЇНИ ","ДП"
"2025","ДЕРЖАВНЕ ПІДПРИЄМСТВО ""МИКОЛАЇВСЬКЕ МОРСЬКЕ АГЕНТСТВО""","28784","ФОНД ДЕРЖАВНОГО МАЙНА УКРАЇНИ ","ДП"
"2026","ДЕРЖАВНЕ ПІДПРИЄМСТВО ""ГЛУХІВСЬКА ЛЬОНОНАСІННЄВА СТАНЦІЯ ""","28784","ФОНД ДЕРЖАВНОГО МАЙНА УКРАЇНИ ","ДП"
"2027","ДЕРЖАВНЕ ПІДПРИЄМСТВО ""СЛУЖБА МІЖНАРОДНИХ АВТОМОБІЛЬНИХ ПЕРЕВЕЗЕНЬ""","28784","ФОНД ДЕРЖАВНОГО МАЙНА УКРАЇНИ ","ДП"
"2028","ДЕРЖАВНЕ ПІДПРИЄМСТВО ""ЧОРНОМОРСЬКИЙ ЯХТ-КЛУБ""","28784","ФОНД ДЕРЖАВНОГО МАЙНА УКРАЇНИ ","ДП"
"2029","ДЕРЖАВНЕ ПІДПРИЄМСТВО ""СЛУЖБА ВАГОВОГО ТА ГАБАРИТНОГО КОНТРОЛЮ ТРАНСПОРТНИХ ЗАСОБІВ НА АВТОМОБІЛЬНИХ ДОРОГАХ ЗАГАЛЬНОГО КОРИСТУВАННЯ""","28784","ФОНД ДЕРЖАВНОГО МАЙНА УКРАЇНИ ","ДП"
"2030","ДЕРЖАВНЕ ПІДПРИЄМСТВО ""ЦЕНТР АТЕСТАЦІЇ ТА СЕРТИФІКАЦІЇ КЕРІВНИХ ПРАЦІВНИКІВ ТА СПЕЦІАЛІСТІВ РИБНОЇ ГАЛУЗІ""","28784","ФОНД ДЕРЖАВНОГО МАЙНА УКРАЇНИ ","ДП"
"2031","ДЕРЖАВНЕ ГОСПОДАРСЬКЕ ОБ'ЄДНАННЯ ""ВИРОБНИЧЕ АГРАРНЕ ОБ'ЄДНАННЯ ""НОВИЙ СВІТ""","28784","ФОНД ДЕРЖАВНОГО МАЙНА УКРАЇНИ ","ДП"
"2032","ДЕРЖАВНЕ ПІДПРИЄМСТВО ""ПАНСІОНАТ ""ІЗУМРУД""","28784","ФОНД ДЕРЖАВНОГО МАЙНА УКРАЇНИ ","ДП"
"2033","ДЕРЖАВНЕ ПІДПРИЄМСТВО ""ВУГІЛЬНА КОМПАНІЯ ""КУЙБИШЕВСЬКА""","28784","ФОНД ДЕРЖАВНОГО МАЙНА УКРАЇНИ ","ДП"
"2034","ДЕРЖАВНЕ ПІДПРИЄМСТВО ""ІНСТИТУТ АЗОТНОЇ ПРОМИСЛОВОСТІ І ПРОДУКТІВ ОРГАНІЧНОГО СИНТЕЗУ""","28784","ФОНД ДЕРЖАВНОГО МАЙНА УКРАЇНИ ","ДП"
"2035","ДЕРЖАВНЕ ПІДПРИЄМСТВО ""РЕСУРСПОСТАЧ""","28784","ФОНД ДЕРЖАВНОГО МАЙНА УКРАЇНИ ","ДП"
"2036","ДЕРЖАВНЕ ПІДПРИЄМСТВО ""УКРВУГЛЕКОМПЛЕКТ""","28784","ФОНД ДЕРЖАВНОГО МАЙНА УКРАЇНИ ","ДП"
"2037","ДЕРЖАВНЕ ПІДПРИЄМСТВО ""ШАХТА ""БЕНДЮЗЬКА""","28784","ФОНД ДЕРЖАВНОГО МАЙНА УКРАЇНИ ","ДП"
"2038","ДЕРЖАВНЕ ПІДПРИЄМСТВО ""ДОСЛІДНЕ ГОСПОДАРСТВО ""АГРОСПІЛКА"" НАЦІОНАЛЬНОГО НАУКОВОГО ЦЕНТРУ ""ІНСТИТУТ ГРУНТОЗНАВСТВА ТА АГРОХІМІЇ ІМЕНІ О.Н.СОКОЛОВСЬКОГО""","28784","ФОНД ДЕРЖАВНОГО МАЙНА УКРАЇНИ ","ДП"
"2039","ДЕРЖАВНЕ ПІДПРИЄМСТВО ШАХТА ""ОЛЕКСАНДР-ЗАХІД""","28784","ФОНД ДЕРЖАВНОГО МАЙНА УКРАЇНИ ","ДП"
"2040","ДЕРЖАВНЕ ПІДПРИЄМСТВО ""УКРТРАНСНАФТОПРОДУКТ""","28784","ФОНД ДЕРЖАВНОГО МАЙНА УКРАЇНИ ","ДП"
"2041","ДЕРЖАВНЕ ПІДПРИЄМСТВО ""КАНОН""","28784","ФОНД ДЕРЖАВНОГО МАЙНА УКРАЇНИ ","ДП"
"2042","ДЕРЖАВНЕ ПІДПРИЄМСТВО ""ЛУКІВСЬКА ЛЬОНОНАСІННЄВА СТАНЦІЯ""","28784","ФОНД ДЕРЖАВНОГО МАЙНА УКРАЇНИ ","ДП"
"2043","КОРПОРАЦІЯ ""АКАДЕМКНИГА"" НАЦІОНАЛЬНОЇ АКАДЕМІЇ НАУК УКРАЇНИ","28784","ФОНД ДЕРЖАВНОГО МАЙНА УКРАЇНИ ","ДП"
"2044","ДЕРЖАВНЕ ПІДПРИЄМСТВО ""НОВОЯВОРІВСЬКЕ ДЕРЖАВНЕ ГІРНИЧО-ХІМІЧНЕ ПІДПРИЄМСТВО ""СІРКА""","28784","ФОНД ДЕРЖАВНОГО МАЙНА УКРАЇНИ ","ДП"
"2045","ДЕРЖАВНЕ ПІДПРИЄМСТВО ""ЕКОТРАНСЕНЕРГО""","28784","ФОНД ДЕРЖАВНОГО МАЙНА УКРАЇНИ ","ДП"
"2046","ДЕРЖАВНЕ ПІДПРИЄМСТВО ""АГРОСПЕЦСЕРВІС""","28784","ФОНД ДЕРЖАВНОГО МАЙНА УКРАЇНИ ","ДП"
"2047","ДЕРЖАВНЕ ПІДПРИЄМСТВО ""ДОСЛІДНЕ ГОСПОДАРСТВО ДОНЕЦЬКОГО ІНСТИТУТУ АГРОПРОМИСЛОВОГО ВИРОБНИЦТВА УКРАЇНСЬКОЇ АКАДЕМІЇ АГРАРНИХ НАУК""","28784","ФОНД ДЕРЖАВНОГО МАЙНА УКРАЇНИ ","ДП"
"2048","ДЕРЖАВНЕ ПІДПРИЄМСТВО ""ДОСЛІДНЕ ГОСПОДАРСТВО ""ЦИГАЙ"" КРИМСЬКОГО ІНСТИТУТУ АГРОПРОМИСЛОВОГО ВИРОБНИЦТВА НАЦІОНАЛЬНОЇ АКАДЕМІЇ АГРАРНИХ НАУК УКРАЇНИ""","28784","ФОНД ДЕРЖАВНОГО МАЙНА УКРАЇНИ ","ДП"
"2049","ДЕРЖАВНЕ ПІДПРИЄМСТВО ""ДЕРЖАВНИЙ ПЛЕМІННИЙ КІННИЙ ЗАВОД ""ОЛІМПІЙСЬКИЙ""","28784","ФОНД ДЕРЖАВНОГО МАЙНА УКРАЇНИ ","ДП"
"2050","ДЕРЖАВНЕ ПІДПРИЄМСТВО ""ШАХТА ""ГЛИБОКА""","28784","ФОНД ДЕРЖАВНОГО МАЙНА УКРАЇНИ ","ДП"
"2051","ДЕРЖАВНЕ ПІДПРИЄМСТВО ""ДОСЛІДНЕ ГОСПОДАРСТВО ""ДОНЕЦЬКЕ"" НАЦІОНАЛЬНОГО НАУКОВОГО ЦЕНТРУ ""ІНСТИТУТ ГРУНТОЗНАВСТВА ТА АГРОХІМІЇ ІМЕНІ О.Н. СОКОЛОВСЬКОГО""","28784","ФОНД ДЕРЖАВНОГО МАЙНА УКРАЇНИ ","ДП"
"2052","ДЕРЖАВНЕ ПІДПРИЄМСТВО ""АНТОНОВ-ФІНАНС""","28784","ФОНД ДЕРЖАВНОГО МАЙНА УКРАЇНИ ","ДП"
"2053","ДЕРЖАВНЕ ПІДПРИЄМСТВО ""ЕНЕРГОЕФЕКТИВНІСТЬ""","28784","ФОНД ДЕРЖАВНОГО МАЙНА УКРАЇНИ ","ДП"
"2054","ДЕРЖАВНЕ ПІДПРИЄМСТВО ""ЦЕНТР АРХЕОЛОГІЇ КИЄВА ІНСТИТУТУ АРХЕОЛОГІЇ НАЦІОНАЛЬНОЇ АКАДЕМІЇ НАУК УКРАЇНИ""","28784","ФОНД ДЕРЖАВНОГО МАЙНА УКРАЇНИ ","ДП"
"2055","ДЕРЖАВНЕ ПІДПРИЄМСТВО ""ОРДЖОНІКІДЗЕВАНТАЖТРАНС""","28784","ФОНД ДЕРЖАВНОГО МАЙНА УКРАЇНИ ","ДП"
"2056","ДЕРЖАВНЕ ПІДПРИЄМСТВО ""ВУГЛЕЗБАГАЧЕННЯ""","28784","ФОНД ДЕРЖАВНОГО МАЙНА УКРАЇНИ ","ДП"
"2057","ДЕРЖАВНЕ ПІДПРИЄМСТВО ""ДОНЕЦЬКВАНТАЖТРАНС""","28784","ФОНД ДЕРЖАВНОГО МАЙНА УКРАЇНИ ","ДП"
"2058","ДЕРЖАВНЕ ПІДПРИЄМСТВО ""ДОСЛІДНЕ ГОСПОДАРСТВО ІНСТИТУТУ СІЛЬСЬКОГО ГОСПОДАРСТВА КРИМУ НАЦІОНАЛЬНОЇ АКАДЕМІЇ АГРАРНИХ НАУК УКРАЇНИ""","28784","ФОНД ДЕРЖАВНОГО МАЙНА УКРАЇНИ ","ДП"
"2059","ДЕРЖАВНЕ ПІДПРИЄМСТВО ПО ВИДОБУТКУ БУРОГО ВУГІЛЛЯ ""БУРВУГІЛЛЯ""","28784","ФОНД ДЕРЖАВНОГО МАЙНА УКРАЇНИ ","ДП"
"2060","ДЕРЖАВНЕ ПІДПРИЄМСТВО ""ЕКОБЕЗПЕКИ, НОРМУВАННЯ ТА ІННОВАЦІЙ""","28784","ФОНД ДЕРЖАВНОГО МАЙНА УКРАЇНИ ","ДП"
"2061","ДЕРЖАВНИЙ АВІАБУДІВНИЙ КОНЦЕРН ""АНТОНОВ""","28784","ФОНД ДЕРЖАВНОГО МАЙНА УКРАЇНИ ","ДП"
"2062","ДЕРЖАВНЕ ПІДПРИЄМСТВО ""НАЦІОНАЛЬНИЙ ЦЕНТР ВПРОВАДЖЕННЯ ГАЛУЗЕВИХ ІННОВАЦІЙНИХ ПРОГРАМ""","28784","ФОНД ДЕРЖАВНОГО МАЙНА УКРАЇНИ ","ДП"
"2063","ДЕРЖАВНЕ ПІДПРИЄМСТВО ""НАУКОВО-ВИРОБНИЧИЙ ЦЕНТР ""БІОДИЗЕЛЬ"" ІНСТИТУТУ ТЕХНІЧНОЇ ТЕПЛОФІЗИКИ НАН УКРАЇНИ""","28784","ФОНД ДЕРЖАВНОГО МАЙНА УКРАЇНИ ","ДП"
"2064","ДЕРЖАВНЕ ПІДПРИЄМСТВО ""УКРАЇНСЬКИЙ КАРАНТИННИЙ РОЗСАДНИК""","28784","ФОНД ДЕРЖАВНОГО МАЙНА УКРАЇНИ ","ДП"
"2065","ДЕРЖАВНЕ ПІДПРИЄМСТВО ""ДОСЛІДНИЙ МАШИНОБУДІВНИЙ ЗАВОД""","28784","ФОНД ДЕРЖАВНОГО МАЙНА УКРАЇНИ ","ДП"
"2066","ДЕРЖАВНЕ ПІДПРИЄМСТВО ""ТОРГОВИЙ ДІМ ""КВІТИ""","28784","ФОНД ДЕРЖАВНОГО МАЙНА УКРАЇНИ ","ДП"
"2067","ДЕРЖАВНЕ ПІДПРИЄМСТВО ""БАГАТОПРОФІЛЬНА НАУКОВО-ДОСЛІДНИЦЬКА ЕКСПЕРТНО-КРИМІНАЛІСТИЧНА ЛАБОРАТОРІЯ""","28784","ФОНД ДЕРЖАВНОГО МАЙНА УКРАЇНИ ","ДП"
"2068","ДЕРЖАВНА ОСВІТНЯ УСТАНОВА ""ІНСТИТУТ ПІДВИЩЕННЯ КВАЛІФІКАЦІЇ ТА ПЕРЕПІДГОТОВКИ КАДРІВ""","28784","ФОНД ДЕРЖАВНОГО МАЙНА УКРАЇНИ ","ДП"
"2069","ДЕРЖАВНЕ ЛІЗИНГОВЕ ПІДПРИЄМСТВО ""УКРАВІАЛІЗИНГ""","28784","ФОНД ДЕРЖАВНОГО МАЙНА УКРАЇНИ ","ДП"
"2070","ДЕРЖАВНЕ ПІДПРИЄМСТВО ""ВСЕУКРАЇНСЬКИЙ МОЛОДІЖНИЙ ЦЕНТР ПРАЦІ""","28784","ФОНД ДЕРЖАВНОГО МАЙНА УКРАЇНИ ","ДП"
"2071","ДЕРЖАВНЕ ПІДПРИЄМСТВО ""ДЕРЖАВНИЙ ЦЕНТР МІЖНАРОДНОГО МОЛОДІЖНОГО СПІВРОБІТНИЦТВА""","28784","ФОНД ДЕРЖАВНОГО МАЙНА УКРАЇНИ ","ДП"
"2072","ДЕРЖАВНЕ ПІДПРИЄМСТВО ""ШАХТА ""ПІВНІЧНА""","28784","ФОНД ДЕРЖАВНОГО МАЙНА УКРАЇНИ ","ДП"
"2073","ДЕРЖАВНЕ ПІДПРИЄМСТВО ""ШАХТА ""КОМСОМОЛЕЦЬ""","28784","ФОНД ДЕРЖАВНОГО МАЙНА УКРАЇНИ ","ДП"
"2074","ДЕРЖАВНИЙ КОНЦЕРН ""УКРТОРФ""","28784","ФОНД ДЕРЖАВНОГО МАЙНА УКРАЇНИ ","ДП"
"2075","ДЕРЖАВНЕ ПІДПРИЄМСТВО ""КУТЕЙНІКОВСЬКИЙ КОМБІНАТ ХЛІБОПРОДУКТІВ""","28784","ФОНД ДЕРЖАВНОГО МАЙНА УКРАЇНИ ","ДП"
"2076","ДЕРЖАВНЕ ПІДПРИЄМСТВО ""З ЛІКВІДАЦІЇ ЗБИТКОВИХ ВУГЛЕДОБУВНИХ, ВУГЛЕПЕРЕРОБНИХ ТА ТОРФОДОБУВНИХ ПІДПРИЄМСТВ ""УКРВУГЛЕТОРФРЕСТРУКТУРИЗАЦІЯ""","28784","ФОНД ДЕРЖАВНОГО МАЙНА УКРАЇНИ ","ДП"
"2077","ДЕРЖАВНЕ ПІДПРИЄМСТВО ""НАУКОВО-ТЕХНІЧНИЙ ЦЕНТР ЕНЕРГЕТИЧНОГО ПРИЛАДОБУДУВАННЯ"" ІНСТИТУТУ ТЕХНІЧНОЇ ТЕПЛОФІЗИКИ НАН УКРАЇНИ""","28784","ФОНД ДЕРЖАВНОГО МАЙНА УКРАЇНИ ","ДП"
"2078","ДЕРЖАВНЕ ПІДПРИЄМСТВО ""ШАХТА № 13-БІС""","28784","ФОНД ДЕРЖАВНОГО МАЙНА УКРАЇНИ ","ДП"
"2079","ДЕРЖАВНЕ ПІДПРИЄМСТВО ""АГЕНТСТВО РОЗВИТКУ ЖИТЛОВО-КОМУНАЛЬНОГО ГОСПОДАРСТВА""","28784","ФОНД ДЕРЖАВНОГО МАЙНА УКРАЇНИ ","ДП"
"2080","ДЕРЖАВНЕ ПІДПРИЄМСТВО ""ЕКСПЕРТИЗА ДОРОЖНЬОГО СЕРВІСУ""","28784","ФОНД ДЕРЖАВНОГО МАЙНА УКРАЇНИ ","ДП"
"2081","ДЕРЖАВНЕ ПІДПРИЄМСТВО ""ПІВДЕННО-СХІДНЕ РЕГІОНАЛЬНЕ ОБ'ЄДНАННЯ З ЕНЕРГОЗБЕРЕЖЕННЯ""","28784","ФОНД ДЕРЖАВНОГО МАЙНА УКРАЇНИ ","ДП"
"2082","ДЕРЖАВНЕ ПІДПРИЄМСТВО ""ЗАКАРПАТСЬКИЙ ЦЕНТР З ЕНЕРГОЗБЕРЕЖЕННЯ""","28784","ФОНД ДЕРЖАВНОГО МАЙНА УКРАЇНИ ","ДП"
"2083","ДЕРЖАВНЕ ПІДПРИЄМСТВО ""ВІННИЦЬКИЙ ЕКСПЕРТНИЙ ЦЕНТР З ЕНЕРГОЕФЕКТИВНОСТІ""","28784","ФОНД ДЕРЖАВНОГО МАЙНА УКРАЇНИ ","ДП"
"2084","ДЕРЖАВНЕ ПІДПРИЄМСТВО ""УЧБОВО-ЕКСПЕРТНИЙ ЦЕНТР НАЕР""","28784","ФОНД ДЕРЖАВНОГО МАЙНА УКРАЇНИ ","ДП"
"2085","ДЕРЖАВНЕ ПІДПРИЄМСТВО ""УКРВУГЛЕПЕРСПЕКТИВА""","28784","ФОНД ДЕРЖАВНОГО МАЙНА УКРАЇНИ ","ДП"
"2086","ДЕРЖАВНЕ ПІДПРИЄМСТВО ""НАУКОВО - ЕКСПЕРТНИЙ ЦЕНТР НАЕР""","28784","ФОНД ДЕРЖАВНОГО МАЙНА УКРАЇНИ ","ДП"
"2087","ДЕРЖАВНЕ ПІДПРИЄМСТВО ""ДИРЕКЦІЯ З РЕСТРУКТУРИЗАЦІЇ ШАХТНОГО ФОНДУ""","28784","ФОНД ДЕРЖАВНОГО МАЙНА УКРАЇНИ ","ДП"
"2088","ДЕРЖАВНЕ ПІДПРИЄМСТВО ""КІРОВОГРАДСЬКИЙ РЕГІОНАЛЬНИЙ ЦЕНТР З ЕНЕРГОЗБЕРЕЖЕННЯ""","28784","ФОНД ДЕРЖАВНОГО МАЙНА УКРАЇНИ ","ДП"
"2089","ДЕРЖАВНЕ ПІДПРИЄМСТВО ""ШАХТА ""ПУТИЛІВСЬКА""","28784","ФОНД ДЕРЖАВНОГО МАЙНА УКРАЇНИ ","ДП"
"2090","ДЕРЖАВНЕ ПІДПРИЄМСТВО ""ДНІПРОПЕТРОВСЬКИЙ РЕГІОНАЛЬНИЙ ЦЕНТР З ЕНЕРГОЗБЕРЕЖЕННЯ""","28784","ФОНД ДЕРЖАВНОГО МАЙНА УКРАЇНИ ","ДП"
"2091","ДЕРЖАВНЕ ПІДПРИЄМСТВО ""ШАХТА ІМЕНІ Ю.О.ГАГАРІНА-НОВА""","28784","ФОНД ДЕРЖАВНОГО МАЙНА УКРАЇНИ ","ДП"
"2092","ДЕРЖАВНЕ ПІДПРИЄМСТВО ""СІЛЬСЬКОГОСПОДАРСЬКЕ ПІДПРИЄМСТВО ""ХМЕЛЬНИЦЬКЕ""","28784","ФОНД ДЕРЖАВНОГО МАЙНА УКРАЇНИ ","ДП"
"2093","ДЕРЖАВНЕ ПІДПРИЄМСТВО ""УКРАЇНСЬКИЙ МОЛОДІЖНИЙ ЦЕНТР""","28784","ФОНД ДЕРЖАВНОГО МАЙНА УКРАЇНИ ","ДП"
"2094","ДЕРЖАВНЕ ПІДПРИЄМСТВО ""ДЕРЖАВНИЙ ЦЕНТР З ПИТАНЬ ВІДНОВЛЕННЯ ПЛАТОСПРОМОЖНОСТІ ТА БАНКРУТСТВА""","28784","ФОНД ДЕРЖАВНОГО МАЙНА УКРАЇНИ ","ДП"
"2095","ДЕРЖАВНЕ ПІДПРИЄМСТВО ""НАУКОВО-ЕКСПЕРТНИЙ ЦЕНТР ЛІКАРСЬКИХ ЗАСОБІВ,СТВОРЕНИХ НА ОСНОВІ НАНОТЕХНОЛОГІЙ,НАН УКРАЇНИ""","28784","ФОНД ДЕРЖАВНОГО МАЙНА УКРАЇНИ ","ДП"
"2096","ДЕРЖАВНЕ ПІДПРИЄМСТВО ""ДЕРЖАВНИЙ МЕДИЧНИЙ ЦЕНТР СЕРТИФІКАЦІЇ"" МОЗ УКРАЇНИ","28784","ФОНД ДЕРЖАВНОГО МАЙНА УКРАЇНИ ","ДП"
"2097","ДЕРЖАВНЕ СПЕЦІАЛІЗОВАНЕ ПІДПРИЄМСТВО ""УКРСПЕЦТОРГ""","28784","ФОНД ДЕРЖАВНОГО МАЙНА УКРАЇНИ ","ДП"
"2098","ДЕРЖАВНЕ ПІДПРИЄМСТВО ""ДЕРЖАВНА ДИРЕКЦІЯ МІЖНАРОДНИХ КОНКУРСІВ ТА МИСТЕЦЬКИХ ПРОГРАМ ""АРТ-УКРАЇНА""","28784","ФОНД ДЕРЖАВНОГО МАЙНА УКРАЇНИ ","ДП"
"2099","ДЕРЖАВНЕ ПІДПРИЄМСТВО ""УКРРЕСУРСИ""","28784","ФОНД ДЕРЖАВНОГО МАЙНА УКРАЇНИ ","ДП"
"2100","ДЕРЖАВНЕ ПІДПРИЄМСТВО ""СІЛЬСЬКОГОСПОДАРСЬКЕ ПІДПРИЄМСТВО ""ЗАПОРІЗЬКЕ""","28784","ФОНД ДЕРЖАВНОГО МАЙНА УКРАЇНИ ","ДП"
"2101","ДЕРЖАВНЕ ПІДПРИЄМСТВО ""ДОНЕЦЬКИЙ РЕГІОНАЛЬНИЙ УЧБОВИЙ ЦЕНТР""","28784","ФОНД ДЕРЖАВНОГО МАЙНА УКРАЇНИ ","ДП"
"2102","ДЕРЖАВНЕ ПІДПРИЄМСТВО ""ЖИТЛОВИЙ КОМПЛЕКС""","28784","ФОНД ДЕРЖАВНОГО МАЙНА УКРАЇНИ ","ДП"
"2103","ДЕРЖАВНЕ ПІДПРИЄМСТВО ""АГРАРНИЙ ЦЕХ ""ЖОВТОРІЧАНСЬКИЙ""","28784","ФОНД ДЕРЖАВНОГО МАЙНА УКРАЇНИ ","ДП"
"2104","ДЕРЖАВНЕ ПІДПРИЄМСТВО ""ІНВЕСТ УКРАЇНА""","28784","ФОНД ДЕРЖАВНОГО МАЙНА УКРАЇНИ ","ДП"
"2105","ДЕРЖАВНЕ ПІДПРИЄМСТВО ""УКРСПИРТПОСТАЧ""","28784","ФОНД ДЕРЖАВНОГО МАЙНА УКРАЇНИ ","ДП"
"2106","ДЕРЖАВНЕ ПІДПРИЄМСТВО ""УКРАЇНСЬКИЙ МЕТАНОВИЙ ЦЕНТР""","28784","ФОНД ДЕРЖАВНОГО МАЙНА УКРАЇНИ ","ДП"
"2107","ДЕРЖАВНЕ ПІДПРИЄМСТВО ""ЛЬВІВСЬКА ОБЛАСНА ДИРЕКЦІЯ З ПРОТИПАВОДКОВОГО ЗАХИСТУ""","28784","ФОНД ДЕРЖАВНОГО МАЙНА УКРАЇНИ ","ДП"
"2108","ДЕРЖАВНЕ ПІДПРИЄМСТВО ""УКРАЇНСЬКИЙ ІНФОРМАЦІЙНО-СЕРВІСНИЙ ЦЕНТР КУЛЬТУРИ І ТУРИЗМУ""","28784","ФОНД ДЕРЖАВНОГО МАЙНА УКРАЇНИ ","ДП"
"2109","ДЕРЖАВНЕ ПІДПРИЄМСТВО ""СЕЛЕКЦІЙНО-ГЕНЕТИЧНИЙ ЦЕНТР ПО РИБНИЦТВУ ""ПОДІЛЛЯ""","28784","ФОНД ДЕРЖАВНОГО МАЙНА УКРАЇНИ ","ДП"
"2110","ДЕРЖАВНЕ ПІДПРИЄМСТВО ""ЦЕНТР ІННОВАЦІЙНИХ ЕКРАННИХ ТА ІНФОРМАЦІЙНИХ ТЕХНОЛОГІЙ""","28784","ФОНД ДЕРЖАВНОГО МАЙНА УКРАЇНИ ","ДП"
"2111","ДЕРЖАВНЕ ПІДПРИЄМСТВО ""ПІВДЕННЕ-АЛЬТЕРНАТИВНІ ДЖЕРЕЛА""","28784","ФОНД ДЕРЖАВНОГО МАЙНА УКРАЇНИ ","ДП"
"2112","ДЕРЖАВНЕ ПІДПРИЄМСТВО ""ДЕРЖЕКОІНВЕСТ""","28784","ФОНД ДЕРЖАВНОГО МАЙНА УКРАЇНИ ","ДП"
"2113","ДЕРЖАВНЕ ПІДПРИЄМСТВО ""ЦЕНТР БУДІВЕЛЬНОГО ТА ЕНЕРГОЕФЕКТИВНОГО ІНЖИНІРИНГУ""","28784","ФОНД ДЕРЖАВНОГО МАЙНА УКРАЇНИ ","ДП"
"2114","ДЕРЖАВНЕ ПІДПРИЄМСТВО ""ШАХТА ІМЕНІ 50-РІЧЧЯ РАДЯНСЬКОЇ УКРАЇНИ""","28784","ФОНД ДЕРЖАВНОГО МАЙНА УКРАЇНИ ","ДП"
"2115","ДЕРЖАВНЕ ПІДПРИЄМСТВО ""ЕКСПЕРИМЕНТАЛЬНИЙ КЕФАЛЕВИЙ РИБОРОЗПЛІДНИК""","28784","ФОНД ДЕРЖАВНОГО МАЙНА УКРАЇНИ ","ДП"
"2116","ДЕРЖАВНЕ ПІДПРИЄМСТВО ""ДНІСТРОВСЬКИЙ РИБОРОЗПЛІДНИК""","28784","ФОНД ДЕРЖАВНОГО МАЙНА УКРАЇНИ ","ДП"
"2117","ДЕРЖАВНЕ ПІДПРИЄМСТВО ""ЦЕНТР З ЕНЕРГОЗБЕРЕЖЕННЯ У ЖИТОМИРСЬКІЙ ОБЛАСТІ""","28784","ФОНД ДЕРЖАВНОГО МАЙНА УКРАЇНИ ","ДП"
"2118","ДЕРЖАВНЕ ПІДПРИЄМСТВО ""ЦЕНТР ОХОРОНИ ЗДОРОВ'Я ТВАРИН""","28784","ФОНД ДЕРЖАВНОГО МАЙНА УКРАЇНИ ","ДП"
"2119","ДЕРЖАВНЕ ПІДПРИЄМСТВО ""ОБ'ЄДНАННЯ СПОРТИВНО-ГОСПОДАРСЬКИХ СПОРУД""","28784","ФОНД ДЕРЖАВНОГО МАЙНА УКРАЇНИ ","ДП"
"2120","ДЕРЖАВНЕ ПІДПРИЄМСТВО ""ЦЕНТР ЕКОЛОГІЧНИХ ІНІЦІАТИВ""","28784","ФОНД ДЕРЖАВНОГО МАЙНА УКРАЇНИ ","ДП"
"2121","ДЕРЖАВНЕ ПІДПРИЄМСТВО ""СПЕЦАГРОЛІЗИНГ""","28784","ФОНД ДЕРЖАВНОГО МАЙНА УКРАЇНИ ","ДП"
"2122","ДЕРЖАВНЕ ПІДПРИЄМСТВО ""УКРАГРОСПЕЦПОСТАЧ""","28784","ФОНД ДЕРЖАВНОГО МАЙНА УКРАЇНИ ","ДП"
"2123","ДЕРЖАВНЕ ПІДПРИЄМСТВО ""ЦЕНТР КОМУНІКАЦІЙ ""УКРАЇНА-ВСЕСВІТ""","28784","ФОНД ДЕРЖАВНОГО МАЙНА УКРАЇНИ ","ДП"
"2124","ДЕРЖАВНЕ ПІДПРИЄМСТВО ""ДЕРЖАВНА ІНВЕСТИЦІЙНА КОМПАНІЯ""","28784","ФОНД ДЕРЖАВНОГО МАЙНА УКРАЇНИ ","ДП"
"2125","ДЕРЖАВНЕ ПІДПРИЄМСТВО СПИРТОВОЇ ТА ЛІКЕРО-ГОРІЛЧАНОЇ ПРОМИСЛОВОСТІ ""УКРСПИРТ""","28784","ФОНД ДЕРЖАВНОГО МАЙНА УКРАЇНИ ","ДП"
"2126","ДЕРЖАВНЕ ПІДПРИЄМСТВО ""СІЛЬСЬКОГОСПОДАРСЬКЕ ПІДПРИЄМСТВО ""ЗЕМЕЛЬНИЙ ФОНД""","28784","ФОНД ДЕРЖАВНОГО МАЙНА УКРАЇНИ ","ДП"
"2127","ДЕРЖАВНЕ ПІДПРИЄМСТВО ""ПРОМИСЛОВО-МЕТАЛУРГІЙНИЙ КОНСАЛТИНГ""","28784","ФОНД ДЕРЖАВНОГО МАЙНА УКРАЇНИ ","ДП"
"2128","ДЕРЖАВНЕ ПІДПРИЄМСТВО ""ДИРЕКЦІЯ З КАПІТАЛЬНОГО БУДІВНИЦТВА І РЕКОНСТРУКЦІЇ МІЖНАРОДНОГО АЕРОПОРТУ ""ДОНЕЦЬК""","28784","ФОНД ДЕРЖАВНОГО МАЙНА УКРАЇНИ ","ДП"
"2129","ДЕРЖАВНЕ ПІДПРИЄМСТВО ""ДОСЛІДНЕ ГОСПОДАРСТВО ""НАУКОВЕ"" НАЦІОНАЛЬНОЇ АКАДЕМІЇ АГРАРНИХ НАУК УКРАЇНИ""","28784","ФОНД ДЕРЖАВНОГО МАЙНА УКРАЇНИ ","ДП"
"2130","ДЕРЖАВНЕ ПІДПРИЄМСТВО ""УКРАЇНСЬКІ ІНФОРМАЦІЙНІ ТА ТЕЛЕКОМУНІКАЦІЙНІ МЕРЕЖІ""","28784","ФОНД ДЕРЖАВНОГО МАЙНА УКРАЇНИ ","ДП"
"2131","ДЕРЖАВНЕ ПІДПРИЄМСТВО ""ЛЬОДОВІ АРЕНИ""","28784","ФОНД ДЕРЖАВНОГО МАЙНА УКРАЇНИ ","ДП"
"2132","ДЕРЖАВНЕ ПІДПРИЄМСТВО ""РЕЗЕРВ""","28784","ФОНД ДЕРЖАВНОГО МАЙНА УКРАЇНИ ","ДП"
"2133","ДЕРЖАВНЕ ПІДПРИЄМСТВО ""ДОСЛІДНЕ ГОСПОДАРСТВО ""КЛЕПІНІНСЬКА ЕКСПЕРИМЕНТАЛЬНА БАЗА"" ІНСТИТУТУ СІЛЬСЬКОГО ГОСПОДАРСТВА КРИМУ НАЦІОНАЛЬНОЇ АКАДЕМІЇ АГРАРНИХ НАУК УКРАЇНИ""","28784","ФОНД ДЕРЖАВНОГО МАЙНА УКРАЇНИ ","ДП"
"2134","ДЕРЖАВНЕ ПІДПРИЄМСТВО ""АГРОІНВЕСТ""","28784","ФОНД ДЕРЖАВНОГО МАЙНА УКРАЇНИ ","ДП"
"2135","ДЕРЖАВНЕ ПІДПРИЄМСТВО ""ІНЖЕНЕРНО-ТЕХНІЧНИЙ ЦЕНТР МІНІСТЕРСТВА ОХОРОНИ ЗДОРОВ'Я УКРАЇНИ""","28784","ФОНД ДЕРЖАВНОГО МАЙНА УКРАЇНИ ","ДП"
"2136","ДЕРЖАВНЕ ПІДПРИЄМСТВО ""КОНЯРСТВО УКРАЇНИ""","28784","ФОНД ДЕРЖАВНОГО МАЙНА УКРАЇНИ ","ДП"
"2137","ДЕРЖАВНЕ ПІДПРИЄМСТВО ""УКРАЇНСЬКИЙ ЦЕНТР У СФЕРІ БЛАГОУСТРОЮ""","28784","ФОНД ДЕРЖАВНОГО МАЙНА УКРАЇНИ ","ДП"
"2138","ДЕРЖАВНЕ ПІДПРИЄМСТВО ""НАЦІОНАЛЬНІ ІНФРАСТРУКТУРНІ ПРОЕКТИ""","28784","ФОНД ДЕРЖАВНОГО МАЙНА УКРАЇНИ ","ДП"
"2139","ДЕРЖАВНЕ ПІДПРИЄМСТВО ""ДЕРЖІНФОРМАНАЛІТИКА""","28784","ФОНД ДЕРЖАВНОГО МАЙНА УКРАЇНИ ","ДП"
"2140","ДЕРЖАВНЕ ПІДПРИЄМСТВО ""НАЦІОНАЛЬНИЙ ПРОЕКТ ""ЧИСТЕ МІСТО""","28784","ФОНД ДЕРЖАВНОГО МАЙНА УКРАЇНИ ","ДП"
"2141","ДЕРЖАВНЕ ПІДПРИЄМСТВО ""НАЦІОНАЛЬНИЙ ПРОЕКТ ""ЕЛ ЕН ДЖІ ТЕРМІНАЛ""","28784","ФОНД ДЕРЖАВНОГО МАЙНА УКРАЇНИ ","ДП"
"2142","ДЕРЖАВНЕ ПІДПРИЄМСТВО ""УКРЛІКТРАВИ""","28784","ФОНД ДЕРЖАВНОГО МАЙНА УКРАЇНИ ","ДП"
"2143","ДЕРЖАВНЕ ПІДПРИЄМСТВО ""АРТЕМІВСЬКЕ АГРОТОРГОВЕ ПІДПРИЄМСТВО""","28784","ФОНД ДЕРЖАВНОГО МАЙНА УКРАЇНИ ","ДП"
"2144","ДЕРЖАВНЕ ПІДПРИЄМСТВО ""БЕРДЯНСЬКЕ АГРОТОРГОВЕ ПІДПРИЄМСТВО""","28784","ФОНД ДЕРЖАВНОГО МАЙНА УКРАЇНИ ","ДП"
"2145","ДЕРЖАВНЕ ПІДПРИЄМСТВО ""ДИРЕКЦІЯ З БУДІВНИЦТВА ТА УПРАВЛІННЯ НАЦІОНАЛЬНОГО ПРОЕКТУ ""ПОВІТРЯНИЙ ЕКСПРЕС"" ТА ІНШИХ ІНФРАСТРУКТУРНИХ ОБ'ЄКТІВ КИЇВСЬКОГО РЕГІОНУ""","28784","ФОНД ДЕРЖАВНОГО МАЙНА УКРАЇНИ ","ДП"
"2146","ДЕРЖАВНЕ ПІДПРИЄМСТВО ""ПЕРЕЯСЛАВ-ХМЕЛЬНИЦЬКЕ СІЛЬСЬКОГОСПОДАРСЬКЕ ПІДПРИЄМСТВО ""СЕЛЕКЦІЯ-СЕРВІС""","28784","ФОНД ДЕРЖАВНОГО МАЙНА УКРАЇНИ ","ДП"
"2147","ДЕРЖАВНЕ ПІДПРИЄМСТВО ""УКРМЕДПРОЕКТБУД""","28784","ФОНД ДЕРЖАВНОГО МАЙНА УКРАЇНИ ","ДП"
"2148","ДЕРЖАВНЕ ПІДПРИЄМСТВО ""ЦЕНТР МОНІТОРИНГУ ТА БЕЗПЕКИ РИБОЛОВНИХ СУДЕН""","28784","ФОНД ДЕРЖАВНОГО МАЙНА УКРАЇНИ ","ДП"
"2149","ДЕРЖАВНЕ ПІДПРИЄМСТВО ""ГОЛОВНИЙ НАУКОВО-ВИРОБНИЧИЙ СЕЛЕКЦІЙНО-ІНФОРМАЦІЙНИЙ ЦЕНТР У ТВАРИННИЦТВІ ІНСТИТУТУ РОЗВЕДЕННЯ І ГЕНЕТИКИ ТВАРИН НААН""","28784","ФОНД ДЕРЖАВНОГО МАЙНА УКРАЇНИ ","ДП"
"2150","ДЕРЖАВНЕ ПІДПРИЄМСТВО ""ОЛІМПІЙСЬКА НАДІЯ-2022""","28784","ФОНД ДЕРЖАВНОГО МАЙНА УКРАЇНИ ","ДП"
"2151","ДЕРЖАВНЕ ПІДПРИЄМСТВО ""ЇДАЛЬНЯ №14""","28784","ФОНД ДЕРЖАВНОГО МАЙНА УКРАЇНИ ","ДП"
"2152","ДЕРЖАВНЕ ПІДПРИЄМСТВО ""ЕНЕРГІЯ ПРИРОДИ""","28784","ФОНД ДЕРЖАВНОГО МАЙНА УКРАЇНИ ","ДП"
"2153","ДЕРЖАВНЕ ПІДПРИЄМСТВО ""ГРІНЕНЕРГО""","28784","ФОНД ДЕРЖАВНОГО МАЙНА УКРАЇНИ ","ДП"
"2154","ДЕРЖАВНЕ ПІДПРИЄМСТВО ""НОВЕ ЖИТТЯ""","28784","ФОНД ДЕРЖАВНОГО МАЙНА УКРАЇНИ ","ДП"
"2155","ДЕРЖАВНЕ ПІДПРИЄМСТВО ""АКВАРЕСУРСИ""","28784","ФОНД ДЕРЖАВНОГО МАЙНА УКРАЇНИ ","ДП"
"2156","ДЕРЖАВНЕ ПІДПРИЄМСТВО ""НАЦІОНАЛЬНИЙ ПРОЕКТ ""ЯКІСНА ВОДА""","28784","ФОНД ДЕРЖАВНОГО МАЙНА УКРАЇНИ ","ДП"
"2157","ДЕРЖАВНЕ ПІДПРИЄМСТВО ""ЦЕНТР СЕРТИФІКАЦІЇ ТА ЕКСПЕРТИЗИ НАСІННЯ І САДИВНОГО МАТЕРІАЛУ""","28784","ФОНД ДЕРЖАВНОГО МАЙНА УКРАЇНИ ","ДП"
"2158","ДЕРЖАВНЕ ПІДПРИЄМСТВО ""ДИТЯЧИЙ ОЗДОРОВЧИЙ ЦЕНТР ""ДНІПРО""","28784","ФОНД ДЕРЖАВНОГО МАЙНА УКРАЇНИ ","ДП"
"2159","ДЕРЖАВНЕ ПІДПРИЄМСТВО ""ЦЕНТР ПІДТРИМКИ АГРОПІДПРИЄМСТВ""","28784","ФОНД ДЕРЖАВНОГО МАЙНА УКРАЇНИ ","ДП"
"2160","ДЕРЖАВНЕ ПІДПРИЄМСТВО ""ТЕПЛИЙ ДІМ""","28784","ФОНД ДЕРЖАВНОГО МАЙНА УКРАЇНИ ","ДП"
"2161","ДЕРЖАВНЕ ПІДПРИЄМСТВО ""УПРАВЛІННЯ КАПІТАЛЬНОГО БУДІВНИЦТВА НАЦІОНАЛЬНОЇ АКАДЕМІЇ МЕДИЧНИХ НАУК УКРАЇНИ""","28784","ФОНД ДЕРЖАВНОГО МАЙНА УКРАЇНИ ","ДП"
"2162","ДЕРЖАВНЕ ПІДПРИЄМСТВО ""ОДЕСЬКИЙ ОБЛАСНИЙ ВИРОБНИЧО-ТЕХНІЧНИЙ ЦЕНТР СТАНДАРТИЗАЦІЇ, МЕТРОЛОГІЇ ТА ЯКОСТІ ПРОДУКЦІЇ ""ОДЕСОБЛАГРОСТАНДАРТ""","28784","ФОНД ДЕРЖАВНОГО МАЙНА УКРАЇНИ ","ДП"
"2163","ДЕРЖАВНЕ ПІДПРИЄМСТВО ""СХІДНОУКРАЇНСЬКИЙ ЕКОЛОГІЧНИЙ ІНСТИТУТ""","28784","ФОНД ДЕРЖАВНОГО МАЙНА УКРАЇНИ ","ДП"
"2164","ДЕРЖАВНЕ ПІДПРИЄМСТВО ""ДОСЛІДНЕ ГОСПОДАРСТВО ""КРИМСЬКИЙ САД"" КРИМСЬКОЇ ДОСЛІДНОЇ СТАНЦІЇ САДІВНИЦТВА ІНСТИТУТУ САДІВНИЦТВА НАЦІОНАЛЬНОЇ АКАДЕМІЇ АГРАРНИХ НАУК УКРАЇНИ""","28784","ФОНД ДЕРЖАВНОГО МАЙНА УКРАЇНИ ","ДП"
"2165","ДЕРЖАВНЕ ПІДПРИЄМСТВО ""АГРОКОМ"" МІНІСТЕРСТВА ОХОРОНИ ЗДОРОВ'Я УКРАЇНИ""","28784","ФОНД ДЕРЖАВНОГО МАЙНА УКРАЇНИ ","ДП"
"2166","ДЕРЖАВНЕ ПІДПРИЄМСТВО ""ШАХТА КРЕПІНСЬКА""","28784","ФОНД ДЕРЖАВНОГО МАЙНА УКРАЇНИ ","ДП"
"2167","ДЕРЖАВНЕ ПІДПРИЄМСТВО ""КІЛІЙСЬКЕ АГРОТОРГОВЕ ПІДПРИЄМСТВО""","28784","ФОНД ДЕРЖАВНОГО МАЙНА УКРАЇНИ ","ДП"
"2168","ДЕРЖАВНЕ ПІДПРИЄМСТВО ""УКРЕКО-ОЙЛ""","28784","ФОНД ДЕРЖАВНОГО МАЙНА УКРАЇНИ ","ДП"
"2169","ДЕРЖАВНЕ ПІДПРИЄМСТВО ""ПРИКАРПАТСЬКА РЕГІОНАЛЬНА ДИРЕКЦІЯ З ВОДОГОСПОДАРСЬКОГО БУДІВНИЦТВА""","28784","ФОНД ДЕРЖАВНОГО МАЙНА УКРАЇНИ ","ДП"
"2170","ДЕРЖАВНЕ ПІДПРИЄМСТВО ""ТЕХНОБУД""","28784","ФОНД ДЕРЖАВНОГО МАЙНА УКРАЇНИ ","ДП"
"2171","ДЕРЖАВНЕ ПІДПРИЄМСТВО ""УКРАЇНСЬКИЙ ПРОМИСЛОВО-ТОРГОВЕЛЬНИЙ МЕНЕДЖМЕНТ""","28784","ФОНД ДЕРЖАВНОГО МАЙНА УКРАЇНИ ","ДП"
"2172","ДЕРЖАВНЕ ПІДПРИЄМСТВО ""ПРОЕКТНО-ТЕХНОЛОГІЧНЕ БЮРО""","28784","ФОНД ДЕРЖАВНОГО МАЙНА УКРАЇНИ ","ДП"
"2173","ДЕРЖАВНЕ ПІДПРИЄМСТВО ""ВИРОБНИЧА ДИРЕКЦІЯ З ЛІКВІДАЦІЇ СОЛОТВИНСЬКОГО СОЛЕРУДНИКА""","28784","ФОНД ДЕРЖАВНОГО МАЙНА УКРАЇНИ ","ДП"
"2174","ДЕРЖАВНЕ ПІДПРИЄМСТВО ""НАЦІОНАЛЬНИЙ ПРОЕКТ ""МІСТО МАЙБУТНЬОГО""","28784","ФОНД ДЕРЖАВНОГО МАЙНА УКРАЇНИ ","ДП"
"2175","ДЕРЖАВНЕ ПІДПРИЄМСТВО ""ХАРКІВСЬКЕ ПРОМИСЛОВО-ТОРГОВЕЛЬНЕ ПІДПРИЄМСТВО""","28784","ФОНД ДЕРЖАВНОГО МАЙНА УКРАЇНИ ","ДП"
"2176","ДЕРЖАВНЕ ПІДПРИЄМСТВО ""СПЕЦАГРО""","28784","ФОНД ДЕРЖАВНОГО МАЙНА УКРАЇНИ ","ДП"
"2177","ДЕРЖАВНЕ ПІДПРИЄМСТВО ""УКРВЕТСАНЗАВОД""","28784","ФОНД ДЕРЖАВНОГО МАЙНА УКРАЇНИ ","ДП"
"2178","ДЕРЖАВНЕ ПІДПРИЄМСТВО ""МАКІЇВСЬКЕ АГРОТОРГОВЕ ПІДПРИЄМСТВО""","28784","ФОНД ДЕРЖАВНОГО МАЙНА УКРАЇНИ ","ДП"
"2179","ДЕРЖАВНЕ ПІДПРИЄМСТВО ""ЦЕНТР ЕКСПЕРТИЗ, ІНФОРМАТИЗАЦІЇ ТА АНАЛІТИЧНИХ ДОСЛІДЖЕНЬ""","28784","ФОНД ДЕРЖАВНОГО МАЙНА УКРАЇНИ ","ДП"
"2180","ДЕРЖАВНЕ ПІДПРИЄМСТВО ""ШАХТА №5""","28784","ФОНД ДЕРЖАВНОГО МАЙНА УКРАЇНИ ","ДП"
"2181","ДЕРЖАВНЕ ПІДПРИЄМСТВО ""БАЗА ВІДПОЧИНКУ ""ЯНТАР""","28784","ФОНД ДЕРЖАВНОГО МАЙНА УКРАЇНИ ","ДП"
"2182","ДЕРЖАВНЕ ПІДПРИЄМСТВО ""ШАХТА № 4-21""","28784","ФОНД ДЕРЖАВНОГО МАЙНА УКРАЇНИ ","ДП"
"2183","ДЕРЖАВНЕ ПІДПРИЄМСТВО ""ШАХТА ""ЛІДІЄВКА""","28784","ФОНД ДЕРЖАВНОГО МАЙНА УКРАЇНИ ","ДП"
"2184","ДЕРЖАВНЕ ПІДПРИЄМСТВО ""ЕКОРЕСУРС""","28784","ФОНД ДЕРЖАВНОГО МАЙНА УКРАЇНИ ","ДП"
"2185","ДЕРЖАВНЕ КОМЕРЦІЙНЕ ПІДПРИЄМСТВО ""УКРАЇНСЬКИЙ КУЛЬТУРНИЙ ЦЕНТР""","28784","ФОНД ДЕРЖАВНОГО МАЙНА УКРАЇНИ ","ДП"
"2186","ДЕРЖАВНЕ ПІДПРИЄМСТВО ""НАУКОВО-ПРАКТИЧНИЙ ЦЕНТР ДЕЗІНФЕКТОЛОГІЇ ТА ПРОФІЛАКТИЧНОЇ МЕДИЦИНИ МІНІСТЕРСТВА ОХОРОНИ ЗДОРОВ'Я УКРАЇНИ""","28784","ФОНД ДЕРЖАВНОГО МАЙНА УКРАЇНИ ","ДП"
"2187","ДЕРЖАВНЕ ПІДПРИЄМСТВО ""СОЛЕВИВАРЮВАЛЬНИЙ ДРОГОБИЦЬКИЙ ЗАВОД""","28784","ФОНД ДЕРЖАВНОГО МАЙНА УКРАЇНИ ","ДП"
"2188","ДЕРЖАВНЕ ПІДПРИЄМСТВО ""АГЕНЦІЯ З ПИТАНЬ НЕРУХОМОСТІ ТА ЗЕМЕЛЬНИХ ВІДНОСИН В ПАЛИВНО-ЕНЕРГЕТИЧНОМУ КОМПЛЕКСІ УКРАЇНИ""","28784","ФОНД ДЕРЖАВНОГО МАЙНА УКРАЇНИ ","ДП"
"2189","ДЕРЖАВНЕ ПІДПРИЄМСТВО ""НАУКОВО-ДОСЛІДНИЙ ІНСТИТУТ НАФТОПЕРЕРОБНОЇ ТА НАФТОХІМІЧНОЇ ПРОМИСЛОВОСТІ ""МАСМА""","28784","ФОНД ДЕРЖАВНОГО МАЙНА УКРАЇНИ ","ДП"
"2190","ДЕРЖАВНЕ ПІДПРИЄМСТВО ""УКРАЇНСЬКИЙ ДЕРЖАВНИЙ НАУКОВО-ДОСЛІДНИЙ ТА ПРОЕКТНО-ВИШУКУВАЛЬНИЙ ІНСТИТУТ АВТОМАТИЗОВАНИХ СИСТЕМ""","28784","ФОНД ДЕРЖАВНОГО МАЙНА УКРАЇНИ ","ДП"
"2191","ДЕРЖАВНЕ ПІДПРИЄМСТВО ""ШАХТА ""МОСПІНСЬКА""","28784","ФОНД ДЕРЖАВНОГО МАЙНА УКРАЇНИ ","ДП"
"2192","ДЕРЖАВНЕ ПІДПРИЄМСТВО ""НАЦІОНАЛЬНІ ІННОВАЦІЙНІ ПРОЕКТИ""","28784","ФОНД ДЕРЖАВНОГО МАЙНА УКРАЇНИ ","ДП"
"2193","ДЕРЖАВНЕ ПІДПРИЄМСТВО ""ДЕРЖІНФОРМСЕРВІС""","28784","ФОНД ДЕРЖАВНОГО МАЙНА УКРАЇНИ ","ДП"
"2194","ДЕРЖАВНЕ ПІДПРИЄМСТВО ""ШАХТА ІМЕНІ К.І. КИСЕЛЬОВА""","28784","ФОНД ДЕРЖАВНОГО МАЙНА УКРАЇНИ ","ДП"
"2195","ДЕРЖАВНЕ ПІДПРИЄМСТВО ""ЖИТЛОВО-ЕКСПЛУАТАЦІЙНЕ ГОСПОДАРСТВО "" НАЦІОНАЛЬНОГО НАУКОВОГО ЦЕНТРУ ""ІНСТИТУТ МЕХАНІЗАЦІЇ ТА ЕЛЕКТРИФІКАЦІЇ СІЛЬСЬКОГО ГОСПОДАРСТВА""","28784","ФОНД ДЕРЖАВНОГО МАЙНА УКРАЇНИ ","ДП"
"2196","ДЕРЖАВНЕ ПІДПРИЄМСТВО ""ШАХТА №5 ""НОВОВОЛИНСЬКА""","28784","ФОНД ДЕРЖАВНОГО МАЙНА УКРАЇНИ ","ДП"
"2197","ДЕРЖАВНЕ ПІДПРИЄМСТВО ""ДЕРЖАВНА ВУГІЛЬНА КОМПАНІЯ""","28784","ФОНД ДЕРЖАВНОГО МАЙНА УКРАЇНИ ","ДП"
"2198","ДЕРЖАВНЕ ПІДПРИЄМСТВО ""ЖИТЛОБУД""","28784","ФОНД ДЕРЖАВНОГО МАЙНА УКРАЇНИ ","ДП"
"2199","ДЕРЖАВНЕ ПІДПРИЄМСТВО ""КРЕМЕНЕЦЬКЕ УПРАВЛІННЯ З ПОСТАЧАННЯ ТА РЕАЛІЗАЦІЇ ГАЗУ""","28784","ФОНД ДЕРЖАВНОГО МАЙНА УКРАЇНИ ","ДП"
"2200","ДЕРЖАВНЕ ПІДПРИЄМСТВО ""САНАТОРІЙ ""ЛЕРМОНТОВСЬКИЙ""","28784","ФОНД ДЕРЖАВНОГО МАЙНА УКРАЇНИ ","ДП"
"2201","ДЕРЖАВНЕ ПІДПРИЄМСТВО ""ШАХТА ""ВІЗЕЙСЬКА""","28784","ФОНД ДЕРЖАВНОГО МАЙНА УКРАЇНИ ","ДП"
"2202","ДЕРЖАВНЕ ПІДПРИЄМСТВО ""СПЕЦІАЛІЗОВАНА БАЗА З КОМПЛЕКТНОЇ ПОСТАВКИ ЕЛЕКТРОЕНЕРГЕТИЧНОГО ОБЛАДНАННЯ""","28784","ФОНД ДЕРЖАВНОГО МАЙНА УКРАЇНИ ","ДП"
"2203","ДЕРЖАВНЕ ПІДПРИЄМСТВО ""ОВІДІОПОЛЬ-АГРО""","28784","ФОНД ДЕРЖАВНОГО МАЙНА УКРАЇНИ ","ДП"
"2204","ДЕРЖАВНЕ ПІДПРИЄМСТВО ""УКРАЇНСЬКІ ГАЗОРОЗПОДІЛЬНІ МЕРЕЖІ""","28784","ФОНД ДЕРЖАВНОГО МАЙНА УКРАЇНИ ","ДП"
"2205","ДЕРЖАВНЕ ПІДПРИЄМСТВО ""УПРАВЛІННЯ СПРАВАМИ ФОНДУ ДЕРЖАВНОГО МАЙНА УКРАЇНИ""","28784","ФОНД ДЕРЖАВНОГО МАЙНА УКРАЇНИ ","ДП"
"2206","ДЕРЖАВНЕ ПІДПРИЄМСТВО ""ОБЛВОДСЕРВІС""","28784","ФОНД ДЕРЖАВНОГО МАЙНА УКРАЇНИ ","ДП"
"2207","ДЕРЖАВНЕ ПІДПРИЄМСТВО ""СЛУЖБА АВТОМОБІЛЬНИХ ДОРІГ КИЇВЩИНИ""","28784","ФОНД ДЕРЖАВНОГО МАЙНА УКРАЇНИ ","ДП"
"2208","ДЕРЖАВНЕ ПІДПРИЄМСТВО ""ВИРОБНИЧЕ ОБ'ЄДНАННЯ ""ФАРМАЦІЯ""","28784","ФОНД ДЕРЖАВНОГО МАЙНА УКРАЇНИ ","ДП"
"2209","ДЕРЖАВНЕ ПІДПРИЄМСТВО ""ДЕРЖВУГЛЕПОСТАЧ""","28784","ФОНД ДЕРЖАВНОГО МАЙНА УКРАЇНИ ","ДП"
"2210","ДЕРЖАВНЕ ПІДПРИЄМСТВО ""КИЇВОБЛБУДІНВЕСТ""","28784","ФОНД ДЕРЖАВНОГО МАЙНА УКРАЇНИ ","ДП"
"2211","ДЕРЖАВНЕ ПІДПРИЄМСТВО ""СХІДВАНТАЖТРАНС""","28784","ФОНД ДЕРЖАВНОГО МАЙНА УКРАЇНИ ","ДП"
"2212","ДЕРЖАВНЕ ПІДПРИЄМСТВО ""ДЕРЖАВНИЙ НАУКОВО-ДОСЛІДНИЙ ІНСТИТУТ ОРГАНІЗАЦІЇ І МЕХАНІЗАЦІЇ ШАХТНОГО БУДІВНИЦТВА""","28784","ФОНД ДЕРЖАВНОГО МАЙНА УКРАЇНИ ","ДП"
"2213","ДЕРЖАВНЕ ПІДПРИЄМСТВО ""ЦЕНТР ОБСЛУГОВУВАННЯ ГРОМАДЯН""","28784","ФОНД ДЕРЖАВНОГО МАЙНА УКРАЇНИ ","ДП"
"2214","ДЕРЖАВНЕ ПІДПРИЄМСТВО ""ДЕРЖАВНА ТРАНСПОРТНА КОМПАНІЯ""","28784","ФОНД ДЕРЖАВНОГО МАЙНА УКРАЇНИ ","ДП"
"2215","ДЕРЖАВНЕ ПІДПРИЄМСТВО ""ДОНДІПРОВУГЛЕМАШ""","28784","ФОНД ДЕРЖАВНОГО МАЙНА УКРАЇНИ ","ДП"
"2216","ДЕРЖАВНЕ ПІДПРИЄМСТВО ""ІННОВАЦІЙНО-ІНЖИНІРИНГОВІ ТЕХНОЛОГІЇ""","28784","ФОНД ДЕРЖАВНОГО МАЙНА УКРАЇНИ ","ДП"
"2217","ДЕРЖАВНЕ ПІДПРИЄМСТВО ""ПЕРСПЕКТИВА КИЇВЩИНИ""","28784","ФОНД ДЕРЖАВНОГО МАЙНА УКРАЇНИ ","ДП"
"2218","ДЕРЖАВНЕ ПІДПРИЄМСТВО ""ДЕРЖАВНИЙ БУДІВЕЛЬНИЙ ЦЕНТР МІНІСТЕРСТВА ОХОРОНИ ЗДОРОВ'Я УКРАЇНИ""","28784","ФОНД ДЕРЖАВНОГО МАЙНА УКРАЇНИ ","ДП"
"2219","ДЕРЖАВНЕ ПІДПРИЄМСТВО ""ДОНСЬКА ТЕПЛОВА МЕРЕЖА""","28784","ФОНД ДЕРЖАВНОГО МАЙНА УКРАЇНИ ","ДП"
"2220","ДЕРЖАВНЕ ПІДПРИЄМСТВО ""ПОЛТАВСЬКИЙ ЕКСПЕРТНО-ТЕХНІЧНИЙ ЦЕНТР ДЕРЖПРАЦІ""","28784","ФОНД ДЕРЖАВНОГО МАЙНА УКРАЇНИ ","ДП"
"2221","ДЕРЖАВНЕ ПІДПРИЄМСТВО ""КАЛУСЬКА ТЕПЛОЕЛЕКТРОЦЕНТРАЛЬ-НОВА""","28784","ФОНД ДЕРЖАВНОГО МАЙНА УКРАЇНИ ","ДП"
"2222","ДЕРЖАВНЕ ПІДПРИЄМСТВО ""ПО РОЗБУДОВІ ТА ОБСЛУГОВУВАННЮ ДЕРЖАВНОГО КОРДОНУ""","28784","ФОНД ДЕРЖАВНОГО МАЙНА УКРАЇНИ ","ДП"
"2223","ДЕРЖАВНЕ ПІДПРИЄМСТВО ""УКРАЇНСЬКА ПАЛИВНО-ЕНЕРГЕТИЧНА КОМПАНІЯ""","28784","ФОНД ДЕРЖАВНОГО МАЙНА УКРАЇНИ ","ДП"
"2224","ДЕРЖАВНЕ ПІДПРИЄМСТВО ""ІНФОРМАЦІЙНО-АНАЛІТИЧНИЙ ЦЕНТР""","28784","ФОНД ДЕРЖАВНОГО МАЙНА УКРАЇНИ ","ДП"
"2225","ДЕРЖАВНЕ ПІДПРИЄМСТВО ""СЛУЖБА СПОРТИВНОЇ МЕДИЦИНИ""","28784","ФОНД ДЕРЖАВНОГО МАЙНА УКРАЇНИ ","ДП"
"2226","ДЕРЖАВНЕ ПІДПРИЄМСТВО ""ОДЕСЬКИЙ НАФТОПЕРЕРОБНИЙ ЗАВОД""","28784","ФОНД ДЕРЖАВНОГО МАЙНА УКРАЇНИ ","ДП"
"2227","ДЕРЖАВНЕ ПІДПРИЄМСТВО ""КИЇВОБЛРЕКЛАМА""","28784","ФОНД ДЕРЖАВНОГО МАЙНА УКРАЇНИ ","ДП"
"2228","ДЕРЖАВНЕ ПІДПРИЄМСТВО ""ЛИСИЧАНСЬКИЙ СКЛОЗАВОД""","28784","ФОНД ДЕРЖАВНОГО МАЙНА УКРАЇНИ ","ДП"
"2229","ДЕРЖАВНЕ ПІДПРИЄМСТВО ""СЛАВУТСЬКИЙ КОМБІНАТ ""БУДФАРФОР""","28784","ФОНД ДЕРЖАВНОГО МАЙНА УКРАЇНИ ","ДП"
"2230","ДЕРЖАВНЕ ПІДПРИЄМСТВО ""НАЦІОНАЛЬНА ВУГІЛЬНА КОМПАНІЯ""","28784","ФОНД ДЕРЖАВНОГО МАЙНА УКРАЇНИ ","ДП"
"2231","ДЕРЖАВНЕ ПІДПРИЄМСТВО ""АЗОВСЬКИЙ СУДНОРЕМОНТНИЙ ЗАВОД""","28784","ФОНД ДЕРЖАВНОГО МАЙНА УКРАЇНИ ","ДП"
"2232","ДЕРЖАВНЕ ПІДПРИЄМСТВО ""ЦЕНТР ОХОРОНИ ДОВКІЛЛЯ""","28784","ФОНД ДЕРЖАВНОГО МАЙНА УКРАЇНИ ","ДП"
"2233","ДЕРЖАВНЕ ПІДПРИЄМСТВО ""ЕКСПО-2020""","28784","ФОНД ДЕРЖАВНОГО МАЙНА УКРАЇНИ ","ДП"
"2234","ДЕРЖАВНЕ ПІДПРИЄМСТВО ""КАРАНСЬКИЙ КАР'ЄР""","28784","ФОНД ДЕРЖАВНОГО МАЙНА УКРАЇНИ ","ДП"
"2235","ДЕРЖАВНЕ ПІДПРИЄМСТВО МІНІСТЕРСТВА ОБОРОНИ УКРАЇНИ ""БАЗА РЕМОНТУ ТЕХНІКИ""","28784","ФОНД ДЕРЖАВНОГО МАЙНА УКРАЇНИ ","ДП"
"2236","ДЕРЖАВНЕ ПІДПРИЄМСТВО ""СИСТЕМИ БЕЗПЕКИ""","28784","ФОНД ДЕРЖАВНОГО МАЙНА УКРАЇНИ ","ДП"
"2237","ДЕРЖАВНЕ ПІДПРИЄМСТВО ""НОВІ ТЕХНОЛОГІЇ ДОРОЖНЬОГО БУДІВНИЦТВА""","28784","ФОНД ДЕРЖАВНОГО МАЙНА УКРАЇНИ ","ДП"
"2238","ДЕРЖАВНЕ ПІДПРИЄМСТВО ""ДЕРЖЖИТЛОФОНД""","28784","ФОНД ДЕРЖАВНОГО МАЙНА УКРАЇНИ ","ДП"
"2239","ДЕРЖАВНЕ ПІДПРИЄМСТВО ""МОРСЬКИЙ ІНДУСТРІАЛЬНИЙ КЛАСТЕР БЕРЕЗАНЬ""","28784","ФОНД ДЕРЖАВНОГО МАЙНА УКРАЇНИ ","ДП"
"2240","ДЕРЖАВНЕ ПІДПРИЄМСТВО ""ЗЕРНОВИЙ РЕЗЕРВ""","28784","ФОНД ДЕРЖАВНОГО МАЙНА УКРАЇНИ ","ДП"
"2241","ДЕРЖАВНЕ ПІДПРИЄМСТВО ""ВІДНОВЛЕННЯ СХІДНИХ РЕГІОНІВ""","28784","ФОНД ДЕРЖАВНОГО МАЙНА УКРАЇНИ ","ДП"
"2242","НАЦІОНАЛЬНА АКАДЕМІЯ СТАТИСТИКИ, ОБЛІКУ ТА АУДИТУ","28954","ДЕРЖАВНА СЛУЖБА СТАТИСТИКИ УКРАЇНИ","ДП"
"2243","ДЕРЖАВНЕ ПІДПРИЄМСТВО ""ЕКСПЛУАТАЦІЙНО-МАЙНОВЕ УПРАВЛІННЯ""","29014","ДЕРЖАВНА СЛУЖБА ФІНАНСОВОГО МОНІТОРИНГУ УКРАЇНИ","ДП"
"2244","ДЕРЖАВНЕ ПІДПРИЄМСТВО СПЕЦІАЛЬНОГО ПРИЛАДОБУДУВАННЯ ""АРСЕНАЛ""","30524","ДЕРЖАВНЕ КОСМІЧНЕ АГЕНТСТВО УКРАЇНИ","ДП"
"2245","ДЕРЖАВНЕ ПІДПРИЄМСТВО ""КОНСТРУКТОРСЬКЕ БЮРО ""ПІВДЕННЕ"" ІМ. М.К.ЯНГЕЛЯ""","30524","ДЕРЖАВНЕ КОСМІЧНЕ АГЕНТСТВО УКРАЇНИ","ДП"
"2246","ДЕРЖАВНЕ ПІДПРИЄМСТВО ""ВИРОБНИЧЕ ОБ'ЄДНАННЯ ПІВДЕННИЙ МАШИНОБУДІВНИЙ ЗАВОД ІМЕНІ О. М. МАКАРОВА""","30524","ДЕРЖАВНЕ КОСМІЧНЕ АГЕНТСТВО УКРАЇНИ","ДП"
"2247","ДЕРЖАВНЕ НАУКОВО-ВИРОБНИЧЕ ПІДПРИЄМСТВО ""ОБ'ЄДНАННЯ КОМУНАР""","30524","ДЕРЖАВНЕ КОСМІЧНЕ АГЕНТСТВО УКРАЇНИ","ДП"
"2248","ДЕРЖАВНЕ ПІДПРИЄМСТВО НАУКОВО-ДОСЛІДНИЙ ТЕХНОЛОГІЧНИЙ ІНСТИТУТ ПРИЛАДОБУДУВАННЯ","30524","ДЕРЖАВНЕ КОСМІЧНЕ АГЕНТСТВО УКРАЇНИ","ДП"
"2249","ДЕРЖАВНЕ ПІДПРИЄМСТВО ""ДНІПРОВСЬКИЙ ПРОЕКТНИЙ ІНСТИТУТ""","30524","ДЕРЖАВНЕ КОСМІЧНЕ АГЕНТСТВО УКРАЇНИ","ДП"
"2250","ДЕРЖАВНЕ ПІДПРИЄМСТВО ""УКРКОСМОС""","30524","ДЕРЖАВНЕ КОСМІЧНЕ АГЕНТСТВО УКРАЇНИ","ДП"
"2251","ДЕРЖАВНЕ СПЕЦІАЛІЗОВАНЕ ПІДПРИЄМСТВО ""ХАРКІВСЬКИЙ ДЕРЖАВНИЙ МІЖОБЛАСНИЙ СПЕЦІАЛЬНИЙ КОМБІНАТ""","34135","ДЕРЖАВНЕ АГЕНТСТВО УКРАЇНИ З УПРАВЛІННЯ ЗОНОЮ ВІДЧУЖЕННЯ","ДП"
"2252","ДЕРЖАВНЕ СПЕЦІАЛІЗОВАНЕ ПІДПРИЄМСТВО ""КИЇВСЬКИЙ ДЕРЖАВНИЙ МІЖОБЛАСНИЙ СПЕЦІАЛЬНИЙ КОМБІНАТ""","34135","ДЕРЖАВНЕ АГЕНТСТВО УКРАЇНИ З УПРАВЛІННЯ ЗОНОЮ ВІДЧУЖЕННЯ","ДП"
"2253","ДЕРЖАВНЕ СПЕЦІАЛІЗОВАНЕ ПІДПРИЄМСТВО ""ЧОРНОБИЛЬСЬКА АЕС""","34135","ДЕРЖАВНЕ АГЕНТСТВО УКРАЇНИ З УПРАВЛІННЯ ЗОНОЮ ВІДЧУЖЕННЯ","ДП"
"2254","ДЕРЖАВНЕ СПЕЦІАЛІЗОВАНЕ ПІДПРИЄМСТВО ""ДОНЕЦЬКИЙ ДЕРЖАВНИЙ СПЕЦІАЛЬНИЙ КОМБІНАТ""","34135","ДЕРЖАВНЕ АГЕНТСТВО УКРАЇНИ З УПРАВЛІННЯ ЗОНОЮ ВІДЧУЖЕННЯ","ДП"
"2255","ДЕРЖАВНА КОРПОРАЦІЯ ""УКРАЇНСЬКЕ ДЕРЖАВНЕ ОБ'ЄДНАННЯ ""РАДОН""","34135","ДЕРЖАВНЕ АГЕНТСТВО УКРАЇНИ З УПРАВЛІННЯ ЗОНОЮ ВІДЧУЖЕННЯ","ДП"
"2256","ДЕРЖАВНЕ СПЕЦІАЛІЗОВАНЕ ПІДПРИЄМСТВО З УПРАВЛІННЯ КАПІТАЛЬНИМ БУДІВНИЦТВОМ ЗОНИ ВІДЧУЖЕННЯ","34135","ДЕРЖАВНЕ АГЕНТСТВО УКРАЇНИ З УПРАВЛІННЯ ЗОНОЮ ВІДЧУЖЕННЯ","ДП"
"2257","ДЕРЖАВНЕ СПЕЦІАЛІЗОВАНЕ ПІДПРИЄМСТВО ""ЦЕНТРАЛЬНЕ ПІДПРИЄМСТВО З ПОВОДЖЕННЯ З РАДІОАКТИВНИМИ ВІДХОДАМИ""","34135","ДЕРЖАВНЕ АГЕНТСТВО УКРАЇНИ З УПРАВЛІННЯ ЗОНОЮ ВІДЧУЖЕННЯ","ДП"
"2258","ДЕРЖАВНЕ ПІДПРИЄМСТВО ""ЦЕНТР ОРГАНІЗАЦІЙНО-ТЕХНІЧНОГО І ІНФОРМАЦІЙНОГО ЗАБЕЗПЕЧЕННЯ УПРАВЛІННЯ ЗОНОЮ ВІДЧУЖЕННЯ""","34135","ДЕРЖАВНЕ АГЕНТСТВО УКРАЇНИ З УПРАВЛІННЯ ЗОНОЮ ВІДЧУЖЕННЯ","ДП"
"2259","ДЕРЖАВНЕ СПЕЦІАЛІЗОВАНЕ ПІДПРИЄМСТВО ""ПІВНІЧНА ПУЩА""","34135","ДЕРЖАВНЕ АГЕНТСТВО УКРАЇНИ З УПРАВЛІННЯ ЗОНОЮ ВІДЧУЖЕННЯ","ДП"
"2260","ДЕРЖАВНЕ СПЕЦІАЛІЗОВАНЕ ПІДПРИЄМСТВО ""ЕКОЦЕНТР""","34135","ДЕРЖАВНЕ АГЕНТСТВО УКРАЇНИ З УПРАВЛІННЯ ЗОНОЮ ВІДЧУЖЕННЯ","ДП"
"2261","ДЕРЖАВНЕ ПІДПРИЄМСТВО ""ЧОРНОБИЛЬЕНЕРГО""","34135","ДЕРЖАВНЕ АГЕНТСТВО УКРАЇНИ З УПРАВЛІННЯ ЗОНОЮ ВІДЧУЖЕННЯ","ДП"
"2262","ДЕРЖАВНЕ СПЕЦІАЛІЗОВАНЕ ПІДПРИЄМСТВО ""ОБ'ЄДНАННЯ ""РАДОН""","34135","ДЕРЖАВНЕ АГЕНТСТВО УКРАЇНИ З УПРАВЛІННЯ ЗОНОЮ ВІДЧУЖЕННЯ","ДП"
"2263","ДЕРЖАВНЕ СПЕЦІАЛІЗОВАНЕ ПІДПРИЄМСТВО ""ЦЕНТРАЛЬНЕ СЕРВІСНЕ ПІДПРИЄМСТВО З ЕКСПЛУАТАЦІЇ, ВІДНОВЛЕННЯ ТА БЕЗПЕКИ""","34135","ДЕРЖАВНЕ АГЕНТСТВО УКРАЇНИ З УПРАВЛІННЯ ЗОНОЮ ВІДЧУЖЕННЯ","ДП"
"2264","ДЕРЖАВНЕ ПІДПРИЄМСТВО ""КУЛІНДОРІВСЬКИЙ КОМБІНАТ ХЛІБОПРОДУКТІВ"" ДЕРЖАВНОГО АГЕНТСТВА РЕЗЕРВУ УКРАЇНИ","34804","ДЕРЖАВНЕ АГЕНТСТВО З УПРАВЛІННЯ РЕЗЕРВАМИ УКРАЇНИ","ДП"
"2265","ДЕРЖАВНЕ ПІДПРИЄМСТВО ""СТРИЙСЬКИЙ КОМБІНАТ ХЛІБОПРОДУКТІВ №1"" ДЕРЖАВНОГО АГЕНТСТВА РЕЗЕРВУ УКРАЇНИ""","34804","ДЕРЖАВНЕ АГЕНТСТВО З УПРАВЛІННЯ РЕЗЕРВАМИ УКРАЇНИ","ДП"
"2266","ДЕРЖАВНА ОРГАНІЗАЦІЯ КОМБІНАТ ""ПРОГРЕС"" ДЕРЖАВНОГО АГЕНТСТВА РЕЗЕРВУ УКРАЇНИ","34804","ДЕРЖАВНЕ АГЕНТСТВО З УПРАВЛІННЯ РЕЗЕРВАМИ УКРАЇНИ","ДП"
"2267","ДЕРЖАВНЕ ПІДПРИЄМСТВО ""КОМБІНАТ ""САЛЮТ"" ДЕРЖАВНОГО АГЕНТСТВА РЕЗЕРВУ УКРАЇНИ","34804","ДЕРЖАВНЕ АГЕНТСТВО З УПРАВЛІННЯ РЕЗЕРВАМИ УКРАЇНИ","ДП"
"2268","ДЕРЖАВНЕ ПІДПРИЄМСТВО ""ЕНЕРГОЕФЕКТИВНІ ЗАКУПІВЛІ""","36204","ДЕРЖАВНЕ АГЕНТСТВО З ЕНЕРГОЕФЕКТИВНОСТІ ТА ЕНЕРГОЗБЕРЕЖЕННЯ УКРАЇНИ","ДП"
"2269","ДЕРЖАВНЕ ПІДПРИЄМСТВО ""ВОЛОДИМИРІВСЬКЕ ЛІСОВЕ ГОСПОДАРСТВО""","37064","ДЕРЖАВНЕ АГЕНТСТВО ЛІСОВИХ РЕСУРСІВ УКРАЇНИ","ДП"
"2270","УКРАЇНСЬКЕ ДЕРЖАВНЕ ПРОЕКТНЕ ЛІСОВПОРЯДНЕ ВИРОБНИЧЕ ОБ'ЄДНАННЯ","37064","ДЕРЖАВНЕ АГЕНТСТВО ЛІСОВИХ РЕСУРСІВ УКРАЇНИ","ДП"
"2271","ДЕРЖАВНЕ ПІДПРИЄМСТВО ""ХАРКІВСЬКА ДЕРЖАВНА ЛІСОВПОРЯДНА ЕКСПЕДИЦІЯ""","37064","ДЕРЖАВНЕ АГЕНТСТВО ЛІСОВИХ РЕСУРСІВ УКРАЇНИ","ДП"
"2272","ЛЬВІВСЬКА ДЕРЖАВНА ЛІСОВПОРЯДНА ЕКСПЕДИЦІЯ","37064","ДЕРЖАВНЕ АГЕНТСТВО ЛІСОВИХ РЕСУРСІВ УКРАЇНИ","ДП"
"2273","ХАРКІВСЬКИЙ ДЕРЖАВНИЙ ПРОЕКТНО-ВИШУКУВАЛЬНИЙ ІНСТИТУТ АГРОМЕЛІОРАЦІЇ І ЛІСОВОГО ГОСПОДАРСТВА ""ХАРКІВДІПРОАГРОЛІС""","37064","ДЕРЖАВНЕ АГЕНТСТВО ЛІСОВИХ РЕСУРСІВ УКРАЇНИ","ДП"
"2274","ДЕРЖАВНЕ ПІДПРИЄМСТВО ""НОВОАЙДАРСЬКЕ ЛІСОМИСЛИВСЬКЕ ГОСПОДАРСТВО""","37064","ДЕРЖАВНЕ АГЕНТСТВО ЛІСОВИХ РЕСУРСІВ УКРАЇНИ","ДП"
"2275","ДЕРЖАВНЕ ПІДПРИЄМСТВО ""ПРИАЗОВСЬКЕ ЛІСОВЕ ГОСПОДАРСТВО""","37064","ДЕРЖАВНЕ АГЕНТСТВО ЛІСОВИХ РЕСУРСІВ УКРАЇНИ","ДП"
"2276","ДЕРЖАВНЕ ПІДПРИЄМСТВО ""ТОРЕЗЬКЕ ЛІСОВЕ ГОСПОДАРСТВО""","37064","ДЕРЖАВНЕ АГЕНТСТВО ЛІСОВИХ РЕСУРСІВ УКРАЇНИ","ДП"
"2277","ДЕРЖАВНЕ ПІДПРИЄМСТВО ""ЛИМАНСЬКЕ ЛІСОВЕ ГОСПОДАРСТВО""","37064","ДЕРЖАВНЕ АГЕНТСТВО ЛІСОВИХ РЕСУРСІВ УКРАЇНИ","ДП"
"2278","ДЕРЖАВНЕ ПІДПРИЄМСТВО ""СЛОВ'ЯНСЬКЕ ЛІСОВЕ ГОСПОДАРСТВО""","37064","ДЕРЖАВНЕ АГЕНТСТВО ЛІСОВИХ РЕСУРСІВ УКРАЇНИ","ДП"
"2279","ДЕРЖАВНЕ ПІДПРИЄМСТВО ""ГОРЛІВСЬКЕ ЛІСОВЕ ГОСПОДАРСТВО""","37064","ДЕРЖАВНЕ АГЕНТСТВО ЛІСОВИХ РЕСУРСІВ УКРАЇНИ","ДП"
"2280","ДЕРЖАВНЕ ПІДПРИЄМСТВО ""ВЕЛИКОАНАДОЛЬСЬКЕ ЛІСОВЕ ГОСПОДАРСТВО""","37064","ДЕРЖАВНЕ АГЕНТСТВО ЛІСОВИХ РЕСУРСІВ УКРАЇНИ","ДП"
"2281","ДЕРЖАВНЕ ПІДПРИЄМСТВО ""ПОКРОВСЬКЕ ЛІСОВЕ ГОСПОДАРСТВО""","37064","ДЕРЖАВНЕ АГЕНТСТВО ЛІСОВИХ РЕСУРСІВ УКРАЇНИ","ДП"
"2282","ДЕРЖАВНЕ ПІДПРИЄМСТВО ""АМВРОСІЇВСЬКЕ ЛІСОВЕ ГОСПОДАРСТВО""","37064","ДЕРЖАВНЕ АГЕНТСТВО ЛІСОВИХ РЕСУРСІВ УКРАЇНИ","ДП"
"2283","ДЕРЖАВНЕ ПІДПРИЄМСТВО ""МЕЛІТОПОЛЬСЬКЕ ЛІСОВЕ ГОСПОДАРСТВО""","37064","ДЕРЖАВНЕ АГЕНТСТВО ЛІСОВИХ РЕСУРСІВ УКРАЇНИ","ДП"
"2284","ДЕРЖАВНЕ ПІДПРИЄМСТВО ""ПОЛОГІВСЬКЕ ЛІСОМИСЛИВСЬКЕ ГОСПОДАРСТВО""","37064","ДЕРЖАВНЕ АГЕНТСТВО ЛІСОВИХ РЕСУРСІВ УКРАЇНИ","ДП"
"2285","ДЕРЖАВНЕ ПІДПРИЄМСТВО ""КЛАВДІЄВСЬКА ЛІСОВА НАУКОВО-ДОСЛІДНА СТАНЦІЯ""","37064","ДЕРЖАВНЕ АГЕНТСТВО ЛІСОВИХ РЕСУРСІВ УКРАЇНИ","ДП"
"2286","ДЕРЖАВНЕ ПІДПРИЄМСТВО ""СУДАЦЬКЕ ЛІСОМИСЛИВСЬКЕ ГОСПОДАРСТВО""","37064","ДЕРЖАВНЕ АГЕНТСТВО ЛІСОВИХ РЕСУРСІВ УКРАЇНИ","ДП"
"2287","ДЕРЖАВНЕ ПІДПРИЄМСТВО ""СЕВАСТОПОЛЬСЬКЕ ДОСВІДНЕ ЛІСОМИСЛИВСЬКЕ ГОСПОДАРСТВО""","37064","ДЕРЖАВНЕ АГЕНТСТВО ЛІСОВИХ РЕСУРСІВ УКРАЇНИ","ДП"
"2288","ДЕРЖАВНЕ ПІДПРИЄМСТВО ""СІМФЕРОПОЛЬСЬКЕ ЛІСОМИСЛИВСЬКЕ ГОСПОДАРСТВО""","37064","ДЕРЖАВНЕ АГЕНТСТВО ЛІСОВИХ РЕСУРСІВ УКРАЇНИ","ДП"
"2289","ДЕРЖАВНЕ ПІДПРИЄМСТВО ""СТАРОКРИМСЬКЕ ЛІСОМИСЛИВСЬКЕ ГОСПОДАРСТВО""","37064","ДЕРЖАВНЕ АГЕНТСТВО ЛІСОВИХ РЕСУРСІВ УКРАЇНИ","ДП"
"2290","ДЕРЖАВНЕ ПІДПРИЄМСТВО ""БАХЧИСАРАЙСЬКЕ ЛІСОВЕ ГОСПОДАРСТВО""","37064","ДЕРЖАВНЕ АГЕНТСТВО ЛІСОВИХ РЕСУРСІВ УКРАЇНИ","ДП"
"2291","ДЕРЖАВНЕ ПІДПРИЄМСТВО ""БІЛОГІРСЬКЕ ЛІСОВЕ ГОСПОДАРСТВО""","37064","ДЕРЖАВНЕ АГЕНТСТВО ЛІСОВИХ РЕСУРСІВ УКРАЇНИ","ДП"
"2292","ДЕРЖАВНЕ ПІДПРИЄМСТВО ""ДЖАНКОЙСЬКЕ ЛІСОМИСЛИВСЬКЕ ГОСПОДАРСТВО""","37064","ДЕРЖАВНЕ АГЕНТСТВО ЛІСОВИХ РЕСУРСІВ УКРАЇНИ","ДП"
"2293","ДЕРЖАВНЕ ПІДПРИЄМСТВО ""КУЙБИШЕВСЬКЕ ЛІСОВЕ ГОСПОДАРСТВО""","37064","ДЕРЖАВНЕ АГЕНТСТВО ЛІСОВИХ РЕСУРСІВ УКРАЇНИ","ДП"
"2294","ДЕРЖАВНЕ ПІДПРИЄМСТВО ""ЄВПАТОРІЙСЬКЕ ЛІСОВЕ ГОСПОДАРСТВО""","37064","ДЕРЖАВНЕ АГЕНТСТВО ЛІСОВИХ РЕСУРСІВ УКРАЇНИ","ДП"
"2295","ДЕРЖАВНЕ ПІДПРИЄМСТВО ""РОЗДОЛЬНЕНСЬКЕ ЛІСОМИСЛИВСЬКЕ ГОСПОДАРСТВО""","37064","ДЕРЖАВНЕ АГЕНТСТВО ЛІСОВИХ РЕСУРСІВ УКРАЇНИ","ДП"
"2296","ДЕРЖАВНЕ ПІДПРИЄМСТВО ""ВЕСЕЛИНІВСЬКЕ ЛІСОВЕ ГОСПОДАРСТВО""","37064","ДЕРЖАВНЕ АГЕНТСТВО ЛІСОВИХ РЕСУРСІВ УКРАЇНИ","ДП"
"2297","ДЕРЖАВНЕ ПІДПРИЄМСТВО ""БАШТАНСЬКЕ ЛІСОВЕ ГОСПОДАРСТВО""","37064","ДЕРЖАВНЕ АГЕНТСТВО ЛІСОВИХ РЕСУРСІВ УКРАЇНИ","ДП"
"2298","ДЕРЖАВНЕ ПІДПРИЄМСТВО ""ВОЗНЕСЕНСЬКЕ ЛІСОВЕ ГОСПОДАРСТВО""","37064","ДЕРЖАВНЕ АГЕНТСТВО ЛІСОВИХ РЕСУРСІВ УКРАЇНИ","ДП"
"2299","ДЕРЖАВНЕ ПІДПРИЄМСТВО ""ЧУГУЄВО-БАБЧАНСЬКЕ ЛІСОВЕ ГОСПОДАРСТВО""","37064","ДЕРЖАВНЕ АГЕНТСТВО ЛІСОВИХ РЕСУРСІВ УКРАЇНИ","ДП"
"2300","ДЕРЖАВНЕ ПІДПРИЄМСТВО ""ГУТЯНСЬКЕ ЛІСОВЕ ГОСПОДАРСТВО""","37064","ДЕРЖАВНЕ АГЕНТСТВО ЛІСОВИХ РЕСУРСІВ УКРАЇНИ","ДП"
"2301","ДЕРЖАВНЕ ПІДПРИЄМСТВО ""ЗМІЇВСЬКЕ ЛІСОВЕ ГОСПОДАРСТВО""","37064","ДЕРЖАВНЕ АГЕНТСТВО ЛІСОВИХ РЕСУРСІВ УКРАЇНИ","ДП"
"2302","ДЕРЖАВНЕ ПІДПРИЄМСТВО ""КУП'ЯНСЬКЕ ЛІСОВЕ ГОСПОДАРСТВО""","37064","ДЕРЖАВНЕ АГЕНТСТВО ЛІСОВИХ РЕСУРСІВ УКРАЇНИ","ДП"
"2303","ДЕРЖАВНЕ ПІДПРИЄМСТВО ""ІЗЮМСЬКЕ ЛІСОВЕ ГОСПОДАРСТВО""","37064","ДЕРЖАВНЕ АГЕНТСТВО ЛІСОВИХ РЕСУРСІВ УКРАЇНИ","ДП"
"2304","ДЕРЖАВНЕ ПІДПРИЄМСТВО ""БАЛАКЛІЙСЬКЕ ЛІСОВЕ ГОСПОДАРСТВО""","37064","ДЕРЖАВНЕ АГЕНТСТВО ЛІСОВИХ РЕСУРСІВ УКРАЇНИ","ДП"
"2305","ДЕРЖАВНЕ ПІДПРИЄМСТВО ""ВОВЧАНСЬКЕ ЛІСОВЕ ГОСПОДАРСТВО""","37064","ДЕРЖАВНЕ АГЕНТСТВО ЛІСОВИХ РЕСУРСІВ УКРАЇНИ","ДП"
"2306","ДЕРЖАВНЕ ПІДПРИЄМСТВО ""КРАСНОГРАДСЬКЕ ЛІСОВЕ ГОСПОДАРСТВО""","37064","ДЕРЖАВНЕ АГЕНТСТВО ЛІСОВИХ РЕСУРСІВ УКРАЇНИ","ДП"
"2307","ДЕРЖАВНЕ ПІДПРИЄМСТВО ""ЖОВТНЕВЕ ЛІСОВЕ ГОСПОДАРСТВО""","37064","ДЕРЖАВНЕ АГЕНТСТВО ЛІСОВИХ РЕСУРСІВ УКРАЇНИ","ДП"
"2308","ДЕРЖАВНЕ ПІДПРИЄМСТВО ""ОЛЕШКІВСЬКЕ ЛІСОМИСЛИВСЬКЕ ГОСПОДАРСТВО""","37064","ДЕРЖАВНЕ АГЕНТСТВО ЛІСОВИХ РЕСУРСІВ УКРАЇНИ","ДП"
"2309","ДЕРЖАВНЕ ПІДПРИЄМСТВО НОВОТРОЇЦЬКЕ ЛІСОВЕ ГОСПОДАРСТВО","37064","ДЕРЖАВНЕ АГЕНТСТВО ЛІСОВИХ РЕСУРСІВ УКРАЇНИ","ДП"
"2310","ДЕРЖАВНЕ ПІДПРИЄМСТВО ""СКАДОВСЬКЕ ДОСВІДНЕ ЛІСОМИСЛИВСЬКЕ ГОСПОДАРСТВО""","37064","ДЕРЖАВНЕ АГЕНТСТВО ЛІСОВИХ РЕСУРСІВ УКРАЇНИ","ДП"
"2311","ДЕРЖАВНЕ ПІДПРИЄМСТВО ""КАХОВСЬКЕ ЛІСОВЕ ГОСПОДАРСТВО""","37064","ДЕРЖАВНЕ АГЕНТСТВО ЛІСОВИХ РЕСУРСІВ УКРАЇНИ","ДП"
"2312","ДЕРЖАВНЕ ПІДПРИЄМСТВО ""ГОЛОПРИСТАНСЬКЕ ЛІСОМИСЛИВСЬКЕ ГОСПОДАРСТВО""","37064","ДЕРЖАВНЕ АГЕНТСТВО ЛІСОВИХ РЕСУРСІВ УКРАЇНИ","ДП"
"2313","ДЕРЖАВНЕ ПІДПРИЄМСТВО ""ЗБУР'ЇВСЬКЕ ЛІСОМИСЛИВСЬКЕ ГОСПОДАРСТВО""","37064","ДЕРЖАВНЕ АГЕНТСТВО ЛІСОВИХ РЕСУРСІВ УКРАЇНИ","ДП"
"2314","ДЕРЖАВНЕ ПІДПРИЄМСТВО ""ВЕЛИКОКОПАНІВСЬКЕ ЛІСОМИСЛИВСЬКЕ ГОСПОДАРСТВО""","37064","ДЕРЖАВНЕ АГЕНТСТВО ЛІСОВИХ РЕСУРСІВ УКРАЇНИ","ДП"
"2315","ДЕРЖАВНЕ ПІДПРИЄМСТВО ""БІЛОВОДСЬКЕ ЛІСОМИСЛИВСЬКЕ ГОСПОДАРСТВО""","37064","ДЕРЖАВНЕ АГЕНТСТВО ЛІСОВИХ РЕСУРСІВ УКРАЇНИ","ДП"
"2316","ДЕРЖАВНЕ ПІДПРИЄМСТВО ІВАНІВСЬКЕ ЛІСОМИСЛИВСЬКЕ ГОСПОДАРСТВО","37064","ДЕРЖАВНЕ АГЕНТСТВО ЛІСОВИХ РЕСУРСІВ УКРАЇНИ","ДП"
"2317","ДЕРЖАВНЕ ПІДПРИЄМСТВО ""КРЕМІНСЬКЕ ЛІСОМИСЛИВСЬКЕ ГОСПОДАРСТВО""","37064","ДЕРЖАВНЕ АГЕНТСТВО ЛІСОВИХ РЕСУРСІВ УКРАЇНИ","ДП"
"2318","ДЕРЖАВНЕ ПІДПРИЄМСТВО ""СЄВЄРОДОНЕЦЬКЕ ЛІСОМИСЛИВСЬКЕ ГОСПОДАРСТВО""","37064","ДЕРЖАВНЕ АГЕНТСТВО ЛІСОВИХ РЕСУРСІВ УКРАЇНИ","ДП"
"2319","ДЕРЖАВНЕ ПІДПРИЄМСТВО ""СВЕРДЛОВСЬКЕ ЛІСОМИСЛИВСЬКЕ ГОСПОДАРСТВО""","37064","ДЕРЖАВНЕ АГЕНТСТВО ЛІСОВИХ РЕСУРСІВ УКРАЇНИ","ДП"
"2320","ДЕРЖАВНЕ ПІДПРИЄМСТВО ""СТАНИЧНО-ЛУГАНСЬКЕ ДОСВІДНЕ ЛІСОМИСЛИВСЬКЕ ГОСПОДАРСТВО""","37064","ДЕРЖАВНЕ АГЕНТСТВО ЛІСОВИХ РЕСУРСІВ УКРАЇНИ","ДП"
"2321","ДЕРЖАВНЕ ПІДПРИЄМСТВО ""СТАРОБІЛЬСЬКЕ ЛІСОМИСЛИВСЬКЕ ГОСПОДАРСТВО""","37064","ДЕРЖАВНЕ АГЕНТСТВО ЛІСОВИХ РЕСУРСІВ УКРАЇНИ","ДП"
"2322","ДЕРЖАВНЕ ПІДПРИЄМСТВО ТОРГОВО-ВИРОБНИЧЕ ПІДПРИЄМСТВО ""ЧЕРКАСИЛІСТОРГ""","37064","ДЕРЖАВНЕ АГЕНТСТВО ЛІСОВИХ РЕСУРСІВ УКРАЇНИ","ДП"
"2323","ДЕРЖАВНЕ ПІДПРИЄМСТВО ""МИСЛИВСЬКЕ ГОСПОДАРСТВО ""ХОЛОДНА ГОРА""","37064","ДЕРЖАВНЕ АГЕНТСТВО ЛІСОВИХ РЕСУРСІВ УКРАЇНИ","ДП"
"2324","ДЕРЖАВНЕ ПІДПРИЄМСТВО ""ХАРКІВСЬКА ЛІСОВА НАУКОВО-ДОСЛІДНА СТАНЦІЯ""","37064","ДЕРЖАВНЕ АГЕНТСТВО ЛІСОВИХ РЕСУРСІВ УКРАЇНИ","ДП"
"2325","ДЕРЖАВНЕ ПІДПРИЄМСТВО ""СТЕПОВИЙ ІМ.В.М.ВИНОГРАДОВА ФІЛІАЛ УКРАЇНСЬКОГО ОРДЕНА ""ЗНАК ПОШАНИ"" НАУКОВО-ДОСЛІДНОГО ІНСТИТУТУ ЛІСОВОГО ГОСПОДАРСТВА ТА АГРОЛІСОМЕЛІОРАЦІЇ ІМ.Г.М.","37064","ДЕРЖАВНЕ АГЕНТСТВО ЛІСОВИХ РЕСУРСІВ УКРАЇНИ","ДП"
"2326","ДЕРЖАВНЕ ПІДПРИЄМСТВО ""ПРИСИВАСЬКЕ ДОСЛІДНЕ ГОСПОДАРСТВО""","37064","ДЕРЖАВНЕ АГЕНТСТВО ЛІСОВИХ РЕСУРСІВ УКРАЇНИ","ДП"
"2327","ДЕРЖАВНЕ ПІДПРИЄМСТВО КРИМСЬКА ГІРСЬКО-ЛІСОВА НАУКОВО-ДОСЛІДНА СТАНЦІЯ","37064","ДЕРЖАВНЕ АГЕНТСТВО ЛІСОВИХ РЕСУРСІВ УКРАЇНИ","ДП"
"2328","ДЕРЖАВНЕ ПІДПРИЄМСТВО ""ВІННИЦЬКА ЛІСОВА НАУКОВО-ДОСЛІДНА СТАНЦІЯ""","37064","ДЕРЖАВНЕ АГЕНТСТВО ЛІСОВИХ РЕСУРСІВ УКРАЇНИ","ДП"
"2329","ДЕРЖАВНЕ ПІДПРИЄМСТВО ЛУГАНСЬКА АГРОЛІСОМЕЛІОРАТИВНА НАУКОВО-ДОСЛІДНА СТАНЦІЯ","37064","ДЕРЖАВНЕ АГЕНТСТВО ЛІСОВИХ РЕСУРСІВ УКРАЇНИ","ДП"
"2330","ДЕРЖАВНЕ ПІДПРИЄМСТВО ""МАРІУПОЛЬСЬКА ЛІСОВА НАУКОВО-ДОСЛІДНА СТАНЦІЯ""","37064","ДЕРЖАВНЕ АГЕНТСТВО ЛІСОВИХ РЕСУРСІВ УКРАЇНИ","ДП"
"2331","ДЕРЖАВНЕ ПІДПРИЄМСТВО ""НОВГОРОД-СІВЕРСЬКА ЛІСОВА НАУКОВО-ДОСЛІДНА СТАНЦІЯ""","37064","ДЕРЖАВНЕ АГЕНТСТВО ЛІСОВИХ РЕСУРСІВ УКРАЇНИ","ДП"
"2332","ДЕРЖАВНЕ ПІДПРИЄМСТВО ""ЛІСОГОСПОДАРСЬКИЙ ІННОВАЦІЙНО-АНАЛІТИЧНИЙ ЦЕНТР""","37064","ДЕРЖАВНЕ АГЕНТСТВО ЛІСОВИХ РЕСУРСІВ УКРАЇНИ","ДП"
"2333","ДЕРЖАВНЕ ЛІСОГОСПОДАРСЬКЕ ОБ'ЄДНАННЯ ""ЛУГАНСЬКЛІС""","37064","ДЕРЖАВНЕ АГЕНТСТВО ЛІСОВИХ РЕСУРСІВ УКРАЇНИ","ДП"
"2334","УКРАЇНСЬКИЙ ЦЕНТР ПІДГОТОВКИ, ПЕРЕПІДГОТОВКИ ТА ПІДВИЩЕННЯ КВАЛІФІКАЦІЇ КАДРІВ ЛІСОВОГО ГОСПОДАРСТВА","37064","ДЕРЖАВНЕ АГЕНТСТВО ЛІСОВИХ РЕСУРСІВ УКРАЇНИ","ДП"
"2335","ДЕРЖАВНЕ ПІДПРИЄМСТВО ""БЕРДЯНСЬКЕ ЛІСОВЕ ГОСПОДАРСТВО""","37064","ДЕРЖАВНЕ АГЕНТСТВО ЛІСОВИХ РЕСУРСІВ УКРАЇНИ","ДП"
"2336","ДЕРЖАВНЕ ПІДПРИЄМСТВО ""ТЕЛЬМАНІВСЬКЕ ЛІСОВЕ ГОСПОДАРСТВО""","37064","ДЕРЖАВНЕ АГЕНТСТВО ЛІСОВИХ РЕСУРСІВ УКРАЇНИ","ДП"
"2337","ДЕРЖАВНЕ ПІДПРИЄМСТВО ""МИСЛИВСЬКЕ ГОСПОДАРСТВО ""КИЇВСЬКЕ""","37064","ДЕРЖАВНЕ АГЕНТСТВО ЛІСОВИХ РЕСУРСІВ УКРАЇНИ","ДП"
"2338","ДЕРЖАВНЕ ПІДПРИЄМСТВО ""МИСЛИВСЬКЕ ГОСПОДАРСТВО ""СТИР""","37064","ДЕРЖАВНЕ АГЕНТСТВО ЛІСОВИХ РЕСУРСІВ УКРАЇНИ","ДП"
"2339","ДЕРЖАВНЕ ПІДПРИЄМСТВО ""ТЕТЕРІВЛІС""","37064","ДЕРЖАВНЕ АГЕНТСТВО ЛІСОВИХ РЕСУРСІВ УКРАЇНИ","ДП"
"2340","ДЕРЖАВНЕ СПЕЦІАЛІЗОВАНЕ ЛІСОЗАХИСНЕ ПІДПРИЄМСТВО ""КИЇВЛІСОЗАХИСТ""","37064","ДЕРЖАВНЕ АГЕНТСТВО ЛІСОВИХ РЕСУРСІВ УКРАЇНИ","ДП"
"2341","ДЕРЖАВНЕ ПІДПРИЄМСТВО ""МИСЛИВСЬКЕ ГОСПОДАРСТВО ""БАХЧИСАРАЙСЬКЕ""","37064","ДЕРЖАВНЕ АГЕНТСТВО ЛІСОВИХ РЕСУРСІВ УКРАЇНИ","ДП"
"2342","ДЕРЖАВНЕ ПІДПРИЄМСТВО ""АЛУШТИНСЬКЕ ЛІСОВЕ ГОСПОДАРСТВО""","37064","ДЕРЖАВНЕ АГЕНТСТВО ЛІСОВИХ РЕСУРСІВ УКРАЇНИ","ДП"
"2343","ДЕРЖАВНЕ МИСЛИВСЬКЕ ГОСПОДАРСТВО ""НЕМИРІВ""","37064","ДЕРЖАВНЕ АГЕНТСТВО ЛІСОВИХ РЕСУРСІВ УКРАЇНИ","ДП"
"2344","ДЕРЖАВНЕ СПЕЦІАЛІЗОВАНЕ ЛІСОЗАХИСНЕ ПІДПРИЄМСТВО ""ХАРКІВЛІСОЗАХИСТ""","37064","ДЕРЖАВНЕ АГЕНТСТВО ЛІСОВИХ РЕСУРСІВ УКРАЇНИ","ДП"
"2345","ДЕРЖАВНЕ ПІДПРИЄМСТВО ""ВЕЛИКООЛЕКСАНДРІВСЬКЕ ЛІСОМИСЛИВСЬКЕ ГОСПОДАРСТВО""","37064","ДЕРЖАВНЕ АГЕНТСТВО ЛІСОВИХ РЕСУРСІВ УКРАЇНИ","ДП"
"2346","УСТЬ-ЧОРНЯНСЬКЕ ДЕРЖАВНЕ ЛІСОМИСЛИВСЬКЕ ГОСПОДАРСТВО","37064","ДЕРЖАВНЕ АГЕНТСТВО ЛІСОВИХ РЕСУРСІВ УКРАЇНИ","ДП"
"2347","ДЕРЖАВНЕ ПІДПРИЄМСТВО ""СПЕЦІАЛІЗОВАНЕ ЛІСОГОСПОДАРСЬКЕ ПІДПРИЄМСТВО ""КИЇВОБЛАГРОЛІС""","37064","ДЕРЖАВНЕ АГЕНТСТВО ЛІСОВИХ РЕСУРСІВ УКРАЇНИ","ДП"
"2348","ДЕРЖАВНЕ СПЕЦІАЛІЗОВАНЕ ЛІСОЗАХИСНЕ ПІДПРИЄМСТВО ""ХЕРСОНЛІСОЗАХИСТ""","37064","ДЕРЖАВНЕ АГЕНТСТВО ЛІСОВИХ РЕСУРСІВ УКРАЇНИ","ДП"
"2349","РІВНЕНСЬКЕ ДЕРЖАВНЕ ПІДПРИЄМСТВО ""РІВНЕЛІСПОСТАЧ""","37064","ДЕРЖАВНЕ АГЕНТСТВО ЛІСОВИХ РЕСУРСІВ УКРАЇНИ","ДП"
"2350","ДЕРЖАВНЕ ПІДПРИЄМСТВО ""СВАТІВСЬКЕ ЛІСОМИСЛИВСЬКЕ ГОСПОДАРСТВО""","37064","ДЕРЖАВНЕ АГЕНТСТВО ЛІСОВИХ РЕСУРСІВ УКРАЇНИ","ДП"
"2351","ДЕРЖАВНЕ ПІДПРИЄМСТВО ""БІЛОКУРАКИНСЬКЕ ЛІСОМИСЛИВСЬКЕ ГОСПОДАРСТВО""","37064","ДЕРЖАВНЕ АГЕНТСТВО ЛІСОВИХ РЕСУРСІВ УКРАЇНИ","ДП"
"2352","ДЕРЖАВНЕ ПІДПРИЄМСТВО ""ЛУГАНСЬКЕ ЛІСОМИСЛИВСЬКЕ ГОСПОДАРСТВО""","37064","ДЕРЖАВНЕ АГЕНТСТВО ЛІСОВИХ РЕСУРСІВ УКРАЇНИ","ДП"
"2353","ДЕРЖАВНЕ ПІДПРИЄМСТВО ""ЗАКАРПАТЛІССЕРВІС""","37064","ДЕРЖАВНЕ АГЕНТСТВО ЛІСОВИХ РЕСУРСІВ УКРАЇНИ","ДП"
"2354","ДЕРЖАВНЕ СПЕЦІАЛІЗОВАНЕ ЛІСОЗАХИСНЕ ПІДПРИЄМСТВО ""КРИМЛІСОЗАХИСТ""","37064","ДЕРЖАВНЕ АГЕНТСТВО ЛІСОВИХ РЕСУРСІВ УКРАЇНИ","ДП"
"2355","ДЕРЖАВНЕ ПІДПРИЄМСТВО ""ДІБРОВА""","37064","ДЕРЖАВНЕ АГЕНТСТВО ЛІСОВИХ РЕСУРСІВ УКРАЇНИ","ДП"
"2356","ДЕРЖАВНЕ ПІДПРИЄМСТВО ""ХЕРСОНСЬКЕ ЛІСОМИСЛИВСЬКЕ ГОСПОДАРСТВО""","37064","ДЕРЖАВНЕ АГЕНТСТВО ЛІСОВИХ РЕСУРСІВ УКРАЇНИ","ДП"
"2357","ДЕРЖАВНЕ ПІДПРИЄМСТВО ""ДОНЕЦЬКЕ ЛІСОВЕ ГОСПОДАРСТВО""","37064","ДЕРЖАВНЕ АГЕНТСТВО ЛІСОВИХ РЕСУРСІВ УКРАЇНИ","ДП"
"2358","ДЕРЖАВНЕ ПІДПРИЄМСТВО ""ЛУГАНСЬКЛІССЕРВІС""","37064","ДЕРЖАВНЕ АГЕНТСТВО ЛІСОВИХ РЕСУРСІВ УКРАЇНИ","ДП"
"2359","ДЕРЖАВНЕ СПЕЦІАЛІЗОВАНЕ ЛІСОЗАХИСНЕ ПІДПРИЄМСТВО ""ЛЬВІВЛІСОЗАХИСТ""","37064","ДЕРЖАВНЕ АГЕНТСТВО ЛІСОВИХ РЕСУРСІВ УКРАЇНИ","ДП"
"2360","ДЕРЖАВНЕ ПІДПРИЄМСТВО ""ХЕРСОНСЬКЕ ОБЛАСНЕ АГРОЛІСОМЕЛІОРАТИВНЕ ПІДПРИЄМСТВО ""ХЕРСОНАГРОЛІС""","37064","ДЕРЖАВНЕ АГЕНТСТВО ЛІСОВИХ РЕСУРСІВ УКРАЇНИ","ДП"
"2361","ДЕРЖАВНЕ СПЕЦІАЛІЗОВАНЕ ГОСПОДАРСЬКЕ ПІДПРИЄМСТВО ""ЛІСИ УКРАЇНИ""","37064","ДЕРЖАВНЕ АГЕНТСТВО ЛІСОВИХ РЕСУРСІВ УКРАЇНИ","ДП"
"2362","ДЕРЖАВНЕ ПІДПРИЄМСТВО ""НАЦІОНАЛЬНА КІНОСТУДІЯ ХУДОЖНІХ ФІЛЬМІВ ІМЕНІ ОЛЕКСАНДРА ДОВЖЕНКА""","37098","ДЕРЖАВНЕ АГЕНТСТВО УКРАЇНИ З ПИТАНЬ КІНО","ДП"
"2363","ДЕРЖАВНЕ ПІДПРИЄМСТВО ""НАЦІОНАЛЬНА КІНЕМАТЕКА УКРАЇНИ""","37098","ДЕРЖАВНЕ АГЕНТСТВО УКРАЇНИ З ПИТАНЬ КІНО","ДП"
"2364","ДЕРЖАВНЕ ПІДПРИЄМСТВО ""НАЦІОНАЛЬНИЙ ЦЕНТР ОЛЕКСАНДРА ДОВЖЕНКА""","37098","ДЕРЖАВНЕ АГЕНТСТВО УКРАЇНИ З ПИТАНЬ КІНО","ДП"
"2365","НАВЧАЛЬНИЙ ЦЕНТР ПО ПІДГОТОВЦІ, ПЕРЕПІДГОТОВЦІ ТА ПІДВИЩЕННЮ КВАЛІФІКАЦІЇ КАДРІВ","37304","ДЕРЖАВНЕ АГЕНТСТВО ВІДНОВЛЕННЯ ТА РОЗВИТКУ ІНФРАСТРУКТУРИ УКРАЇНИ","ДП"
"2366","ДЕРЖАВНЕ ПІДПРИЄМСТВО ""НАЦІОНАЛЬНИЙ ІНСТИТУТ РОЗВИТКУ ІНФРАСТРУКТУРИ""","37304","ДЕРЖАВНЕ АГЕНТСТВО ВІДНОВЛЕННЯ ТА РОЗВИТКУ ІНФРАСТРУКТУРИ УКРАЇНИ","ДП"
"2367","СЛУЖБА ВІДНОВЛЕННЯ ТА РОЗВИТКУ ІНФРАСТРУКТУРИ У ЖИТОМИРСЬКІЙ ОБЛАСТІ","37304","ДЕРЖАВНЕ АГЕНТСТВО ВІДНОВЛЕННЯ ТА РОЗВИТКУ ІНФРАСТРУКТУРИ УКРАЇНИ","ДП"
"2368","ДЕРЖАВНЕ ПІДПРИЄМСТВО -УКРАЇНСЬКИЙ ДЕРЖАВНИЙ ІНСТИТУТ З ПРОЕКТУВАННЯ ОБ'ЄКТІВ ДОРОЖНЬОГО ГОСПОДАРСТВА ""УКРДІПРОДОР""","37304","ДЕРЖАВНЕ АГЕНТСТВО ВІДНОВЛЕННЯ ТА РОЗВИТКУ ІНФРАСТРУКТУРИ УКРАЇНИ","ДП"
"2369","СЛУЖБА ВІДНОВЛЕННЯ ТА РОЗВИТКУ ІНФРАСТРУКТУРИ У ЧЕРКАСЬКІЙ ОБЛАСТІ","37304","ДЕРЖАВНЕ АГЕНТСТВО ВІДНОВЛЕННЯ ТА РОЗВИТКУ ІНФРАСТРУКТУРИ УКРАЇНИ","ДП"
"2370","ДЕРЖАВНЕ ПІДПРИЄМСТВО -УКРАЇНСЬКА ГОЛОВНА МОСТОВИПРОБУВАЛЬНА СТАНЦІЯ ПО ЕКСПЕРТИЗІ ТА НАГЛЯДУ ЗА ТЕХНІЧНИМ СТАНОМ МОСТОВИХ СПОРУД ""УКРГОЛОВМОСТОЕКСПЕРТИЗА""","37304","ДЕРЖАВНЕ АГЕНТСТВО ВІДНОВЛЕННЯ ТА РОЗВИТКУ ІНФРАСТРУКТУРИ УКРАЇНИ","ДП"
"2371","УКРАЇНСЬКИЙ ДЕРЖАВНИЙ ІНСТИТУТ ПО ПРОЕКТУВАННЮ БУДІВНИЦТВА МОСТІВ, ОБ""ЄКТІВ ВИРОБНИЧОЇ БАЗИ МОСТОБУДУВАННЯ І КОНСТРУЮВАННЯ МОСТОБУДІВЕЛЬНОГО УСТАТКУВАННЯ","37304","ДЕРЖАВНЕ АГЕНТСТВО ВІДНОВЛЕННЯ ТА РОЗВИТКУ ІНФРАСТРУКТУРИ УКРАЇНИ","ДП"
"2372","ДЕРЖАВНЕ ПІДПРИЄМСТВО ""ДОРОЖНІЙ НАУКОВО-ТЕХНІЧНИЙ ЦЕНТР""","37304","ДЕРЖАВНЕ АГЕНТСТВО ВІДНОВЛЕННЯ ТА РОЗВИТКУ ІНФРАСТРУКТУРИ УКРАЇНИ","ДП"
"2373","ДЕРЖАВНЕ ПІДПРИЄМСТВО ""УКРАЇНСЬКЕ НАУКОВО-ДОСЛІДНЕ ПІДПРИЄМСТВО ""ВІДНОВЛЕННЯ""","37304","ДЕРЖАВНЕ АГЕНТСТВО ВІДНОВЛЕННЯ ТА РОЗВИТКУ ІНФРАСТРУКТУРИ УКРАЇНИ","ДП"
"2374","СЛУЖБА ВІДНОВЛЕННЯ ТА РОЗВИТКУ ІНФРАСТРУКТУРИ У ЧЕРНІВЕЦЬКІЙ ОБЛАСТІ","37304","ДЕРЖАВНЕ АГЕНТСТВО ВІДНОВЛЕННЯ ТА РОЗВИТКУ ІНФРАСТРУКТУРИ УКРАЇНИ","ДП"
"2375","СЛУЖБА ВІДНОВЛЕННЯ ТА РОЗВИТКУ ІНФРАСТРУКТУРИ У СУМСЬКІЙ ОБЛАСТІ","37304","ДЕРЖАВНЕ АГЕНТСТВО ВІДНОВЛЕННЯ ТА РОЗВИТКУ ІНФРАСТРУКТУРИ УКРАЇНИ","ДП"
"2376","СЛУЖБА АВТОМОБІЛЬНИХ ДОРІГ В АВТОНОМНІЙ РЕСПУБЛІЦІ КРИМ","37304","ДЕРЖАВНЕ АГЕНТСТВО ВІДНОВЛЕННЯ ТА РОЗВИТКУ ІНФРАСТРУКТУРИ УКРАЇНИ","ДП"
"2377","СЛУЖБА ВІДНОВЛЕННЯ ТА РОЗВИТКУ ІНФРАСТРУКТУРИ У КІРОВОГРАДСЬКІЙ ОБЛАСТІ","37304","ДЕРЖАВНЕ АГЕНТСТВО ВІДНОВЛЕННЯ ТА РОЗВИТКУ ІНФРАСТРУКТУРИ УКРАЇНИ","ДП"
"2378","СЛУЖБА ВІДНОВЛЕННЯ ТА РОЗВИТКУ ІНФРАСТРУКТУРИ У ЛЬВІВСЬКІЙ ОБЛАСТІ","37304","ДЕРЖАВНЕ АГЕНТСТВО ВІДНОВЛЕННЯ ТА РОЗВИТКУ ІНФРАСТРУКТУРИ УКРАЇНИ","ДП"
"2379","СЛУЖБА ВІДНОВЛЕННЯ ТА РОЗВИТКУ ІНФРАСТРУКТУРИ У ЗАКАРПАТСЬКІЙ ОБЛАСТІ","37304","ДЕРЖАВНЕ АГЕНТСТВО ВІДНОВЛЕННЯ ТА РОЗВИТКУ ІНФРАСТРУКТУРИ УКРАЇНИ","ДП"
"2380","СЛУЖБА ВІДНОВЛЕННЯ ТА РОЗВИТКУ ІНФРАСТРУКТУРИ В ІВАНО-ФРАНКІВСЬКІЙ ОБЛАСТІ","37304","ДЕРЖАВНЕ АГЕНТСТВО ВІДНОВЛЕННЯ ТА РОЗВИТКУ ІНФРАСТРУКТУРИ УКРАЇНИ","ДП"
"2381","СЛУЖБА ВІДНОВЛЕННЯ ТА РОЗВИТКУ ІНФРАСТРУКТУРИ В ОДЕСЬКІЙ ОБЛАСТІ","37304","ДЕРЖАВНЕ АГЕНТСТВО ВІДНОВЛЕННЯ ТА РОЗВИТКУ ІНФРАСТРУКТУРИ УКРАЇНИ","ДП"
"2382","СЛУЖБА ВІДНОВЛЕННЯ ТА РОЗВИТКУ ІНФРАСТРУКТУРИ У ДНІПРОПЕТРОВСЬКІЙ ОБЛАСТІ","37304","ДЕРЖАВНЕ АГЕНТСТВО ВІДНОВЛЕННЯ ТА РОЗВИТКУ ІНФРАСТРУКТУРИ УКРАЇНИ","ДП"
"2383","СЛУЖБА ВІДНОВЛЕННЯ ТА РОЗВИТКУ ІНФРАСТРУКТУРИ У ВІННИЦЬКІЙ ОБЛАСТІ","37304","ДЕРЖАВНЕ АГЕНТСТВО ВІДНОВЛЕННЯ ТА РОЗВИТКУ ІНФРАСТРУКТУРИ УКРАЇНИ","ДП"
"2384","СЛУЖБА ВІДНОВЛЕННЯ ТА РОЗВИТКУ ІНФРАСТРУКТУРИ У МИКОЛАЇВСЬКІЙ ОБЛАСТІ","37304","ДЕРЖАВНЕ АГЕНТСТВО ВІДНОВЛЕННЯ ТА РОЗВИТКУ ІНФРАСТРУКТУРИ УКРАЇНИ","ДП"
"2385","СЛУЖБА ВІДНОВЛЕННЯ ТА РОЗВИТКУ ІНФРАСТРУКТУРИ У ХМЕЛЬНИЦЬКІЙ ОБЛАСТІ","37304","ДЕРЖАВНЕ АГЕНТСТВО ВІДНОВЛЕННЯ ТА РОЗВИТКУ ІНФРАСТРУКТУРИ УКРАЇНИ","ДП"
"2386","СЛУЖБА ВІДНОВЛЕННЯ ТА РОЗВИТКУ ІНФРАСТРУКТУРИ У ТЕРНОПІЛЬСЬКІЙ ОБЛАСТІ","37304","ДЕРЖАВНЕ АГЕНТСТВО ВІДНОВЛЕННЯ ТА РОЗВИТКУ ІНФРАСТРУКТУРИ УКРАЇНИ","ДП"
"2387","СЛУЖБА ВІДНОВЛЕННЯ ТА РОЗВИТКУ ІНФРАСТРУКТУРИ У ЗАПОРІЗЬКІЙ ОБЛАСТІ","37304","ДЕРЖАВНЕ АГЕНТСТВО ВІДНОВЛЕННЯ ТА РОЗВИТКУ ІНФРАСТРУКТУРИ УКРАЇНИ","ДП"
"2388","СЛУЖБА ВІДНОВЛЕННЯ ТА РОЗВИТКУ ІНФРАСТРУКТУРИ У РІВНЕНСЬКІЙ ОБЛАСТІ","37304","ДЕРЖАВНЕ АГЕНТСТВО ВІДНОВЛЕННЯ ТА РОЗВИТКУ ІНФРАСТРУКТУРИ УКРАЇНИ","ДП"
"2389","СЛУЖБА ВІДНОВЛЕННЯ ТА РОЗВИТКУ ІНФРАСТРУКТУРИ У ПОЛТАВСЬКІЙ ОБЛАСТІ","37304","ДЕРЖАВНЕ АГЕНТСТВО ВІДНОВЛЕННЯ ТА РОЗВИТКУ ІНФРАСТРУКТУРИ УКРАЇНИ","ДП"
"2390","СЛУЖБА ВІДНОВЛЕННЯ ТА РОЗВИТКУ ІНФРАСТРУКТУРИ У ХЕРСОНСЬКІЙ ОБЛАСТІ","37304","ДЕРЖАВНЕ АГЕНТСТВО ВІДНОВЛЕННЯ ТА РОЗВИТКУ ІНФРАСТРУКТУРИ УКРАЇНИ","ДП"
"2391","СЛУЖБА ВІДНОВЛЕННЯ ТА РОЗВИТКУ ІНФРАСТРУКТУРИ У ЧЕРНІГІВСЬКІЙ ОБЛАСТІ","37304","ДЕРЖАВНЕ АГЕНТСТВО ВІДНОВЛЕННЯ ТА РОЗВИТКУ ІНФРАСТРУКТУРИ УКРАЇНИ","ДП"
"2392","СЛУЖБА ВІДНОВЛЕННЯ ТА РОЗВИТКУ ІНФРАСТРУКТУРИ У ЛУГАНСЬКІЙ ОБЛАСТІ","37304","ДЕРЖАВНЕ АГЕНТСТВО ВІДНОВЛЕННЯ ТА РОЗВИТКУ ІНФРАСТРУКТУРИ УКРАЇНИ","ДП"
"2393","СЛУЖБА ВІДНОВЛЕННЯ ТА РОЗВИТКУ ІНФРАСТРУКТУРИ У ВОЛИНСЬКІЙ ОБЛАСТІ","37304","ДЕРЖАВНЕ АГЕНТСТВО ВІДНОВЛЕННЯ ТА РОЗВИТКУ ІНФРАСТРУКТУРИ УКРАЇНИ","ДП"
"2394","СЛУЖБА ВІДНОВЛЕННЯ ТА РОЗВИТКУ ІНФРАСТРУКТУРИ У ДОНЕЦЬКІЙ ОБЛАСТІ","37304","ДЕРЖАВНЕ АГЕНТСТВО ВІДНОВЛЕННЯ ТА РОЗВИТКУ ІНФРАСТРУКТУРИ УКРАЇНИ","ДП"
"2395","СЛУЖБА АВТОМОБІЛЬНИХ ДОРІГ У М. СЕВАСТОПОЛІ","37304","ДЕРЖАВНЕ АГЕНТСТВО ВІДНОВЛЕННЯ ТА РОЗВИТКУ ІНФРАСТРУКТУРИ УКРАЇНИ","ДП"
"2396","СЛУЖБА ВІДНОВЛЕННЯ ТА РОЗВИТКУ ІНФРАСТРУКТУРИ У КИЇВСЬКІЙ ОБЛАСТІ","37304","ДЕРЖАВНЕ АГЕНТСТВО ВІДНОВЛЕННЯ ТА РОЗВИТКУ ІНФРАСТРУКТУРИ УКРАЇНИ","ДП"
"2397","СЛУЖБА ВІДНОВЛЕННЯ ТА РОЗВИТКУ ІНФРАСТРУКТУРИ У ХАРКІВСЬКІЙ ОБЛАСТІ","37304","ДЕРЖАВНЕ АГЕНТСТВО ВІДНОВЛЕННЯ ТА РОЗВИТКУ ІНФРАСТРУКТУРИ УКРАЇНИ","ДП"
"2398","ДЕРЖАВНЕ ПІДПРИЄМСТВО ""ГРУПА УПРАВЛІННЯ ПРОЕКТАМИ ВІДНОВЛЕННЯ""","37304","ДЕРЖАВНЕ АГЕНТСТВО ВІДНОВЛЕННЯ ТА РОЗВИТКУ ІНФРАСТРУКТУРИ УКРАЇНИ","ДП"
"2399","ДЕРЖАВНЕ ПІДПРИЄМСТВО ""ДИРЕКЦІЯ З БУДІВНИЦТВА ОБ'ЄКТІВ ДО ЄВРО 2012 У М.ЛЬВОВІ""","37304","ДЕРЖАВНЕ АГЕНТСТВО ВІДНОВЛЕННЯ ТА РОЗВИТКУ ІНФРАСТРУКТУРИ УКРАЇНИ","ДП"
"2400","ДЕРЖАВНЕ ПІДПРИЄМСТВО ""ФІНАНСУВАННЯ ІНФРАСТРУКТУРНИХ ПРОЕКТІВ""","37304","ДЕРЖАВНЕ АГЕНТСТВО ВІДНОВЛЕННЯ ТА РОЗВИТКУ ІНФРАСТРУКТУРИ УКРАЇНИ","ДП"
"2401","ДЕРЖАВНЕ ПІДПРИЄМСТВО ""ВІДНОВЛЕННЯ КРИТИЧНОЇ ІНФРАСТРУКТУРИ""","37304","ДЕРЖАВНЕ АГЕНТСТВО ВІДНОВЛЕННЯ ТА РОЗВИТКУ ІНФРАСТРУКТУРИ УКРАЇНИ","ДП"
"2402","ДЕРЖАВНЕ ПІДПРИЄМСТВО ""ІНФРАСТРУКТУРНІ ПРОЕКТИ""","37304","ДЕРЖАВНЕ АГЕНТСТВО ВІДНОВЛЕННЯ ТА РОЗВИТКУ ІНФРАСТРУКТУРИ УКРАЇНИ","ДП"
"2403","САКСЬКИЙ ДЕРЖАВНИЙ ХІМІЧНИЙ ЗАВОД","37427842","РЕСПУБЛІКАНСЬКИЙ КОМІТЕТ АВТОНОМНОЇ РЕСПУБЛІКИ КРИМ З ПАЛИВА, ЕНЕРГЕТИКИ ТА ІННОВАЦІЙНОЇ ПОЛІТИКИ","ДП"
"2404","ДЕРЖАВНИЙ РЕГІОНАЛЬНИЙ ПРОЕКТНО-ВИШУКУВАЛЬНИЙ ІНСТИТУТ ""УКРПIВДЕНДIПРОВОДГОСП""","38094","ДЕРЖАВНЕ АГЕНТСТВО ВОДНИХ РЕСУРСІВ УКРАЇНИ","ДП"
"2405","ДЕРЖАВНЕ ПІДПРИЄМСТВО ""УКРВОДСЕРВІС""","38094","ДЕРЖАВНЕ АГЕНТСТВО ВОДНИХ РЕСУРСІВ УКРАЇНИ","ДП"
"2406","ДЕРЖАВНЕ ПІДПРИЄМСТВО ""ОДЕСЬКА ОБ""ЄДНАНА ДИРЕКЦІЯ БУДІВНИЦТВА ВОДОГОСПОДАРСЬКИХ ОБ""ЄКТІВ","38094","ДЕРЖАВНЕ АГЕНТСТВО ВОДНИХ РЕСУРСІВ УКРАЇНИ","ДП"
"2407","ДЕРЖАВНЕ ПІДПРИЄМСТВО ""ПІДТРИМКА АГРАРНИХ ПРОЄКТІВ""","38194","ДЕРЖАВНЕ АГЕНТСТВО УКРАЇНИ З РОЗВИТКУ МЕЛІОРАЦІЇ, РИБНОГО ГОСПОДАРСТВА ТА ПРОДОВОЛЬЧИХ ПРОГРАМ","ДП"
"2408","ДЕРЖАВНЕ ПІДПРИЄМСТВО ""ОДЕСЬКИЙ ЦЕНТР ПІВДЕННОГО НАУКОВО-ДОСЛІДНОГО ІНСТИТУТУ МОРСЬКОГО РИБНОГО ГОСПОДАРСТВА ТА ОКЕАНОГРАФІЇ""","38194","ДЕРЖАВНЕ АГЕНТСТВО УКРАЇНИ З РОЗВИТКУ МЕЛІОРАЦІЇ, РИБНОГО ГОСПОДАРСТВА ТА ПРОДОВОЛЬЧИХ ПРОГРАМ","ДП"
"2409","ДЕРЖАВНЕ ПІДПРИЄМСТВО ""АЙФІШ""","38194","ДЕРЖАВНЕ АГЕНТСТВО УКРАЇНИ З РОЗВИТКУ МЕЛІОРАЦІЇ, РИБНОГО ГОСПОДАРСТВА ТА ПРОДОВОЛЬЧИХ ПРОГРАМ","ДП"
"2410","ДЕРЖАВНЕ ПІДПРИЄМСТВО ""УКРАЇНА ТУРИСТИЧНА""","39094","ДЕРЖАВНЕ АГЕНТСТВО РОЗВИТКУ ТУРИЗМУ УКРАЇНИ","ДП"
"2411","ДЕРЖАВНЕ ПІДПРИЄМСТВО ""ДЕРЖАВНИЙ НАУКОВО-ТЕХНІЧНИЙ ЦЕНТР З ЯДЕРНОЇ ТА РАДІАЦІЙНОЇ БЕЗПЕКИ""","49544","ДЕРЖАВНА ІНСПЕКЦІЯ ЯДЕРНОГО РЕГУЛЮВАННЯ УКРАЇНИ","ДП"
"2412","ДЕРЖАВНА УСТАНОВА ""АГЕНТСТВО З РОЗВИТКУ ІНФРАСТРУКТУРИ ФОНДОВОГО РИНКУ УКРАЇНИ""","57434","НАЦІОНАЛЬНА КОМІСІЯ З ЦІННИХ ПАПЕРІВ ТА ФОНДОВОГО РИНКУ","ДП"
"2413","ДЕРЖАВНЕ ПІДПРИЄМСТВО ""САНАТОРІЙ ""КОНЧА-ЗАСПА""","57474","ДЕРЖАВНЕ УПРАВЛІННЯ СПРАВАМИ","ДП"
"2414","ДЕРЖАВНЕ ПІДПРИЄМСТВО ""САНАТОРІЙ ""КРИШТАЛЕВИЙ ПАЛАЦ""","57474","ДЕРЖАВНЕ УПРАВЛІННЯ СПРАВАМИ","ДП"
"2415","ДЕРЖАВНЕ ПІДПРИЄМСТВО ""НАЦІОНАЛЬНИЙ ПАЛАЦ МИСТЕЦТВ ""УКРАЇНА""","57474","ДЕРЖАВНЕ УПРАВЛІННЯ СПРАВАМИ","ДП"
"2416","ДЕРЖАВНЕ ПІДПРИЄМСТВО ""САНАТОРІЙ ""ЗОРІ УКРАЇНИ""","57474","ДЕРЖАВНЕ УПРАВЛІННЯ СПРАВАМИ","ДП"
"2417","ДЕРЖАВНЕ ПІДПРИЄМСТВО ""САНАТОРІЙ""ЗБРУЧ""","57474","ДЕРЖАВНЕ УПРАВЛІННЯ СПРАВАМИ","ДП"
"2418","ДЕРЖАВНЕ ПІДПРИЄМСТВО ""ГЕНЕРАЛЬНА ДИРЕКЦІЯ З ОБСЛУГОВУВАННЯ ІНОЗЕМНИХ ПРЕДСТАВНИЦТВ""","57474","ДЕРЖАВНЕ УПРАВЛІННЯ СПРАВАМИ","ДП"
"2419","ДЕРЖАВНЕ ВИДАВНИЦТВО ""ПРЕСА УКРАЇНИ"" ДЕРЖАВНОГО УПРАВЛІННЯ СПРАВАМИ","57474","ДЕРЖАВНЕ УПРАВЛІННЯ СПРАВАМИ","ДП"
"2420","ДЕРЖАВНЕ ПІДПРИЄМСТВО УКРАЇНИ ""МІЖНАРОДНИЙ ДИТЯЧИЙ ЦЕНТР ""АРТЕК""","57474","ДЕРЖАВНЕ УПРАВЛІННЯ СПРАВАМИ","ДП"
"2421","ДЕРЖАВНЕ ПІДПРИЄМСТВО ""САНАТОРІЙ ""ПІВДЕННИЙ""","57474","ДЕРЖАВНЕ УПРАВЛІННЯ СПРАВАМИ","ДП"
"2422","ДЕРЖАВНЕ ПІДПРИЄМСТВО ДЕРЖАВНОГО УПРАВЛІННЯ СПРАВАМИ ПО ОБСЛУГОВУВАННЮ ОФІЦІЙНИХ ЗАХОДІВ ""ГАРАНТ-СЕРВІС""","57474","ДЕРЖАВНЕ УПРАВЛІННЯ СПРАВАМИ","ДП"
"2423","ДЕРЖАВНЕ ПІДПРИЄМСТВО ""САНАТОРІЙ ""ФОРОС""","57474","ДЕРЖАВНЕ УПРАВЛІННЯ СПРАВАМИ","ДП"
"2424","НАЦІОНАЛЬНИЙ КОМПЛЕКС ""ЕКСПОЦЕНТР УКРАЇНИ""","57474","ДЕРЖАВНЕ УПРАВЛІННЯ СПРАВАМИ","ДП"
"2425","ДЕРЖАВНЕ ПІДПРИЄМСТВО ""ЗАЛ ОФІЦІЙНИХ ДЕЛЕГАЦІЙ""","57474","ДЕРЖАВНЕ УПРАВЛІННЯ СПРАВАМИ","ДП"
"2426","ДЕРЖАВНЕ ПІДПРИЄМСТВО ""ЧАЙКА""","57474","ДЕРЖАВНЕ УПРАВЛІННЯ СПРАВАМИ","ДП"
"2427","ДЕРЖАВНЕ ПІДПРИЄМСТВО ""УКРІНВЕСТБУД""","57474","ДЕРЖАВНЕ УПРАВЛІННЯ СПРАВАМИ","ДП"
"2428","БУДІВЕЛЬНЕ УПРАВЛІННЯ ДЕРЖАВНОГО УПРАВЛІННЯ СПРАВАМИ","57474","ДЕРЖАВНЕ УПРАВЛІННЯ СПРАВАМИ","ДП"
"2429","ДЕРЖАВНЕ ПІДПРИЄМСТВО ""УКРЖИТЛОСЕРВІС""","57474","ДЕРЖАВНЕ УПРАВЛІННЯ СПРАВАМИ","ДП"
"2430","ДЕРЖАВНЕ ПІДПРИЄМСТВО ""САНАТОРІЙ ""АЛУШТИНСЬКИЙ""","57474","ДЕРЖАВНЕ УПРАВЛІННЯ СПРАВАМИ","ДП"
"2431","ДЕРЖАВНЕ ПІДПРИЄМСТВО ""САНАТОРІЙ ""МОРШИНСЬКИЙ""","57474","ДЕРЖАВНЕ УПРАВЛІННЯ СПРАВАМИ","ДП"
"2432","ДЕРЖАВНЕ ПІДПРИЄМСТВО ""САНАТОРІЙ ""ГУРЗУФСЬКИЙ""","57474","ДЕРЖАВНЕ УПРАВЛІННЯ СПРАВАМИ","ДП"
"2433","ДЕРЖАВНЕ ПІДПРИЄМСТВО ""РЕДАКЦІЯ ІНФОРМАЦІЙНОГО БЮЛЕТЕНЯ ""ОФІЦІЙНИЙ ВІСНИК ПРЕЗИДЕНТА УКРАЇНИ""","57474","ДЕРЖАВНЕ УПРАВЛІННЯ СПРАВАМИ","ДП"
"2434","ДЕРЖАВНЕ ПІДПРИЄМСТВО ""НАЦІОНАЛЬНИЙ КУЛЬТУРНО-МИСТЕЦЬКИЙ ТА МУЗЕЙНИЙ КОМПЛЕКС ""МИСТЕЦЬКИЙ АРСЕНАЛ""","57474","ДЕРЖАВНЕ УПРАВЛІННЯ СПРАВАМИ","ДП"
"2435","ДЕРЖАВНЕ ПІДПРИЄМСТВО ""НАЦІОНАЛЬНИЙ ЦЕНТР ДІЛОВОГО ТА КУЛЬТУРНОГО СПІВРОБІТНИЦТВА ""УКРАЇНСЬКИЙ ДІМ""","57474","ДЕРЖАВНЕ УПРАВЛІННЯ СПРАВАМИ","ДП"
"2436","ДЕРЖАВНЕ ПІДПРИЄМСТВО ""БУДІВЕЛЬНО-МОНТАЖНЕ УПРАВЛІННЯ ДЕРЖАВНОГО УПРАВЛІННЯ СПРАВАМИ""","57474","ДЕРЖАВНЕ УПРАВЛІННЯ СПРАВАМИ","ДП"
"2437","ДЕРЖАВНЕ ПІДПРИЄМСТВО ""ДЕРЖІНВЕСТКОНСАЛТИНГ""","57474","ДЕРЖАВНЕ УПРАВЛІННЯ СПРАВАМИ","ДП"
"2438","ДЕРЖАВНЕ ПІДПРИЄМСТВО ""ЗАВОД 410 ЦА""","57564","ГОЛОВНЕ УПРАВЛІННЯ РОЗВІДКИ МІНІСТЕРСТВА ОБОРОНИ УКРАЇНИ","ДП"
"2439","ДЕРЖАВНЕ ПІДПРИЄМСТВО ""УКРАЇНСЬКИЙ ДЕРЖАВНИЙ ЦЕНТР РАДІОЧАСТОТ""","59024","НАЦІОНАЛЬНА КОМІСІЯ, ЩО ЗДІЙСНЮЄ ДЕРЖАВНЕ РЕГУЛЮВАННЯ У СФЕРАХ ЕЛЕКТРОННИХ КОМУНІКАЦІЙ, РАДІОЧАСТОТНОГО СПЕКТРА ТА НАДАННЯ ПОСЛУГ ПОШТОВОГО ЗВ'ЯЗКУ","ДП"
"2440","ДЕРЖАВНЕ ПІДПРИЄМСТВО ""ЖИТЛОІНБУД""","63124","УПРАВЛІННЯ ДЕРЖАВНОЇ ОХОРОНИ УКРАЇНИ","ДП"
"2441","ДЕРЖАВНЕ ПІДПРИЄМСТВО ""УКРАЇНСЬКИЙ ЦЕНТР ПІДГОТОВКИ ОХОРОНЦІВ""","63124","УПРАВЛІННЯ ДЕРЖАВНОЇ ОХОРОНИ УКРАЇНИ","ДП"
"2442","ДЕРЖАВНЕ ПІДПРИЄМСТВО ""ГОТЕЛЬНИЙ КОМПЛЕКС ""КИЇВ"" УПРАВЛІННЯ СПРАВАМИ АПАРАТУ ВЕРХОВНОЇ РАДИ УКРАЇНИ""","67664","АПАРАТ ВЕРХОВНОЇ РАДИ УКРАЇНИ","ДП"
"2443","ДЕРЖАВНЕ ПІДПРИЄМСТВО ""ГОТЕЛЬНИЙ КОМПЛЕКС ""НАЦІОНАЛЬНИЙ"" УПРАВЛІННЯ СПРАВАМИ АПАРАТУ ВЕРХОВНОЇ РАДИ УКРАЇНИ""","67664","АПАРАТ ВЕРХОВНОЇ РАДИ УКРАЇНИ","ДП"
"2444","ДЕРЖАВНЕ ПІДПРИЄМСТВО ""ГОЛОС УКРАЇНИ""","67664","АПАРАТ ВЕРХОВНОЇ РАДИ УКРАЇНИ","ДП"
"2445","ПІДСОБНЕ ГОСПОДАРСТВО ""ЯЛТИНСЬКЕ"" УПРАВЛІННЯ СПРАВАМИ АПАРАТУ ВЕРХОВНОЇ РАДИ УКРАЇНИ","67664","АПАРАТ ВЕРХОВНОЇ РАДИ УКРАЇНИ","ДП"
"2446","ДЕРЖАВНЕ ПІДПРИЄМСТВО ""ДЕРЖАВНИЙ БУДІВЕЛЬНИЙ КОМБІНАТ УПРАВЛІННЯ СПРАВАМИ АПАРАТУ ВЕРХОВНОЇ РАДИ УКРАЇНИ""","67664","АПАРАТ ВЕРХОВНОЇ РАДИ УКРАЇНИ","ДП"
"2447","ДЕРЖАВНЕ КОМЕРЦІЙНЕ ПІДПРИЄМСТВО ""ЇДАЛЬНЯ УПРАВЛІННЯ СПРАВАМИ АПАРАТУ ВЕРХОВНОЇ РАДИ УКРАЇНИ""","67664","АПАРАТ ВЕРХОВНОЇ РАДИ УКРАЇНИ","ДП"
"2448","ДЕРЖАВНЕ ПІДПРИЄМСТВО ""ПАРЛАМЕНТСЬКИЙ ТЕЛЕКАНАЛ ""РАДА""","67664","АПАРАТ ВЕРХОВНОЇ РАДИ УКРАЇНИ","ДП"
"2449","ДЕРЖАВНЕ ПІДПРИЄМСТВО ""ВИДАВНИЦТВО ВЕРХОВНОЇ РАДИ УКРАЇНИ""","67664","АПАРАТ ВЕРХОВНОЇ РАДИ УКРАЇНИ","ДП"
"2450","ДЕРЖАВНЕ ДОЧІРНЄ ПІДПРИЄМСТВО ""ДЕРЖАВНИЙ ДЕПАРТАМЕНТ ПО ЗАБЕЗПЕЧЕННЮ ТА КОНТРОЛЮ ЗА ВИКОРИСТАННЯМ МАТЕРІАЛЬНО-ТЕХНІЧНИХ РЕСУРСІВ ПІВДЕННО-СХІДНОГО РЕГІОНУ УКРАЇНИ""","67664","АПАРАТ ВЕРХОВНОЇ РАДИ УКРАЇНИ","ДП"
"2451","ДЕРЖАВНЕ ПІДПРИЄМСТВО ""ПАНСІОНАТ МАТЕРІ ТА ДИТИНИ ""ТАВРІЙСЬКІ ЗОРІ"" УПРАВЛІННЯ СПРАВАМИ АПАРАТУ ВЕРХОВНОЇ РАДИ УКРАЇНИ""","67664","АПАРАТ ВЕРХОВНОЇ РАДИ УКРАЇНИ","ДП"
"2452","ДЕРЖАВНЕ ПІДПРИЄМСТВО ""УПРАВЛІННЯ ЖИТЛОВИМИ БУДИНКАМИ"" УПРАВЛІННЯ СПРАВАМИ АПАРАТУ ВЕРХОВНОЇ РАДИ УКРАЇНИ""","67664","АПАРАТ ВЕРХОВНОЇ РАДИ УКРАЇНИ","ДП"
"2453","ДЕРЖАВНЕ ПІДПРИЄМСТВО ""ЦЕНТР ЗАБЕЗПЕЧЕННЯ"" УПРАВЛІННЯ СПРАВАМИ АПАРАТУ ВЕРХОВНОЇ РАДИ УКРАЇНИ","67664","АПАРАТ ВЕРХОВНОЇ РАДИ УКРАЇНИ","ДП"
"2454","ДЕРЖАВНЕ ПІДПРИЄМСТВО ""ЕКСПЛУАТАЦІЙНО-МАЙНОВИЙ КОМПЛЕКС""","68634","БЮРО ЕКОНОМІЧНОЇ БЕЗПЕКИ УКРАЇНИ","ДП"
"2455","ДЕРЖАВНЕ ПІДПРИЄМСТВО ""КИЇВСЬКИЙ ІНСТИТУТ ІНЖЕНЕРНИХ ВИШУКУВАНЬ І ДОСЛІДЖЕНЬ ""ЕНЕРГОПРОЕКТ""","68894","СЛУЖБА БЕЗПЕКИ УКРАЇНИ","ДП"
"2456","ПРОЕКТНИЙ ІНСТИТУТ СЛУЖБИ БЕЗПЕКИ УКРАЇНИ","68894","СЛУЖБА БЕЗПЕКИ УКРАЇНИ","ДП"
"2457","ДЕРЖАВНЕ ПІДПРИЄМСТВО ""ПІДСОБНЕ ГОСПОДАРСТВО СЛУЖБИ БЕЗПЕКИ УКРАЇНИ""","68894","СЛУЖБА БЕЗПЕКИ УКРАЇНИ","ДП"
"2458","ДЕРЖАВНЕ ПІДПРИЄМСТВО ""СПЕЦІАЛІЗОВАНЕ БУДІВЕЛЬНЕ УПРАВЛІННЯ СЛУЖБИ БЕЗПЕКИ УКРАЇНИ""","68894","СЛУЖБА БЕЗПЕКИ УКРАЇНИ","ДП"
"2459","ДЕРЖАВНЕ ПІДПРИЄМСТВО ""САНАТОРНО-КУРОРТНИЙ ЛІКУВАЛЬНИЙ ЦЕНТР ""ШКЛО""","71224","ДЕРЖАВНА СУДОВА АДМІНІСТРАЦІЯ УКРАЇНИ ","ДП"
"2460","ДЕРЖАВНЕ ПІДПРИЄМСТВО ""САНАТОРНО-КУРОРТНИЙ ЛІКУВАЛЬНИЙ ЦЕНТР ""ФЕМІДА""","71224","ДЕРЖАВНА СУДОВА АДМІНІСТРАЦІЯ УКРАЇНИ ","ДП"
"2461","ДЕРЖАВНЕ ПІДПРИЄМСТВО ""СУДОВИЙ БУДІВЕЛЬНО-ЕКСПЕРТНИЙ ЦЕНТР""","71224","ДЕРЖАВНА СУДОВА АДМІНІСТРАЦІЯ УКРАЇНИ ","ДП"
"2462","ДЕРЖАВНЕ ПІДПРИЄМСТВО ""ЦЕНТР СУДОВОЇ ЕКСПЕРТИЗИ ТА ЕКСПЕРТНИХ ДОСЛІДЖЕНЬ""","71224","ДЕРЖАВНА СУДОВА АДМІНІСТРАЦІЯ УКРАЇНИ ","ДП"
"2463","ДЕРЖАВНЕ ПІДПРИЄМСТВО ""ІНФОРМАЦІЙНІ СУДОВІ СИСТЕМИ""","71224","ДЕРЖАВНА СУДОВА АДМІНІСТРАЦІЯ УКРАЇНИ ","ДП"
"2464","ДЕРЖАВНЕ СПЕЦІАЛІЗОВАНЕ РЕМОНТНО-БУДІВЕЛЬНЕ УПРАВЛІННЯ ""КРИМЛІФТ""","73475","МІНІСТЕРСТВО РЕГІОНАЛЬНОГО РОЗВИТКУ І ЖИТЛОВО-КОМУНАЛЬНОГО ГОСПОДАРСТВА АВТОНОМНОЇ РЕСПУБЛІКИ КРИМ","ДП"
"2465","ДЕРЖАВНЕ ПІДПРИЄМСТВО ""АЛУШТАЛІФТ""","73475","МІНІСТЕРСТВО РЕГІОНАЛЬНОГО РОЗВИТКУ І ЖИТЛОВО-КОМУНАЛЬНОГО ГОСПОДАРСТВА АВТОНОМНОЇ РЕСПУБЛІКИ КРИМ","ДП"
"2466","ДЕРЖАВНЕ ПІДПРИЄМСТВО ""АРМЯНСЬКЛІФТ""","73475","МІНІСТЕРСТВО РЕГІОНАЛЬНОГО РОЗВИТКУ І ЖИТЛОВО-КОМУНАЛЬНОГО ГОСПОДАРСТВА АВТОНОМНОЇ РЕСПУБЛІКИ КРИМ","ДП"
"2467","ДЕРЖАВНЕ ПІДПРИЄМСТВО ""СІМФЕРОПОЛЬЛІФТ""","73475","МІНІСТЕРСТВО РЕГІОНАЛЬНОГО РОЗВИТКУ І ЖИТЛОВО-КОМУНАЛЬНОГО ГОСПОДАРСТВА АВТОНОМНОЇ РЕСПУБЛІКИ КРИМ","ДП"
"2468","ДЕРЖАВНЕ ПІДПРИЄМСТВО ""ЄВПАТОРІЯЛІФТ""","73475","МІНІСТЕРСТВО РЕГІОНАЛЬНОГО РОЗВИТКУ І ЖИТЛОВО-КОМУНАЛЬНОГО ГОСПОДАРСТВА АВТОНОМНОЇ РЕСПУБЛІКИ КРИМ","ДП"
"2469","ДЕРЖАВНЕ ПІДПРИЄМСТВО ""ЯЛТАЛІФТ""","73475","МІНІСТЕРСТВО РЕГІОНАЛЬНОГО РОЗВИТКУ І ЖИТЛОВО-КОМУНАЛЬНОГО ГОСПОДАРСТВА АВТОНОМНОЇ РЕСПУБЛІКИ КРИМ","ДП"
"2470","ДЕРЖАВНЕ ПІДПРИЄМСТВО ""ДИРЕКЦІЯ З ЕКСПЛУАТАЦІЇ ТА ОБСЛУГОВУВАННЯ""","77552","ВЕРХОВНИЙ СУД","ДП"
"2471","ДЕРЖАВНЕ ПІДПРИЄМСТВО ""АВТОБАЗА ВЕРХОВНОГО СУДУ УКРАЇНИ""","77554","ВЕРХОВНИЙ СУД УКРАЇНИ","ДП"
"2472","ДЕРЖАВНЕ ПІДПРИЄМСТВО ""ДОСЛІДНЕ ГОСПОДАРСТВО ""ГРАКІВСЬКЕ"" НАЦІОНАЛЬНОГО НАУКОВОГО ЦЕНТРУ ""ІНСТИТУТ ГРУНТОЗНАВСТВА ТА АГРОХІМІЇ ІМЕНІ О.Н.СОКОЛОВСЬКОГО""","83144","НАЦІОНАЛЬНА АКАДЕМІЯ АГРАРНИХ НАУК УКРАЇНИ","ДП"
"2473","ДЕРЖАВНЕ ПІДПРИЄМСТВО ""ДОСЛІДНЕ ГОСПОДАРСТВО ""ЧЕРНІВЕЦЬКЕ"" БУКОВИНСЬКОЇ ДЕРЖАВНОЇ СІЛЬСЬКОГОСПОДАРСЬКОЇ ДОСЛІДНОЇ СТАНЦІЇ ІНСТИТУТУ СІЛЬСЬКОГО ГОСПОДАРСТВА КАРПАТСЬКОГО РЕГІОНУ НАЦІОНАЛЬНОЇ АКАДЕ","83144","НАЦІОНАЛЬНА АКАДЕМІЯ АГРАРНИХ НАУК УКРАЇНИ","ДП"
"2474","ДЕРЖАВНЕ ПІДПРИЄМСТВО ""ДОСЛІДНЕ ГОСПОДАРСТВО ""ЯЛПУГ"" НАЦІОНАЛЬНОГО НАУКОВОГО ЦЕНТРУ ""ІНСТИТУТ ВИНОГРАДАРСТВА І ВИНОРОБСТВА ІМЕНІ В.Є.ТАЇРОВА""","83144","НАЦІОНАЛЬНА АКАДЕМІЯ АГРАРНИХ НАУК УКРАЇНИ","ДП"
"2475","БІЛОЦЕРКІВСЬКА ДОСЛІДНО-СЕЛЕКЦІЙНА СТАНЦІЯ МИРОНІВСЬКОГО ІНСТИТУТУ ПШЕНИЦІ ІМЕНІ В.М. РЕМЕСЛА НАЦІОНАЛЬНОЇ АКАДЕМІЇ АГРАРНИХ НАУК УКРАЇНИ","83144","НАЦІОНАЛЬНА АКАДЕМІЯ АГРАРНИХ НАУК УКРАЇНИ","ДП"
"2476","ДЕРЖАВНЕ ПІДПРИЄМСТВО ""ДОСЛІДНЕ ГОСПОДАРСТВО ""ЖЕРЕБКІВСЬКЕ"" СЕЛЕКЦІЙНО-ГЕНЕТИЧНОГО ІНСТИТУТУ-НАЦІОНАЛЬНОГО ЦЕНТРУ НАСІННЄЗНАВСТВА ТА СОРТОВИВЧЕННЯ""","83144","НАЦІОНАЛЬНА АКАДЕМІЯ АГРАРНИХ НАУК УКРАЇНИ","ДП"
"2477","ДЕРЖАВНЕ ПІДПРИЄМСТВО ""ДОСЛІДНЕ ГОСПОДАРСТВО ""ХРИСТИНІВСЬКЕ"" ІНСТИТУТУ РОЗВЕДЕННЯ І ГЕНЕТИКИ ТВАРИН ІМЕНІ М.В.ЗУБЦЯ НАЦІОНАЛЬНОЇ АКАДЕМІЇ АГРАРНИХ НАУК УКРАЇНИ""","83144","НАЦІОНАЛЬНА АКАДЕМІЯ АГРАРНИХ НАУК УКРАЇНИ","ДП"
"2478","ДЕРЖАВНЕ ПІДПРИЄМСТВО ""ДОСЛІДНЕ ГОСПОДАРСТВО ПОДІЛЬСЬКОЇ ДОСЛІДНОЇ СТАНЦІЇ САДІВНИЦТВА ІНСТИТУТУ САДІВНИЦТВА НАЦІОНАЛЬНОЇ АКАДЕМІЇ АГРАРНИХ НАУК УКРАЇНИ""","83144","НАЦІОНАЛЬНА АКАДЕМІЯ АГРАРНИХ НАУК УКРАЇНИ","ДП"
"2479","ДЕРЖАВНЕ ПІДПРИЄМСТВО ""ДОСЛІДНЕ ГОСПОДАРСТВО ДНІПРОПЕТРОВСЬКОЇ ДОСЛІДНОЇ СТАНЦІЇ ІНСТИТУТУ ОВОЧІВНИЦТВА І БАШТАННИЦТВА НАЦІОНАЛЬНОЇ АКАДЕМІЇ АГРАРНИХ НАУК УКРАЇНИ""","83144","НАЦІОНАЛЬНА АКАДЕМІЯ АГРАРНИХ НАУК УКРАЇНИ","ДП"
"2480","ЕРАСТІВСЬКА ДОСЛІДНА СТАНЦІЯ ДЕРЖАВНОЇ УСТАНОВИ ІНСТИТУТУ ЗЕРНОВИХ КУЛЬТУР НАЦІОНАЛЬНОЇ АКАДЕМІЇ АГРАРНИХ НАУК УКРАЇНИ","83144","НАЦІОНАЛЬНА АКАДЕМІЯ АГРАРНИХ НАУК УКРАЇНИ","ДП"
"2481","ДЕРЖАВНЕ ПІДПРИЄМСТВО ""ДОСЛІДНЕ ГОСПОДАРСТВО ПОЛІСЬКОЇ ДОСЛІДНОЇ СТАНЦІЇ ІМЕНІ О.М. ЗАСУХІНА ІНСТИТУТУ КАРТОПЛЯРСТВА УКРАЇНСЬКОЇ АКАДЕМІЇ АГРАРНИХ НАУК""","83144","НАЦІОНАЛЬНА АКАДЕМІЯ АГРАРНИХ НАУК УКРАЇНИ","ДП"
"2482","РОЗІВСЬКА ДОСЛІДНА СТАНЦІЯ ДЕРЖАВНОЇ УСТАНОВИ ІНСТИТУТУ ЗЕРНОВИХ КУЛЬТУР НАЦІОНАЛЬНОЇ АКАДЕМІЇ АГРАРНИХ НАУК УКРАЇНИ","83144","НАЦІОНАЛЬНА АКАДЕМІЯ АГРАРНИХ НАУК УКРАЇНИ","ДП"
"2483","ДЕРЖАВНЕ ПІДПРИЄМСТВО ""ДОСЛІДНЕ ГОСПОДАРСТВО ""ЧАБАНИ"" НАЦІОНАЛЬНОГО НАУКОВОГО ЦЕНТРУ ""ІНСТИТУТ ЗЕМЛЕРОБСТВА НАЦІОНАЛЬНОЇ АКАДЕМІЇ АГРАРНИХ НАУК УКРАЇНИ""","83144","НАЦІОНАЛЬНА АКАДЕМІЯ АГРАРНИХ НАУК УКРАЇНИ","ДП"
"2484","ДЕРЖАВНЕ ПІДПРИЄМСТВО ""ДОСЛІДНЕ ГОСПОДАРСТВО ""НЕМІШАЄВЕ"" ІНСТИТУТУ КАРТОПЛЯРСТВА УКРАЇНСЬКОЇ АКАДЕМІЇ АГРАРНИХ НАУК","83144","НАЦІОНАЛЬНА АКАДЕМІЯ АГРАРНИХ НАУК УКРАЇНИ","ДП"
"2485","ДЕРЖАВНЕ ПІДПРИЄМСТВО ""ДОСЛІДНЕ ГОСПОДАРСТВО ""ЛЬВІВСЬКЕ"" ІНСТИТУТУ САДІВНИЦТВА НАЦІОНАЛЬНОЇ АКАДЕМІЇ АГРАРНИХ НАУК УКРАЇНИ""","83144","НАЦІОНАЛЬНА АКАДЕМІЯ АГРАРНИХ НАУК УКРАЇНИ","ДП"
"2486","ДЕРЖАВНЕ ПІДПРИЄМСТВО ""ДОСЛІДНЕ ГОСПОДАРСТВО ""ТАХТАУЛОВО"" ІНСТИТУТУ ЗАХИСТУ РОСЛИН НАЦІОНАЛЬНОЇ АКАДЕМІЇ АГРАРНИХ НАУК УКРАЇНИ""","83144","НАЦІОНАЛЬНА АКАДЕМІЯ АГРАРНИХ НАУК УКРАЇНИ","ДП"
"2487","КРАСНОКУТСЬКА ДОСЛІДНА СТАНЦІЯ САДІВНИЦТВА ІНСТИТУТУ САДІВНИЦТВА НАЦІОНАЛЬНОЇ АКАДЕМІЇ АГРАРНИХ НАУК УКРАЇНИ","83144","НАЦІОНАЛЬНА АКАДЕМІЯ АГРАРНИХ НАУК УКРАЇНИ","ДП"
"2488","ГЕНІЧЕСЬКА ДОСЛІДНА СТАНЦІЯ ДЕРЖАВНОЇ УСТАНОВИ ІНСТИТУТУ ЗЕРНОВИХ КУЛЬТУР НАЦІОНАЛЬНОЇ АКАДЕМІЇ АГРАРНИХ НАУК УКРАЇНИ","83144","НАЦІОНАЛЬНА АКАДЕМІЯ АГРАРНИХ НАУК УКРАЇНИ","ДП"
"2489","ДЕРЖАВНЕ ПІДПРИЄМСТВО ""ДОСЛІДНЕ ГОСПОДАРСТВО ""ПІОНЕР"" ІНСТИТУТУ КЛІМАТИЧНО ОРІЄНТОВАНОГО СІЛЬСЬКОГО ГОСПОДАРСТВА НАЦІОНАЛЬНОЇ АКАДЕМІЇ АГРАРНИХ НАУК УКРАЇНИ""","83144","НАЦІОНАЛЬНА АКАДЕМІЯ АГРАРНИХ НАУК УКРАЇНИ","ДП"
"2490","УЛАДОВО-ЛЮЛИНЕЦЬКА ДОСЛІДНО-СЕЛЕКЦІЙНА СТАНЦІЯ ІНСТИТУТУ БІОЕНЕРГЕТИЧНИХ КУЛЬТУР І ЦУКРОВИХ БУРЯКІВ НАЦІОНАЛЬНОЇ АКАДЕМІЇ АГРАРНИХ НАУК УКРАЇНИ","83144","НАЦІОНАЛЬНА АКАДЕМІЯ АГРАРНИХ НАУК УКРАЇНИ","ДП"
"2491","ДЕРЖАВНЕ ПІДПРИЄМСТВО ""ДОСЛІДНЕ ГОСПОДАРСТВО ""ОЗЕРНА"" МИРОНІВСЬКОГО ІНСТИТУТУ ПШЕНИЦІ ІМЕНІ В.М. РЕМЕСЛА НАЦІОНАЛЬНОЇ АКАДЕМІЇ АГРАРНИХ НАУК УКРАЇНИ""","83144","НАЦІОНАЛЬНА АКАДЕМІЯ АГРАРНИХ НАУК УКРАЇНИ","ДП"
"2492","ДЕРЖАВНЕ ПІДПРИЄМСТВО ""ДОСЛІДНЕ ГОСПОДАРСТВО ""САЛИВОНКІВСЬКЕ"" ІНСТИТУТУ БІОЕНЕРГЕТИЧНИХ КУЛЬТУР І ЦУКРОВИХ БУРЯКІВ НАЦІОНАЛЬНОЇ АКАДЕМІЇ АГРАРНИХ НАУК УКРАЇНИ""","83144","НАЦІОНАЛЬНА АКАДЕМІЯ АГРАРНИХ НАУК УКРАЇНИ","ДП"
"2493","ДЕРЖАВНЕ ПІДПРИЄМСТВО ""ДОСЛІДНЕ ГОСПОДАРСТВО "" ШЕВЧЕНКІВСЬКЕ"" ІНСТИТУТУ БІОЕНЕРГЕТИЧНИХ КУЛЬТУР І ЦУКРОВИХ БУРЯКІВ НАЦІОНАЛЬНОЇ АКАДЕМІЇ АГРАРНИХ НАУК УКРАЇНИ""","83144","НАЦІОНАЛЬНА АКАДЕМІЯ АГРАРНИХ НАУК УКРАЇНИ","ДП"
"2494","ВЕСЕЛОПОДІЛЬСЬКА ДОСЛІДНО-СЕЛЕКЦІЙНА СТАНЦІЯ ІНСТИТУТУ БІОЕНЕРГЕТИЧНИХ КУЛЬТУР І ЦУКРОВИХ БУРЯКІВ НАЦІОНАЛЬНОЇ АКАДЕМІЇ АГРАРНИХ НАУК УКРАЇНИ","83144","НАЦІОНАЛЬНА АКАДЕМІЯ АГРАРНИХ НАУК УКРАЇНИ","ДП"
"2495","ДЕРЖАВНЕ ПІДПРИЄМСТВО ""ДОСЛІДНЕ ГОСПОДАРСТВО ""ПРАВДИНСЬКЕ"" МИРОНІВСЬКОГО ІНСТИТУТУ ПШЕНИЦІ ІМЕНІ В.М. РЕМЕСЛА НАЦІОНАЛЬНОЇ АКАДЕМІЇ АГРАРНИХ НАУК УКРАЇНИ""","83144","НАЦІОНАЛЬНА АКАДЕМІЯ АГРАРНИХ НАУК УКРАЇНИ","ДП"
"2496","ДЕРЖАВНЕ ПІДПРИЄМСТВО ""ДОСЛІДНЕ ГОСПОДАРСТВО ""ПАСІЧНА"" ІНСТИТУТУ САДІВНИЦТВА НАЦІОНАЛЬНОЇ АКАДЕМІЇ АГРАРНИХ НАУК УКРАЇНИ""","83144","НАЦІОНАЛЬНА АКАДЕМІЯ АГРАРНИХ НАУК УКРАЇНИ","ДП"
"2497","ДЕРЖАВНЕ ПІДПРИЄМСТВО ""ДОСЛІДНЕ ГОСПОДАРСТВО ""ОЛЕКСАНДРІВСЬКЕ"" НАЦІОНАЛЬНОГО НАУКОВОГО ЦЕНТРУ ""ІНСТИТУТ ЗЕМЛЕРОБСТВА НАЦІОНАЛЬНОЇ АКАДЕМІЇ АГРАРНИХ НАУК УКРАЇНИ""","83144","НАЦІОНАЛЬНА АКАДЕМІЯ АГРАРНИХ НАУК УКРАЇНИ","ДП"
"2498","ДЕРЖАВНЕ ПІДПРИЄМСТВО ""ДОСЛІДНЕ ГОСПОДАРСТВО ""ОДЕСЬКЕ"" ІНСТИТУТУ КЛІМАТИЧНО ОРІЄНТОВАНОГО СІЛЬСЬКОГО ГОСПОДАРСТВА НАЦІОНАЛЬНОЇ АКАДЕМІЇ АГРАРНИХ НАУК УКРАЇНИ""","83144","НАЦІОНАЛЬНА АКАДЕМІЯ АГРАРНИХ НАУК УКРАЇНИ","ДП"
"2499","ДЕРЖАВНЕ ПІДПРИЄМСТВО ""ДОСЛІДНЕ ГОСПОДАРСТВО ""СТЕПНЕ"" ІНСТИТУТУ СВИНАРСТВА І АГРОПРОМИСЛОВОГО ВИРОБНИЦТВА НАЦІОНАЛЬНОЇ АКАДЕМІЇ АГРАРНИХ НАУК УКРАЇНИ""","83144","НАЦІОНАЛЬНА АКАДЕМІЯ АГРАРНИХ НАУК УКРАЇНИ","ДП"
"2500","ДЕРЖАВНЕ ПІДПРИЄМСТВО ""НАУКОВИЙ ІННОВАЦІЙНО-ТЕХНОЛОГІЧНИЙ ЦЕНТР ІНСТИТУТУ КОРМІВ ТА СІЛЬСЬКОГО ГОСПОДАРСТВА ПОДІЛЛЯ НАЦІОНАЛЬНОЇ АКАДЕМІЇ АГРАРНИХ НАУК УКРАЇНИ""","83144","НАЦІОНАЛЬНА АКАДЕМІЯ АГРАРНИХ НАУК УКРАЇНИ","ДП"
"2501","ДЕРЖАВНЕ ПІДПРИЄМСТВО ""ДОСЛІДНЕ ГОСПОДАРСТВО ""ПЕРЕМОГА"" ВОЛИНСЬКОЇ ДЕРЖАВНОЇ СІЛЬСЬКОГОСПОДАРСЬКОЇ ДОСЛІДНОЇ СТАНЦІЇ ІНСТИТУТУ СІЛЬСЬКОГО ГОСПОДАРСТВА КАРПАТСЬКОГО РЕГІОНУ НАЦІОНАЛЬНОЇ АКАДЕМІЇ А","83144","НАЦІОНАЛЬНА АКАДЕМІЯ АГРАРНИХ НАУК УКРАЇНИ","ДП"
"2502","ДЕРЖАВНЕ ПІДПРИЄМСТВО ""ДОСЛІДНЕ ГОСПОДАРСТВО ""РОКИНІ"" ВОЛИНСЬКОГО ІНСТИТУТУ АГРОПРОМИСЛОВОГО ВИРОБНИЦТВА УКРАЇНСЬКОЇ АКАДЕМІЇ АГРАРНИХ НАУК""","83144","НАЦІОНАЛЬНА АКАДЕМІЯ АГРАРНИХ НАУК УКРАЇНИ","ДП"
"2503","ДЕРЖАВНЕ ПІДПРИЄМСТВО ""ДОСЛІДНЕ ГОСПОДАРСТВО ""ПЕРШЕ ТРАВНЯ"" ВОЛИНСЬКОЇ ДЕРЖАВНОЇ СІЛЬСЬКОГОСПОДАРСЬКОЇ ДОСЛІДНОЇ СТАНЦІЇ ІНСТИТУТУ КАРТОПЛЯРСТВА НАЦІОНАЛЬНОЇ АКАДЕМІЇ АГРАРНИХ НАУК УКРАЇНИ""","83144","НАЦІОНАЛЬНА АКАДЕМІЯ АГРАРНИХ НАУК УКРАЇНИ","ДП"
"2504","ДЕРЖАВНЕ ПІДПРИЄМСТВО ""НАУКОВО-ПРАКТИЧНИЙ ЦЕНТР ВПРОВАДЖЕННЯ ""ЕЛІТА"" ІНСТИТУТУ АГРАРНИХ РЕСУРСІВ ТА РЕГІОНАЛЬНОГО РОЗВИТКУ НАЦІОНАЛЬНОЇ АКАДЕМІЇ АГРАРНИХ НАУК УКРАЇНИ""","83144","НАЦІОНАЛЬНА АКАДЕМІЯ АГРАРНИХ НАУК УКРАЇНИ","ДП"
"2505","ДЕРЖАВНЕ ПІДПРИЄМСТВО ""ДОСЛІДНЕ ГОСПОДАРСТВО ""ЗОРЯНЕ"" ІНСТИТУТУ САДІВНИЦТВА НАЦІОНАЛЬНОЇ АКАДЕМІЇ АГРАРНИХ НАУК УКРАЇНИ""","83144","НАЦІОНАЛЬНА АКАДЕМІЯ АГРАРНИХ НАУК УКРАЇНИ","ДП"
"2506","ДЕРЖАВНЕ ПІДПРИЄМСТВО ""ДОСЛІДНЕ ГОСПОДАРСТВО "" КОМУНАР"" СЕЛЕКЦІЙНО-ГЕНЕТИЧНОГО ІНСТИТУТУ-НАЦІОНАЛЬНОГО ЦЕНТРУ НАСІННЄЗНАВСТВА ТА СОРТОВИВЧЕННЯ""","83144","НАЦІОНАЛЬНА АКАДЕМІЯ АГРАРНИХ НАУК УКРАЇНИ","ДП"
"2507","ДЕРЖАВНЕ ПІДПРИЄМСТВО ""ДОСЛІДНЕ ГОСПОДАРСТВО ""ВИРІШАЛЬНЕ"" ІНСТИТУТУ СІЛЬСЬКОГО ГОСПОДАРСТВА ПІВНІЧНОГО СХОДУ НАЦІОНАЛЬНОЇ АКАДЕМІЇ АГРАРНИХ НАУК УКРАЇНИ""","83144","НАЦІОНАЛЬНА АКАДЕМІЯ АГРАРНИХ НАУК УКРАЇНИ","ДП"
"2508","ДЕРЖАВНЕ ПІДПРИЄМСТВО ""ДОСЛІДНЕ ГОСПОДАРСТВО ""БІЛОКРИНИЦЬКЕ"" ІНСТИТУТУ СІЛЬСЬКОГО ГОСПОДАРСТВА ЗАХІДНОГО ПОЛІССЯ НАЦІОНАЛЬНОЇ АКАДЕМІЇ АГРАРНИХ НАУК УКРАЇНИ""","83144","НАЦІОНАЛЬНА АКАДЕМІЯ АГРАРНИХ НАУК УКРАЇНИ","ДП"
"2509","ДЕРЖАВНЕ ПІДПРИЄМСТВО ""ДОСЛІДНЕ ГОСПОДАРСТВО ""ТУЧИНСЬКЕ"" ІНСТИТУТУ СІЛЬСЬКОГО ГОСПОДАРСТВА ЗАХІДНОГО ПОЛІССЯ НАЦІОНАЛЬНОЇ АКАДЕМІЇ АГРАРНИХ НАУК УКРАЇНИ""","83144","НАЦІОНАЛЬНА АКАДЕМІЯ АГРАРНИХ НАУК УКРАЇНИ","ДП"
"2510","ДЕРЖАВНЕ ПІДПРИЄМСТВО ""ДОСЛІДНЕ ГОСПОДАРСТВО ""ІВКІВЦІ"" МИРОНІВСЬКОГО ІНСТИТУТУ ПШЕНИЦІ ІМЕНІ В.М. РЕМЕСЛА НАЦІОНАЛЬНОЇ АКАДЕМІЇ АГРАРНИХ НАУК УКРАЇНИ""","83144","НАЦІОНАЛЬНА АКАДЕМІЯ АГРАРНИХ НАУК УКРАЇНИ","ДП"
"2511","ДЕРЖАВНЕ ПІДПРИЄМСТВО ""ДОСЛІДНЕ ГОСПОДАРСТВО ""ІВАНІВКА"" ІНСТИТУТУ СІЛЬСЬКОГО ГОСПОДАРСТВА ПІВНІЧНОГО СХОДУ НАЦІОНАЛЬНОЇ АКАДЕМІЇ АГРАРНИХ НАУК УКРАЇНИ""","83144","НАЦІОНАЛЬНА АКАДЕМІЯ АГРАРНИХ НАУК УКРАЇНИ","ДП"
"2512","ІВАНІВСЬКА ДОСЛІДНО-СЕЛЕКЦІЙНА СТАНЦІЯ ІНСТИТУТУ БІОЕНЕРГЕТИЧНИХ КУЛЬТУР І ЦУКРОВИХ БУРЯКІВ НАЦІОНАЛЬНОЇ АКАДЕМІЇ АГРАРНИХ НАУК УКРАЇНИ","83144","НАЦІОНАЛЬНА АКАДЕМІЯ АГРАРНИХ НАУК УКРАЇНИ","ДП"
"2513","ДЕРЖАВНЕ ПІДПРИЄМСТВО ""ДОСЛІДНЕ ГОСПОДАРСТВО ""МИРНЕ"" ІНСТИТУТУ ПРОДОВОЛЬЧИХ РЕСУРСІВ НАЦІОНАЛЬНОЇ АКАДЕМІЇ АГРАРНИХ НАУК УКРАЇНИ""","83144","НАЦІОНАЛЬНА АКАДЕМІЯ АГРАРНИХ НАУК УКРАЇНИ","ДП"
"2514","ДЕРЖАВНЕ ПІДПРИЄМСТВО ""ДОСЛІДНЕ ГОСПОДАРСТВО ""РУНО"" НАЦІОНАЛЬНОЇ АКАДЕМІЇ АГРАРНИХ НАУК УКРАЇНИ""","83144","НАЦІОНАЛЬНА АКАДЕМІЯ АГРАРНИХ НАУК УКРАЇНИ","ДП"
"2515","ДЕРЖАВНЕ ПІДПРИЄМСТВО ""ДОСЛІДНЕ ГОСПОДАРСТВО ""ПРОСКУРІВКА"" МИРОНІВСЬКОГО ІНСТИТУТУ ПШЕНИЦІ ІМЕНІ В.М. РЕМЕСЛА НАЦІОНАЛЬНОЇ АКАДЕМІЇ АГРАРНИХ НАУК УКРАЇНИ""","83144","НАЦІОНАЛЬНА АКАДЕМІЯ АГРАРНИХ НАУК УКРАЇНИ","ДП"
"2516","ДЕРЖАВНЕ ПІДПРИЄМСТВО ""ДОСЛІДНЕ ГОСПОДАРСТВО ""АГРОНОМІЯ"" МИРОНІВСЬКОГО ІНСТИТУТУ ПШЕНИЦІ ІМЕНІ В.М.РЕМЕСЛА НАЦІОНАЛЬНОЇ АКАДЕМІЇ АГРАРНИХ НАУК УКРАЇНИ""","83144","НАЦІОНАЛЬНА АКАДЕМІЯ АГРАРНИХ НАУК УКРАЇНИ","ДП"
"2517","ДЕРЖАВНЕ ПІДПРИЄМСТВО ""ДОСЛІДНЕ ГОСПОДАРСТВО ""АНДРІЇВСЬКЕ"" ІНСТИТУТУ КЛІМАТИЧНО ОРІЄНТОВАНОГО СІЛЬСЬКОГО ГОСПОДАРСТВА НАЦІОНАЛЬНОЇ АКАДЕМІЇ АГРАРНИХ НАУК УКРАЇНИ""","83144","НАЦІОНАЛЬНА АКАДЕМІЯ АГРАРНИХ НАУК УКРАЇНИ","ДП"
"2518","ДЕРЖАВНЕ ПІДПРИЄМСТВО ""ДОСЛІДНЕ ГОСПОДАРСТВО ""АСКАНІЙСЬКЕ"" АСКАНІЙСЬКОЇ ДЕРЖАВНОЇ СІЛЬСЬКОГОСПОДАРСЬКОЇ ДОСЛІДНОЇ СТАНЦІЇ ІНСТИТУТУ ЗРОШУВАНОГО ЗЕМЛЕРОБСТВА НАЦІОНАЛЬНОЇ АКАДЕМІЇ АГРАРНИХ НАУК УК","83144","НАЦІОНАЛЬНА АКАДЕМІЯ АГРАРНИХ НАУК УКРАЇНИ","ДП"
"2519","ДЕРЖАВНЕ ПІДПРИЄМСТВО ""ЦЕНТРАЛЬНА ЛАБОРАТОРІЯ ЯКОСТІ ВОДИ ТА ГРУНТІВ"" ІНСТИТУТУ ВОДНИХ ПРОБЛЕМ І МЕЛІОРАЦІЇ НАЦІОНАЛЬНОЇ АКАДЕМІЇ АГРАРНИХ НАУК УКРАЇНИ","83144","НАЦІОНАЛЬНА АКАДЕМІЯ АГРАРНИХ НАУК УКРАЇНИ","ДП"
"2520","ДЕРЖАВНЕ ПІДПРИЄМСТВО ""ДОСЛІДНЕ ГОСПОДАРСТВО ""ГОНТАРІВКА"" ІНСТИТУТУ ТВАРИННИЦТВА НАЦІОНАЛЬНОЇ АКАДЕМІЇ АГРАРНИХ НАУК УКРАЇНИ""","83144","НАЦІОНАЛЬНА АКАДЕМІЯ АГРАРНИХ НАУК УКРАЇНИ","ДП"
"2521","ДЕРЖАВНЕ ПІДПРИЄМСТВО ""ДОСЛІДНЕ ГОСПОДАРСТВО ""АРТЕМІДА "" ІНСТИТУТУ КАРТОПЛЯРСТВА НАЦІОНАЛЬНОЇ АКАДЕМІЇ АГРАРНИХ НАУК УКРАЇНИ""","83144","НАЦІОНАЛЬНА АКАДЕМІЯ АГРАРНИХ НАУК УКРАЇНИ","ДП"
"2522","ДЕРЖАВНЕ ПІДПРИЄМСТВО ""ДОСЛІДНЕ ГОСПОДАРСТВО ""ОЛЕНІВСЬКЕ "" ІНСТИТУТУ МЕХАНІКИ ТА АВТОМАТИКИ АГРОПРОМИСЛОВОГО ВИРОБНИЦТВА НАЦІОНАЛЬНОЇ АКАДЕМІЇ АГРАРНИХ НАУК УКРАЇНИ ""","83144","НАЦІОНАЛЬНА АКАДЕМІЯ АГРАРНИХ НАУК УКРАЇНИ","ДП"
"2523","ДЕРЖАВНЕ ПІДПРИЄМСТВО ""ДОСЛІДНЕ ГОСПОДАРСТВО ""ЕЛІТА"" МИРОНІВСЬКОГО ІНСТИТУТУ ПШЕНИЦІ ІМЕНІ В.М.РЕМЕСЛА НАЦІОНАЛЬНОЇ АКАДЕМІЇ АГРАРНИХ НАУК УКРАЇНИ""","83144","НАЦІОНАЛЬНА АКАДЕМІЯ АГРАРНИХ НАУК УКРАЇНИ","ДП"
"2524","ДЕРЖАВНЕ ПІДПРИЄМСТВО ""ДОСЛІДНЕ ГОСПОДАРСТВО ""ПОЛИВАНІВКА"" ДЕРЖАВНОЇ УСТАНОВИ ІНСТИТУТУ ЗЕРНОВИХ КУЛЬТУР НАЦІОНАЛЬНОЇ АКАДЕМІЇ АГРАРНИХ НАУК УКРАЇНИ""","83144","НАЦІОНАЛЬНА АКАДЕМІЯ АГРАРНИХ НАУК УКРАЇНИ","ДП"
"2525","ДЕРЖАВНЕ ПІДПРИЄМСТВО ""ДОСЛІДНЕ ГОСПОДАРСТВО "" НОВА ПЕРЕМОГА "" ІНСТИТУТУ СІЛЬСЬКОГО ГОСПОДАРСТВА ПОЛІССЯ НАЦІОНАЛЬНОЇ АКАДЕМІЇ АГРАРНИХ НАУК УКРАЇНИ""","83144","НАЦІОНАЛЬНА АКАДЕМІЯ АГРАРНИХ НАУК УКРАЇНИ","ДП"
"2526","ДЕРЖАВНЕ ПІДПРИЄМСТВО ""ДОСЛІДНЕ ГОСПОДАРСТВО ""ЗОРЯ"" ІНСТИТУТУ СІЛЬСЬКОГО ГОСПОДАРСТВА ЗАХІДНОГО ПОЛІССЯ НАЦІОНАЛЬНОЇ АКАДЕМІЇ АГРАРНИХ НАУК УКРАЇНИ""","83144","НАЦІОНАЛЬНА АКАДЕМІЯ АГРАРНИХ НАУК УКРАЇНИ","ДП"
"2527","ДЕРЖАВНЕ ПІДПРИЄМСТВО ""ДОСЛІДНЕ ГОСПОДАРСТВО ""ЕЛІТНЕ"" ІНСТИТУТУ РОСЛИННИЦТВА ІМЕНІ В.Я. ЮР'ЄВА НАЦІОНАЛЬНОЇ АКАДЕМІЇ АГРАРНИХ НАУК УКРАЇНИ""","83144","НАЦІОНАЛЬНА АКАДЕМІЯ АГРАРНИХ НАУК УКРАЇНИ","ДП"
"2528","ДЕРЖАВНЕ ПІДПРИЄМСТВО ""ДОСЛІДНЕ ГОСПОДАРСТВО ""ЮЖНИЙ"" СЕЛЕКЦІЙНО-ГЕНЕТИЧНОГО ІНСТИТУТУ-НАЦІОНАЛЬНОГО ЦЕНТРУ НАСІННЄЗНАВСТВА ТА СОРТОВИВЧЕННЯ ""","83144","НАЦІОНАЛЬНА АКАДЕМІЯ АГРАРНИХ НАУК УКРАЇНИ","ДП"
"2529","ДЕРЖАВНЕ ПІДПРИЄМСТВО ""ДОСЛІДНЕ ГОСПОДАРСТВО ""ТАЇРОВСЬКЕ"" НАЦІОНАЛЬНОГО НАУКОВОГО ЦЕНТРУ ""ІНСТИТУТ ВИНОГРАДАРСТВА І ВИНОРОБСТВА ІМЕНІ В.Є. ТАЇРОВА""","83144","НАЦІОНАЛЬНА АКАДЕМІЯ АГРАРНИХ НАУК УКРАЇНИ","ДП"
"2530","ДЕРЖАВНЕ ПІДПРИЄМСТВО ""ДОСЛІДНЕ ГОСПОДАРСТВО ""НИВА"" ІНСТИТУТУ РОЗВЕДЕННЯ І ГЕНЕТИКИ ТВАРИН ІМЕНІ М.В.ЗУБЦЯ НАЦІОНАЛЬНОЇ АКАДЕМІЇ АГРАРНИХ НАУК УКРАЇНИ""","83144","НАЦІОНАЛЬНА АКАДЕМІЯ АГРАРНИХ НАУК УКРАЇНИ","ДП"
"2531","ДЕРЖАВНЕ ПІДПРИЄМСТВО ""ДОСЛІДНЕ ГОСПОДАРСТВО ""МЕЛІТОПОЛЬСЬКЕ"" МЕЛІТОПОЛЬСЬКОЇ ДОСЛІДНОЇ СТАНЦІЇ САДІВНИЦТВА ІМЕНІ М.Ф.СИДОРЕНКА ІНСТИТУТУ САДІВНИЦТВА НАЦІОНАЛЬНОЇ АКАДЕМІЇ АГРАРНИХ НАУК УКРАЇНИ""","83144","НАЦІОНАЛЬНА АКАДЕМІЯ АГРАРНИХ НАУК УКРАЇНИ","ДП"
"2532","ЯЛТУШКІВСЬКА ДОСЛІДНО-СЕЛЕКЦІЙНА СТАНЦІЯ ІНСТИТУТУ БІОЕНЕРГЕТИЧНИХ КУЛЬТУР І ЦУКРОВИХ БУРЯКІВ НАЦІОНАЛЬНОЇ АКАДЕМІЇ АГРАРНИХ НАУК УКРАЇНИ","83144","НАЦІОНАЛЬНА АКАДЕМІЯ АГРАРНИХ НАУК УКРАЇНИ","ДП"
"2533","ДЕРЖАВНЕ ПІДПРИЄМСТВО ""ДОСЛІДНЕ ГОСПОДАРСТВО ""СКВИРСЬКЕ"" ІНСТИТУТУ АГРОЕКОЛОГІЇ І ПРИРОДОКОРИСТУВАННЯ НАЦІОНАЛЬНОЇ АКАДЕМІЇ АГРАРНИХ НАУК УКРАЇНИ""","83144","НАЦІОНАЛЬНА АКАДЕМІЯ АГРАРНИХ НАУК УКРАЇНИ","ДП"
"2534","ДЕРЖАВНЕ ПІДПРИЄМСТВО ""ДОСЛІДНЕ ГОСПОДАРСТВО ""ГРУСЯТИЧІ"" ІНСТИТУТУ СІЛЬСЬКОГО ГОСПОДАРСТВА КАРПАТСЬКОГО РЕГІОНУ НАЦІОНАЛЬНОЇ АКАДЕМІЇ АГРАРНИХ НАУК УКРАЇНИ""","83144","НАЦІОНАЛЬНА АКАДЕМІЯ АГРАРНИХ НАУК УКРАЇНИ","ДП"
"2535","ДЕРЖАВНЕ ПІДПРИЄМСТВО ""ДОСЛІДНЕ ГОСПОДАРСТВО ""РАДЕХІВСЬКЕ"" ІНСТИТУТУ СІЛЬСЬКОГО ГОСПОДАРСТВА КАРПАТСЬКОГО РЕГІОНУ НАЦІОНАЛЬНОЇ АКАДЕМІЇ АГРАРНИХ НАУК УКРАЇНИ""","83144","НАЦІОНАЛЬНА АКАДЕМІЯ АГРАРНИХ НАУК УКРАЇНИ","ДП"
"2536","ДЕРЖАВНЕ ПІДПРИЄМСТВО ""ДОСЛІДНЕ ГОСПОДАРСТВО ""ЗЕЛЕНІ КОШАРИ"" СЕЛЕКЦІЙНО-ГЕНЕТИЧНОГО ІНСТИТУТУ-НАЦІОНАЛЬНОГО ЦЕНТРУ НАСІННЄЗНАВСТВА ТА СОРТОВИВЧЕННЯ""","83144","НАЦІОНАЛЬНА АКАДЕМІЯ АГРАРНИХ НАУК УКРАЇНИ","ДП"
"2537","ДЕРЖАВНЕ ПІДПРИЄМСТВО ""ДОСЛІДНЕ ГОСПОДАРСТВО ""ПОКРОВСЬКЕ"" СЕЛЕКЦІЙНО-ГЕНЕТИЧНОГО ІНСТИТУТУ-НАЦІОНАЛЬНОГО ЦЕНТРУ НАСІННЄЗНАВСТВА ТА СОРТОВИВЧЕННЯ""","83144","НАЦІОНАЛЬНА АКАДЕМІЯ АГРАРНИХ НАУК УКРАЇНИ","ДП"
"2538","ДЕРЖАВНЕ ПІДПРИЄМСТВО ""ДОСЛІДНЕ ГОСПОДАРСТВО ""НИВКА"" ІНСТИТУТУ РИБНОГО ГОСПОДАРСТВА НАЦІОНАЛЬНОЇ АКАДЕМІЇ АГРАРНИХ НАУК УКРАЇНИ""","83144","НАЦІОНАЛЬНА АКАДЕМІЯ АГРАРНИХ НАУК УКРАЇНИ","ДП"
"2539","ДЕРЖАВНЕ ДОСЛІДНЕ ПІДПРИЄМСТВО ІНСТИТУТУ ПРОДОВОЛЬЧИХ РЕСУРСІВ НАЦІОНАЛЬНОЇ АКАДЕМІЇ АГРАРНИХ НАУК УКРАЇНИ","83144","НАЦІОНАЛЬНА АКАДЕМІЯ АГРАРНИХ НАУК УКРАЇНИ","ДП"
"2540","СИНЕЛЬНИКІВСЬКА СЕЛЕКЦІЙНО-ДОСЛІДНА СТАНЦІЯ ДЕРЖАВНОЇ УСТАНОВИ ІНСТИТУТУ ЗЕРНОВИХ КУЛЬТУР НАЦІОНАЛЬНОЇ АКАДЕМІЇ АГРАРНИХ НАУК УКРАЇНИ","83144","НАЦІОНАЛЬНА АКАДЕМІЯ АГРАРНИХ НАУК УКРАЇНИ","ДП"
"2541","ДЕРЖАВНЕ ПІДПРИЄМСТВО ""ДОСЛІДНЕ ГОСПОДАРСТВО ""ДНІПРО"" ДЕРЖАВНОЇ УСТАНОВИ ІНСТИТУТУ ЗЕРНОВИХ КУЛЬТУР НАЦІОНАЛЬНОЇ АКАДЕМІЇ АГРАРНИХ НАУК УКРАЇНИ""","83144","НАЦІОНАЛЬНА АКАДЕМІЯ АГРАРНИХ НАУК УКРАЇНИ","ДП"
"2542","ДЕРЖАВНЕ ПІДПРИЄМСТВО ""НАУКОВО-ТЕХНІЧНИЙ ЦЕНТР СЕРТИФІКАЦІЇ ""АГРОСЕПРО"" НАЦІОНАЛЬНОЇ АКАДЕМІЇ АГРАРНИХ НАУК УКРАЇНИ""","83144","НАЦІОНАЛЬНА АКАДЕМІЯ АГРАРНИХ НАУК УКРАЇНИ","ДП"
"2543","ДЕРЖАВНЕ ПІДПРИЄМСТВО ""ДОСЛІДНЕ ГОСПОДАРСТВО ""САМЧИКИ"" ХМЕЛЬНИЦЬКОЇ ДЕРЖАВНОЇ СІЛЬСЬКОГОСПОДАРСЬКОЇ ДОСЛІДНОЇ СТАНЦІЇ ІНСТИТУТУ КОРМІВ ТА СІЛЬСЬКОГО ГОСПОДАРСТВА ПОДІЛЛЯ НАЦІОНАЛЬНОЇ АКАДЕМІЇ АГР","83144","НАЦІОНАЛЬНА АКАДЕМІЯ АГРАРНИХ НАУК УКРАЇНИ","ДП"
"2544","ДЕРЖАВНЕ ПІДПРИЄМСТВО ""ДОСЛІДНЕ ГОСПОДАРСТВО ""ЕЛІТА"" ДЕРЖАВНОЇ УСТАНОВИ ""МИКОЛАЇВСЬКА ДЕРЖАВНА СІЛЬСЬКОГОСПОДАРСЬКА ДОСЛІДНА СТАНЦІЯ"" ІНСТИТУТУ КЛІМАТИЧНО ОРІЄНТОВАНОГО СІЛЬСЬКОГО ГОСПОДАРСТВА НА","83144","НАЦІОНАЛЬНА АКАДЕМІЯ АГРАРНИХ НАУК УКРАЇНИ","ДП"
"2545","ДЕРЖАВНЕ ПІДПРИЄМСТВО ""ДОСЛІДНЕ ГОСПОДАРСТВО ""СТАВИДЛЯНСЬКЕ"" ІНСТИТУТУ СІЛЬСЬКОГО ГОСПОДАРСТВА СТЕПУ НАЦІОНАЛЬНОЇ АКАДЕМІЇ АГРАРНИХ НАУК УКРАЇНИ""","83144","НАЦІОНАЛЬНА АКАДЕМІЯ АГРАРНИХ НАУК УКРАЇНИ","ДП"
"2546","ДЕРЖАВНЕ ПІДПРИЄМСТВО ""ДОСЛІДНЕ ГОСПОДАРСТВО ПРИЛУЦЬКОЇ ДОСЛІДНОЇ СТАНЦІЇ ІНСТИТУТУ САДІВНИЦТВА НАЦІОНАЛЬНОЇ АКАДЕМІЇ АГРАРНИХ НАУК УКРАЇНИ""","83144","НАЦІОНАЛЬНА АКАДЕМІЯ АГРАРНИХ НАУК УКРАЇНИ","ДП"
"2547","ДЕРЖАВНЕ ПІДПРИЄМСТВО ""ДОСЛІДНЕ ГОСПОДАРСТВО ІНСТИТУТУ ТВАРИННИЦТВА СТЕПОВИХ РАЙОНІВ ІМЕНІ М.Ф. ІВАНОВА ""АСКАНІЯ-НОВА""-НАЦІОНАЛЬНОГО НАУКОВОГО СЕЛЕКЦІЙНО-ГЕНЕТИЧНОГО ЦЕНТРУ З ВІВЧАРСТВА""","83144","НАЦІОНАЛЬНА АКАДЕМІЯ АГРАРНИХ НАУК УКРАЇНИ","ДП"
"2548","ДЕРЖАВНЕ ПІДПРИЄМСТВО ""ДОСЛІДНЕ ГОСПОДАРСТВО ЛЬВІВСЬКОЇ ДОСЛІДНОЇ СТАНЦІЇ ІНСТИТУТУ РИБНОГО ГОСПОДАРСТВА НАЦІОНАЛЬНОЇ АКАДЕМІЇ АГРАРНИХ НАУК УКРАЇНИ""","83144","НАЦІОНАЛЬНА АКАДЕМІЯ АГРАРНИХ НАУК УКРАЇНИ","ДП"
"2549","ДЕРЖАВНЕ ПІДПРИЄМСТВО ""ДОСЛІДНЕ ГОСПОДАРСТВО ДОСЛІДНОЇ СТАНЦІЇ ПОМОЛОГІЇ ІМЕНІ Л.П.СИМИРЕНКА ІНСТИТУТУ САДІВНИЦТВА НАЦІОНАЛЬНОЇ АКАДЕМІЇ АГРАРНИХ НАУК УКРАЇНИ""","83144","НАЦІОНАЛЬНА АКАДЕМІЯ АГРАРНИХ НАУК УКРАЇНИ","ДП"
"2550","ДЕРЖАВНЕ ПІДПРИЄМСТВО ""ДОСЛІДНЕ ГОСПОДАРСТВО ""ЕЛІТНЕ"" ІНСТИТУТУ СІЛЬСЬКОГО ГОСПОДАРСТВА СТЕПУ НАЦІОНАЛЬНОЇ АКАДЕМІЇ АГРАРНИХ НАУК УКРАЇНИ""","83144","НАЦІОНАЛЬНА АКАДЕМІЯ АГРАРНИХ НАУК УКРАЇНИ","ДП"
"2551","ДЕРЖАВНЕ ПІДПРИЄМСТВО ""ДОСЛІДНЕ ГОСПОДАРСТВО ІНСТИТУТУ СІЛЬСЬКОГО ГОСПОДАРСТВА ПІВНІЧНОГО СХОДУ НАЦІОНАЛЬНОЇ АКАДЕМІЇ АГРАРНИХ НАУК УКРАЇНИ""","83144","НАЦІОНАЛЬНА АКАДЕМІЯ АГРАРНИХ НАУК УКРАЇНИ","ДП"
"2552","ДЕРЖАВНЕ ПІДПРИЄМСТВО ""ДОСЛІДНЕ ГОСПОДАРСТВО ІНСТИТУТУ РИСУ НАЦІОНАЛЬНОЇ АКАДЕМІЇ АГРАРНИХ НАУК УКРАЇНИ""","83144","НАЦІОНАЛЬНА АКАДЕМІЯ АГРАРНИХ НАУК УКРАЇНИ","ДП"
"2553","ДЕРЖАВНЕ ПІДПРИЄМСТВО ""ДОСЛІДНЕ ГОСПОДАРСТВО ПАНФИЛЬСЬКОЇ ДОСЛІДНОЇ СТАНЦІЇ НАЦІОНАЛЬНОГО НАУКОВОГО ЦЕНТРУ "" ІНСТИТУТ ЗЕМЛЕРОБСТВА НАЦІОНАЛЬНОЇ АКАДЕМІЇ АГРАРНИХ НАУК УКРАЇНИ""","83144","НАЦІОНАЛЬНА АКАДЕМІЯ АГРАРНИХ НАУК УКРАЇНИ","ДП"
"2554","ДЕРЖАВНЕ ПІДПРИЄМСТВО ""ДОСЛІДНЕ ГОСПОДАРСТВО ""НОВАТОР"" ІНСТИТУТУ ОЛІЙНИХ КУЛЬТУР НАЦІОНАЛЬНОЇ АКАДЕМІЇ АГРАРНИХ НАУК УКРАЇНИ""","83144","НАЦІОНАЛЬНА АКАДЕМІЯ АГРАРНИХ НАУК УКРАЇНИ","ДП"
"2555","ДЕРЖАВНЕ ПІДПРИЄМСТВО ""ДОСЛІДНЕ ГОСПОДАРСТВО ПРИДНІСТРОВСЬКОЇ ДОСЛІДНОЇ СТАНЦІЇ САДІВНИЦТВА ІНСТИТУТУ САДІВНИЦТВА НАЦІОНАЛЬНОЇ АКАДЕМІЇ АГРАРНИХ НАУК УКРАЇНИ ""","83144","НАЦІОНАЛЬНА АКАДЕМІЯ АГРАРНИХ НАУК УКРАЇНИ","ДП"
"2556","ДЕРЖАВНЕ ПІДПРИЄМСТВО ""ЕКСПЕРИМЕНТАЛЬНА БАЗА ""ДАЧНА"" СЕЛЕКЦІЙНО-ГЕНЕТИЧНОГО ІНСТИТУТУ-НАЦІОНАЛЬНОГО ЦЕНТРУ НАСІННЄЗНАВСТВА ТА СОРТОВИВЧЕННЯ""","83144","НАЦІОНАЛЬНА АКАДЕМІЯ АГРАРНИХ НАУК УКРАЇНИ","ДП"
"2557","ДЕРЖАВНЕ ПІДПРИЄМСТВО ""ДОСЛІДНЕ ГОСПОДАРСТВО ""ЕЛІТА"" ІНСТИТУТУ ОЛІЙНИХ КУЛЬТУР НАЦІОНАЛЬНОЇ АКАДЕМІЇ АГРАРНИХ НАУК УКРАЇНИ""","83144","НАЦІОНАЛЬНА АКАДЕМІЯ АГРАРНИХ НАУК УКРАЇНИ","ДП"
"2558","ДЕРЖАВНЕ ПІДПРИЄМСТВО ""ДОСЛІДНЕ ГОСПОДАРСТВО ""ЯБЛУНІВСЬКЕ"" ПРИДНІСТРОВСЬКОЇ ДОСЛІДНОЇ СТАНЦІЇ САДІВНИЦТВА ІНСТИТУТУ САДІВНИЦТВА НАЦІОНАЛЬНОЇ АКАДЕМІЇ АГРАРНИХ НАУК УКРАЇНИ""","83144","НАЦІОНАЛЬНА АКАДЕМІЯ АГРАРНИХ НАУК УКРАЇНИ","ДП"
"2559","ПОЛІСЬКА ДОСЛІДНА СТАНЦІЯ ІМЕНІ О.М. ЗАСУХІНА ІНСТИТУТУ КАРТОПЛЯРСТВА НАЦІОНАЛЬНОЇ АКАДЕМІЇ АГРАРНИХ НАУК УКРАЇНИ","83144","НАЦІОНАЛЬНА АКАДЕМІЯ АГРАРНИХ НАУК УКРАЇНИ","ДП"
"2560","ДЕРЖАВНЕ ПІДПРИЄМСТВО ""ДОСЛІДНЕ ГОСПОДАРСТВО ""ЗОРІ НАД БУГОМ"" ІНСТИТУТУ ЗАХИСТУ РОСЛИН НАЦІОНАЛЬНОЇ АКАДЕМІЇ АГРАРНИХ НАУК УКРАЇНИ""","83144","НАЦІОНАЛЬНА АКАДЕМІЯ АГРАРНИХ НАУК УКРАЇНИ","ДП"
"2561","ДЕРЖАВНЕ ПІДПРИЄМСТВО ""ДОСЛІДНЕ ГОСПОДАРСТВО ""БРИЛІВСЬКЕ"" ІНСТИТУТУ ВОДНИХ ПРОБЛЕМ І МЕЛІОРАЦІЇ НАЦІОНАЛЬНОЇ АКАДЕМІЇ АГРАРНИХ НАУК УКРАЇНИ""","83144","НАЦІОНАЛЬНА АКАДЕМІЯ АГРАРНИХ НАУК УКРАЇНИ","ДП"
"2562","ДЕРЖАВНЕ ПІДПРИЄМСТВО ""ЕКСПЕРИМЕНТАЛЬНО-ДОСЛІДНЕ ГОСПОДАРСТВО ""ЕЛІТА"" ВОЛИНСЬКОЇ ДЕРЖАВНОЇ СІЛЬСЬКОГОСПОДАРСЬКОЇ ДОСЛІДНОЇ СТАНЦІЇ ІНСТИТУТУ СІЛЬСЬКОГО ГОСПОДАРСТВА КАРПАТСЬКОГО РЕГІОНУ НАЦІОНАЛЬНОЇ А","83144","НАЦІОНАЛЬНА АКАДЕМІЯ АГРАРНИХ НАУК УКРАЇНИ","ДП"
"2563","ДЕРЖАВНЕ ПІДПРИЄМСТВО ""ДОСЛІДНЕ ГОСПОДАРСТВО ""ПОДІЛЬСЬКЕ"" ТЕРНОПІЛЬСЬКОЇ ДЕРЖАВНОЇ СІЛЬСЬКОГОСПОДАРСЬКОЇ ДОСЛІДНОЇ СТАНЦІЇ ІНСТИТУТУ СІЛЬСЬКОГО ГОСПОДАРСТВА КАРПАТСЬКОГО РЕГІОНУ НАЦІОНАЛЬНОЇ АКАД","83144","НАЦІОНАЛЬНА АКАДЕМІЯ АГРАРНИХ НАУК УКРАЇНИ","ДП"
"2564","ДЕРЖАВНЕ ПІДПРИЄМСТВО ""ЕКСПЕРИМЕНТАЛЬНО - ВИРОБНИЧЕ ПІДПРИЄМСТВО ІНСТИТУТУ ЧОРНОЇ МЕТАЛУРГІЇ ІМ. З.І. НЕКРАСОВА НАЦІОНАЛЬНОЇ АКАДЕМІЇ НАУК УКРАЇНИ""","87614","НАЦІОНАЛЬНА АКАДЕМІЯ НАУК УКРАЇНИ","ДП"
"2565","ДЕРЖАВНЕ ПІДПРИЄМСТВО ""ЗАВОД ХІМІЧНИХ РЕАКТИВІВ"" НАУКОВО-ТЕХНОЛОГІЧНОГО КОМПЛЕКСУ ""ІНСТИТУТ МОНОКРИСТАЛІВ"" НАЦІОНАЛЬНОЇ АКАДЕМІЇ НАУК УКРАЇНИ""","87614","НАЦІОНАЛЬНА АКАДЕМІЯ НАУК УКРАЇНИ","ДП"
"2566","ДЕРЖАВНА УСТАНОВА ""ДЕРЖАВНИЙ НАУКОВО-ДОСЛІДНИЙ І ПРОЕКТНИЙ ІНСТИТУТ ОСНОВНОЇ ХІМІЇ""","87614","НАЦІОНАЛЬНА АКАДЕМІЯ НАУК УКРАЇНИ","ДП"
"2567","ДЕРЖАВНЕ ПІДПРИЄМСТВО ГОТЕЛЬНИЙ КОМПЛЕКС ""ФЕОФАНІЯ"" НАЦІОНАЛЬНОЇ АКАДЕМІЇ НАУК УКРАЇНИ","87614","НАЦІОНАЛЬНА АКАДЕМІЯ НАУК УКРАЇНИ","ДП"
"2568","ДЕРЖАВНЕ ПІДПРИЄМСТВО ""НАУКОВО-ВИРОБНИЧИЙ ЦЕНТР ""ЕНЕРГОІМПУЛЬС"" ІНСТИТУТУ ЕЛЕКТРОДИНАМІКИ НАН УКРАЇНИ""","87614","НАЦІОНАЛЬНА АКАДЕМІЯ НАУК УКРАЇНИ","ДП"
"2569","ДЕРЖАВНА УСТАНОВА ""ДОСЛІДНИЙ ЦЕНТР МЕДИЧНИХ ТА ФАРМАЦЕВТИЧНИХ ВИПРОБУВАНЬ НАЦІОНАЛЬНОЇ АКАДЕМІЇ НАУК УКРАЇНИ""","87614","НАЦІОНАЛЬНА АКАДЕМІЯ НАУК УКРАЇНИ","ДП"
"2570","ДЕРЖАВНЕ ПІДПРИЄМСТВО ""ІНЖЕНЕРНИЙ ЦЕНТР ЗВАРЮВАННЯ ТИСКОМ НТК "" ІНСТИТУТ ЕЛЕКТРОЗВАРЮВАННЯ ІМ. Є.О. ПАТОНА НАН УКРАЇНИ""","87614","НАЦІОНАЛЬНА АКАДЕМІЯ НАУК УКРАЇНИ","ДП"
"2571","ДЕРЖАВНЕ ПІДПРИЄМСТВО ""НАУКОВО-ТЕХНІЧНИЙ ІНЖЕНЕРНИЙ ЦЕНТР ПРОБЛЕМ ВОДООЧИСТКИ ТА ВОДОЗБЕРЕЖЕННЯ (НТІЦ ""ВОДООБРОБКА"") ФІЗИКО-ХІМІЧНОГО ІНСТИТУТУ ІМ. О.В.БОГАТСЬКОГО НАЦІОНАЛЬНОЇ АКАДЕМІЇ НАУК УКРАЇНИ""","87614","НАЦІОНАЛЬНА АКАДЕМІЯ НАУК УКРАЇНИ","ДП"
"2572","СПЕЦІАЛЬНЕ КОНСТРУКТОРСЬКО-ТЕХНОЛОГІЧНЕ БЮРО З ЕКСПЕРИМЕНТАЛЬНИМ ВИРОБНИЦТВОМ ІНСТИТУТУ ЗАГАЛЬНОЇ ТА НЕОРГАНІЧНОЇ ХІМІЇ ІМ.В.І.ВЕРНАДСЬКОГО НАЦІОНАЛЬНОЇ АКАДЕМІЇ НАУК УКРАЇНИ","87614","НАЦІОНАЛЬНА АКАДЕМІЯ НАУК УКРАЇНИ","ДП"
"2573","ДЕРЖАВНЕ ПІДПРИЄМСТВО ""ДОСЛІДНИЙ ЗАВОД СПЕЦЕЛЕКТРОМЕТАЛУРГІЇ ІНСТИТУТУ ЕЛЕКТРОЗВАРЮВАННЯ ІМ. Є.О. ПАТОНА НАЦІОНАЛЬНОЇ АКАДЕМІЇ НАУК УКРАЇНИ""","87614","НАЦІОНАЛЬНА АКАДЕМІЯ НАУК УКРАЇНИ","ДП"
"2574","ДЕРЖАВНЕ ЗОВНІШНЬОТОРГОВЕЛЬНЕ ПІДПРИЄМСТВО ""ІНТЕР-ІСМ"" НАУКОВО-ТЕХНОЛОГІЧНОГО АЛМАЗНОГО КОНЦЕРНУ ""АЛКОН"" НАЦІОНАЛЬНОЇ АКАДЕМІЇ НАУК УКРАЇНИ","87614","НАЦІОНАЛЬНА АКАДЕМІЯ НАУК УКРАЇНИ","ДП"
"2575","ДЕРЖАВНЕ ПІДПРИЄМСТВО СПОРТИВНИЙ ЛІКУВАЛЬНО-ВІДНОВЛЮВАЛЬНИЙ ЦЕНТР ""ІЕЗ ІМ. Є.О.ПАТОНА"" НАН УКРАЇНИ","87614","НАЦІОНАЛЬНА АКАДЕМІЯ НАУК УКРАЇНИ","ДП"
"2576","ДЕРЖАВНЕ ПІДПРИЄМСТВО ""СПЕЦІАЛЬНЕ КОНСТРУКТОРСЬКО-ТЕХНОЛОГІЧНЕ БЮРО З ДОСЛІДНИМ ВИРОБНИЦТВОМ ІНСТИТУТУ ПРОБЛЕМ КРІОБІОЛОГІЇ ТА КРІОМЕДИЦИНИ НАЦІОНАЛЬНОЇ АКАДЕМІЇ НАУК УКРАЇНИ""","87614","НАЦІОНАЛЬНА АКАДЕМІЯ НАУК УКРАЇНИ","ДП"
"2577","КАРДІОЛОГІЧНИЙ САНАТОРІЙ ""ВОРЗЕЛЬ"" НАЦІОНАЛЬНОЇ АКАДЕМІЇ НАУК УКРАЇНИ","87614","НАЦІОНАЛЬНА АКАДЕМІЯ НАУК УКРАЇНИ","ДП"
"2578","ДЕРЖАВНЕ ПІДПРИЄМСТВО ""ПАНСІОНАТ ""БОРЕЙ"" НАЦІОНАЛЬНОЇ АКАДЕМІЇ НАУК УКРАЇНИ""","87614","НАЦІОНАЛЬНА АКАДЕМІЯ НАУК УКРАЇНИ","ДП"
"2579","ДОСЛІДНЕ СІЛЬСЬКОГОСПОДАРСЬКЕ ВИРОБНИЦТВО ІНСТИТУТУ ФІЗІОЛОГІЇ РОСЛИН І ГЕНЕТИКИ НАН УКРАЇНИ","87614","НАЦІОНАЛЬНА АКАДЕМІЯ НАУК УКРАЇНИ","ДП"
"2580","ДЕРЖАВНЕ ПІДПРИЄМСТВО ""СПЕЦІАЛЬНЕ КОНСТРУКТОРСЬКО-ТЕХНОЛОГІЧНЕ БЮРО ІНСТИТУТУ ГЕОТЕХНІЧНОЇ МЕХАНІКИ ІМ. М.С.ПОЛЯКОВА НАЦІОНАЛЬНОЇ АКАДЕМІЇ НАУК УКРАЇНИ""","87614","НАЦІОНАЛЬНА АКАДЕМІЯ НАУК УКРАЇНИ","ДП"
"2581","ДЕРЖАВНЕ ПІДПРИЄМСТВО ""ДОСЛІДНЕ КОНСТРУКТОРСЬКО-ТЕХНОЛОГІЧНЕ БЮРО ІНСТИТУТУ ЕЛЕКТРОЗВАРЮВАННЯ ІМ. Є.О.ПАТОНА НАЦІОНАЛЬНОЇ АКАДЕМІЇ НАУК УКРАЇНИ""","87614","НАЦІОНАЛЬНА АКАДЕМІЯ НАУК УКРАЇНИ","ДП"
"2582","ДЕРЖАВНЕ АВТОТРАНСПОРТНЕ ПІДПРИЄМСТВО ЕКСПЕДИЦІЙНИХ ТА СПЕЦІАЛЬНИХ АВТОМОБІЛІВ НАЦІОНАЛЬНОЇ АКАДЕМІЇ НАУК УКРАЇНИ","87614","НАЦІОНАЛЬНА АКАДЕМІЯ НАУК УКРАЇНИ","ДП"
"2583","ДЕРЖАВНА УСТАНОВА ""ДЕРЖАВНЕ УПРАВЛІННЯ МАТЕРІАЛЬНО-ТЕХНІЧНОГО ЗАБЕЗПЕЧЕННЯ НАЦІОНАЛЬНОЇ АКАДЕМІЇ НАУК УКРАЇНИ""","87614","НАЦІОНАЛЬНА АКАДЕМІЯ НАУК УКРАЇНИ","ДП"
"2584","ДЕРЖАВНЕ ПІДПРИЄМСТВО ""ДОСЛІДНЕ ВИРОБНИЦТВО ІНСТИТУТУ ХІМІЇ ВИСОКОМОЛЕКУЛЯРНИХ СПОЛУК НАЦІОНАЛЬНОЇ АКАДЕМІЇ НАУК УКРАЇНИ""","87614","НАЦІОНАЛЬНА АКАДЕМІЯ НАУК УКРАЇНИ","ДП"
"2585","ДЕРЖАВНЕ ПІДПРИЄМСТВО ""ДОСЛІДНЕ ВИРОБНИЦТВО ІНСТИТУТУ МЕХАНІКИ ІМ. С.П.ТИМОШЕНКА НАЦІОНАЛЬНОЇ АКАДЕМІЇ НАУК УКРАЇНИ""","87614","НАЦІОНАЛЬНА АКАДЕМІЯ НАУК УКРАЇНИ","ДП"
"2586","ДЕРЖАВНЕ СПЕЦІАЛЬНЕ КОНСТРУКТОРСЬКО-ТЕХНОЛОГІЧНЕ БЮРО ФІЗИЧНОГО ПРИЛАДОБУДУВАННЯ З ДОСЛІДНИМ ВИРОБНИЦТВОМ ІНСТИТУТУ ФІЗИКИ НАЦІОНАЛЬНОЇ АКАДЕМІЇ НАУК УКРАЇНИ","87614","НАЦІОНАЛЬНА АКАДЕМІЯ НАУК УКРАЇНИ","ДП"
"2587","ДЕРЖАВНЕ ПІДПРИЄМСТВО ""ОРГАНІЧНА ХІМІЯ"" НАЦІОНАЛЬНОЇ АКАДЕМІЇ НАУК УКРАЇНИ""","87614","НАЦІОНАЛЬНА АКАДЕМІЯ НАУК УКРАЇНИ","ДП"
"2588","ДЕРЖАВНА УСТАНОВА ""РАДМА"" ІНСТИТУТУ ФІЗИЧНОЇ ХІМІЇ ІМ.Л.В.ПИСАРЖЕВСЬКОГО НАЦІОНАЛЬНОЇ АКАДЕМІЇ НАУК УКРАЇНИ","87614","НАЦІОНАЛЬНА АКАДЕМІЯ НАУК УКРАЇНИ","ДП"
"2589","ДЕРЖАВНЕ ПІДПРИЄМСТВО ""ДОСЛІДНИЙ ЗАВОД ЗВАРЮВАЛЬНИХ МАТЕРІАЛІВ ІНСТИТУТУ ЕЛЕКТРОЗВАРЮВАННЯ ІМ.Є.О.ПАТОНА НАЦІОНАЛЬНОЇ АКАДЕМІЇ НАУК УКРАЇНИ""","87614","НАЦІОНАЛЬНА АКАДЕМІЯ НАУК УКРАЇНИ","ДП"
"2590","ЛЬВІВСЬКИЙ ЦЕНТР ІНСТИТУТУ КОСМІЧНИХ ДОСЛІДЖЕНЬ НАЦІОНАЛЬНОЇ АКАДЕМІЇ НАУК УКРАЇНИ ТА ДЕРЖАВНОГО КОСМІЧНОГО АГЕНТСТВА УКРАЇНИ","87614","НАЦІОНАЛЬНА АКАДЕМІЯ НАУК УКРАЇНИ","ДП"
"2591","ДЕРЖАВНЕ ПІДПРИЄМСТВО ""СПЕЦІАЛЬНЕ КОНСТРУКТОРСЬКО-ТЕХНОЛОГІЧНЕ БЮРО ІНСТИТУТУ ПРОБЛЕМ МАШИНОБУДУВАННЯ ІМ. А.М. ПІДГОРНОГО"" НАЦІОНАЛЬНОЇ АКАДЕМІЇ НАУК УКРАЇНИ","87614","НАЦІОНАЛЬНА АКАДЕМІЯ НАУК УКРАЇНИ","ДП"
"2592","ДЕРЖАВНЕ ПІДПРИЄМСТВО ""КАЛУСЬКИЙ ДОСЛІДНО-ЕКСПЕРИМЕНТАЛЬНИЙ ЗАВОД ІНСТИТУТУ ХІМІЇ ПОВЕРХНІ НАЦІОНАЛЬНОЇ АКАДЕМІЇ НАУК УКРАЇНИ""","87614","НАЦІОНАЛЬНА АКАДЕМІЯ НАУК УКРАЇНИ","ДП"
"2593","НАУКОВО-ІНЖЕНЕРНИЙ ЦЕНТР ""МАТЕРІАЛООБРОБКА ВИБУХОМ"" ІНСТИТУТУ ЕЛЕКТРОЗВАРЮВАННЯ ІМ. Є.О. ПАТОНА НАЦІОНАЛЬНОЇ АКАДЕМІЇ НАУК УКРАЇНИ","87614","НАЦІОНАЛЬНА АКАДЕМІЯ НАУК УКРАЇНИ","ДП"
"2594","ДЕРЖАВНЕ ПІДПРИЄМСТВО ЛІКУВАЛЬНО-ПРОФІЛАКТИЧНИЙ КОМПЛЕКС ""ФЕОФАНІЯ"" НАЦІОНАЛЬНОЇ АКАДЕМІЇ НАУК УКРАЇНИ","87614","НАЦІОНАЛЬНА АКАДЕМІЯ НАУК УКРАЇНИ","ДП"
"2595","ДЕРЖАВНЕ ПІДПРИЄМСТВО ""СПЕЦІАЛЬНЕ КОНСТРУКТОРСЬКО-ТЕХНОЛОГІЧНЕ БЮРО З ДОСЛІДНИМ ВИРОБНИЦТВОМ ФІЗИКО-ХІМІЧНОГО ІНСТИТУТУ ІМ. О.В. БОГАТСЬКОГО НАЦІОНАЛЬНОЇ АКАДЕМІЇ НАУК УКРАЇНИ""","87614","НАЦІОНАЛЬНА АКАДЕМІЯ НАУК УКРАЇНИ","ДП"
"2596","ДЕРЖАВНЕ МАЛЕ ПІДПРИЄМСТВО ""ЦЕНТР ПО ВИПРОБУВАННЮ ТА ВПРОВАДЖЕННЮ ПАЛИВОВИКОРИСТОВУЮЧОГО ОБЛАДНАННЯ""","87614","НАЦІОНАЛЬНА АКАДЕМІЯ НАУК УКРАЇНИ","ДП"
"2597","МАЛЕ ДЕРЖАВНЕ НАУКОВО-ВИРОБНИЧЕ ВПРОВАДЖУВАЛЬНЕ ПІДПРИЄМСТВО ""ЕКМА"" НАН УКРАЇНИ","87614","НАЦІОНАЛЬНА АКАДЕМІЯ НАУК УКРАЇНИ","ДП"
"2598","ДОЧІРНЄ ПІДПРИЄМСТВО ""ФАЗА""","87614","НАЦІОНАЛЬНА АКАДЕМІЯ НАУК УКРАЇНИ","ДП"
"2599","ДОЧІРНЄ ПІДПРИЄМСТВО ""ЮРНАУКАЦЕНТР""","87614","НАЦІОНАЛЬНА АКАДЕМІЯ НАУК УКРАЇНИ","ДП"
"2600","НАУКОВО-ДОСЛІДНИЙ ЦЕНТР ""РЯТІВНА АРХЕОЛОГІЧНА СЛУЖБА"" ІНСТИТУТУ АРХЕОЛОГІЇ НАЦІОНАЛЬНОЇ АКАДЕМІЇ НАУК УКРАЇНИ","87614","НАЦІОНАЛЬНА АКАДЕМІЯ НАУК УКРАЇНИ","ДП"
"2601","""ВЕЛИКИЙ КОНФЕРЕНЦ-ЗАЛ НАЦІОНАЛЬНОЇ АКАДЕМІЇ НАУК УКРАЇНИ""","87614","НАЦІОНАЛЬНА АКАДЕМІЯ НАУК УКРАЇНИ","ДП"
"2602","ДЕРЖАВНЕ ПІДПРИЄМСТВО ""АТЕСТАЦІЙНИЙ ЦЕНТР З НЕРУЙНІВНОГО КОНТРОЛЮ ПРИ ІЕЗ ІМ.Є.О.ПАТОНА НАН УКРАЇНИ""","87614","НАЦІОНАЛЬНА АКАДЕМІЯ НАУК УКРАЇНИ","ДП"
"2603","ДЕРЖАВНЕ ПІДПРИЄМСТВО ""МАЛЕ ВИРОБНИЧО-ВПРОВАДЖУВАЛЬНЕ ПІДПРИЄМСТВО ""ПЛАЗЕР""","87614","НАЦІОНАЛЬНА АКАДЕМІЯ НАУК УКРАЇНИ","ДП"
"2604","ДЕРЖАВНЕ ПІДПРИЄМСТВО ""НАУКОВО-ДОСЛІДНИЙ ІНСТИТУТ МІКРОПРИЛАДІВ"" НТК ""ІНСТИТУТ МОНОКРИСТАЛІВ"" НАЦІОНАЛЬНОЇ АКАДЕМІЇ НАУК УКРАЇНИ","87614","НАЦІОНАЛЬНА АКАДЕМІЯ НАУК УКРАЇНИ","ДП"
"2605","ДЕРЖАВНЕ ПІДПРИЄМСТВО ""ІНЖЕНЕРНИЙ ЦЕНТР ЕЛЕКТРОННО-ПРОМЕНЕВОГО ЗВАРЮВАННЯ"" ІНСТИТУТУ ЕЛЕКТРОЗВАРЮВАННЯ ІМ.Є.О.ПАТОНА НАН УКРАЇНИ","87614","НАЦІОНАЛЬНА АКАДЕМІЯ НАУК УКРАЇНИ","ДП"
"2606","ДЕРЖАВНЕ ПІДПРИЄМСТВО ""МІЖНАРОДНИЙ ЦЕНТР ЕЛЕКТРОННО-ПРОМЕНЕВИХ ТЕХНОЛОГІЙ ІНСТИТУТУ ЕЛЕКТРОЗВАРЮВАННЯ ІМ. Є.О. ПАТОНА НАЦІОНАЛЬНОЇ АКАДЕМІЇ НАУК УКРАЇНИ""","87614","НАЦІОНАЛЬНА АКАДЕМІЯ НАУК УКРАЇНИ","ДП"
"2607","ЗАПОРІЗЬКИЙ НАУКОВО-ІНЖЕНЕРНИЙ ЦЕНТР З ПЛАЗМОВИХ ТЕХНОЛОГІЙ НАУКОВО-ТЕХНІЧНОГО КОМПЛЕКСУ ""ІНСТИТУТ ЕЛЕКТРОЗВАРЮВАННЯ ІМ. Є.О.ПАТОНА"" НАЦІОНАЛЬНОЇ АКАДЕМІЇ НАУК УКРАЇНИ""","87614","НАЦІОНАЛЬНА АКАДЕМІЯ НАУК УКРАЇНИ","ДП"
"2608","ДЕРЖАВНЕ ПІДПРИЄМСТВО ""САНАТОРНО-ОЗДОРОВЧИЙ КОМПЛЕКС ""ГІЛЕЯ"" НТК ІЕЗ ІМ.Є.О.ПАТОНА НАЦІОНАЛЬНОЇ АКАДЕМІЇ НАУК УКРАЇНИ","87614","НАЦІОНАЛЬНА АКАДЕМІЯ НАУК УКРАЇНИ","ДП"
"2609","ДЕРЖАВНА УСТАНОВА ""НАУКОВО-ТЕХНОЛОГІЧНИЙ ЦЕНТР"" ІНСТИТУТУ ФІЗИЧНОЇ ХІМІЇ ІМ.Л.В.ПИСАРЖЕВСЬКОГО НАН УКРАЇНИ","87614","НАЦІОНАЛЬНА АКАДЕМІЯ НАУК УКРАЇНИ","ДП"
"2610","ДЕРЖАВНЕ ПІДПРИЄМСТВО МІЖГАЛУЗЕВИЙ НАУКОВО-ТЕХНІЧНИЙ КОМПЛЕКС ""ХІМІЯ ПОВЕРХНІ"" НАЦІОНАЛЬНОЇ АКАДЕМІЇ НАУК УКРАЇНИ","87614","НАЦІОНАЛЬНА АКАДЕМІЯ НАУК УКРАЇНИ","ДП"
"2611","ДЕРЖАВНЕ ПІДПРИЄМСТВО ПО КОНТРОЛЮ ЛОКАЛІЗАЦІЇ ТА РЕМОНТУ ДЕФЕКТІВ ""КОЛОРАН"" ІНСТИТУТУ ФІЗИЧНОЇ ХІМІЇ ІМ.Л.В.ПИСАРЖЕВСЬКОГО НАЦІОНАЛЬНОЇ АКАДЕМІЇ НАУК УКРАЇНИ","87614","НАЦІОНАЛЬНА АКАДЕМІЯ НАУК УКРАЇНИ","ДП"
"2612","ДЕРЖАВНЕ НАУКОВО-ВИРОБНИЧЕ ПІДПРИЄМСТВО ""РУБІН"" НАН УКРАЇНИ","87614","НАЦІОНАЛЬНА АКАДЕМІЯ НАУК УКРАЇНИ","ДП"
"2613","НАУКОВО-ТЕХНОЛОГІЧНИЙ АЛМАЗНИЙ КОНЦЕРН (АЛКОН) НАЦІОНАЛЬНОЇ АКАДЕМІЇ НАУК УКРАЇНИ","87614","НАЦІОНАЛЬНА АКАДЕМІЯ НАУК УКРАЇНИ","ДП"
"2614","ДЕРЖАВНЕ ПІДПРИЄМСТВО ""НАУКОВО-ВИРОБНИЧИЙ ЦЕНТР ""ТИТАН"" ІНСТИТУТУ ЕЛЕКТРОЗВАРЮВАННЯ ІМ.Є.О.ПАТОНА НАН УКРАЇНИ""","87614","НАЦІОНАЛЬНА АКАДЕМІЯ НАУК УКРАЇНИ","ДП"
"2615","МАЛЕ ДЕРЖАВНЕ НАУКОВО-ВИРОБНИЧЕ ПІДПРИЄМСТВО ""ЛІНАТЕК""","87614","НАЦІОНАЛЬНА АКАДЕМІЯ НАУК УКРАЇНИ","ДП"
"2616","КИЇВСЬКИЙ УНІВЕРСИТЕТ ПРАВА НАЦІОНАЛЬНОЇ АКАДЕМІЇ НАУК УКРАЇНИ","87614","НАЦІОНАЛЬНА АКАДЕМІЯ НАУК УКРАЇНИ","ДП"
"2617","ДОЧІРНЄ НАУКОВО-ВИРОБНИЧЕ ПІДПРИЄМСТВО ""ФОН"" ПІВНІЧНО-СХІДНОГО НАУКОВОГО ЦЕНТРУ НАН УКРАЇНИ","87614","НАЦІОНАЛЬНА АКАДЕМІЯ НАУК УКРАЇНИ","ДП"
"2618","НАУКОВО-ТЕХНІЧНИЙ ЦЕНТР ""КОМПОЗИЦІЙНІ МАТЕРІАЛИ"" ПРИ ІНСТИТУТІ ПРОБЛЕМ МАТЕРІАЛОЗНАВСТВА ІМ.І.М.ФРАНЦЕВИЧА НАЦІОНАЛЬНОЇ АКАДЕМІЇ НАУК УКРАЇНИ","87614","НАЦІОНАЛЬНА АКАДЕМІЯ НАУК УКРАЇНИ","ДП"
"2619","ДЕРЖАВНЕ ПІДПРИЄМСТВО ""САНАТОРІЙ-ПРОФІЛАКТОРІЙ ""СЛАВУТИЧ"" КОНЦЕРНУ ""АЛКОН"" НАН УКРАЇНИ""","87614","НАЦІОНАЛЬНА АКАДЕМІЯ НАУК УКРАЇНИ","ДП"
"2620","ДЕРЖАВНА УСТАНОВА ""ЕЛІТ-ДІАМАНТ"" НАН УКРАЇНИ""","87614","НАЦІОНАЛЬНА АКАДЕМІЯ НАУК УКРАЇНИ","ДП"
"2621","ДЕРЖАВНЕ ПІДПРИЄМСТВО ""МІЖВІДОМЧИЙ НАУКОВИЙ ЦЕНТР КРІОБІОЛОГІЇ І КРІОМЕДИЦИНИ НАН, АМН ТА МОЗ УКРАЇНИ""","87614","НАЦІОНАЛЬНА АКАДЕМІЯ НАУК УКРАЇНИ","ДП"
"2622","ДЕРЖАВНЕ ВИРОБНИЧЕ ПІДПРИЄМСТВО ""БУДРЕМКОМПЛЕКТ"" НАЦІОНАЛЬНОЇ АКАДЕМІЇ НАУК УКРАЇНИ","87614","НАЦІОНАЛЬНА АКАДЕМІЯ НАУК УКРАЇНИ","ДП"
"2623","ДЕРЖАВНИЙ ЗАКЛАД ""ДИТЯЧИЙ ОЗДОРОВЧИЙ ТАБІР""КАШТАН""НТК""ІНСТИТУТ ЕЛЕКТРОЗВАРЮВАННЯ ІМ.Є.О.ПАТОНА""НАЦІОНАЛЬНОЇ АКАДЕМІЇ НАУК УКРАЇНИ""","87614","НАЦІОНАЛЬНА АКАДЕМІЯ НАУК УКРАЇНИ","ДП"
"2624","НАУКОВО-ТЕХНІЧНИЙ КОМПЛЕКС ""ІНСТИТУТ ЕЛЕКТРОЗВАРЮВАННЯ ІМ.Є.О.ПАТОНА"" НАЦІОНАЛЬНОЇ АКАДЕМІЇ НАУК УКРАЇНИ","87614","НАЦІОНАЛЬНА АКАДЕМІЯ НАУК УКРАЇНИ","ДП"
"2625","ДЕРЖАВНЕ ПІДПРИЄМСТВО ""НАУКОВО-ТЕЛЕКОМУНІКАЦІЙНИЙ ЦЕНТР ""УКРАЇНСЬКА АКАДЕМІЧНА І ДОСЛІДНИЦЬКА МЕРЕЖА"" ІНСТИТУТУ ФІЗИКИ КОНДЕНСОВАНИХ СИСТЕМ НАН УКРАЇНИ""","87614","НАЦІОНАЛЬНА АКАДЕМІЯ НАУК УКРАЇНИ","ДП"
"2626","ДОЧІРНЄ ПІДПРИЄМСТВО ІНСТИТУТУ СОЦІОЛОГІЇ НАЦІОНАЛЬНОЇ АКАДЕМІЇ НАУК УКРАЇНИ ""ЦЕНТР СОЦІАЛЬНИХ ЕКСПЕРТИЗ ІМЕНІ ЮРІЯ САЄНКА""","87614","НАЦІОНАЛЬНА АКАДЕМІЯ НАУК УКРАЇНИ","ДП"
"2627","ДЕРЖАВНЕ ПІДПРИЄМСТВО ""МІЖГАЛУЗЕВИЙ УЧБОВО-АТЕСТАЦІЙНИЙ ЦЕНТР ІНСТИТУТУ ЕЛЕКТРОЗВАРЮВАННЯ ІМ. Є.О. ПАТОНА НАЦІОНАЛЬНОЇ АКАДЕМІЇ НАУК УКРАЇНИ""","87614","НАЦІОНАЛЬНА АКАДЕМІЯ НАУК УКРАЇНИ","ДП"
"2628","ДЕРЖАВНЕ ЖИТЛОВО-КОМУНАЛЬНЕ ПІДПРИЄМСТВО НАЦІОНАЛЬНОЇ АКАДЕМІЇ НАУК УКРАЇНИ","87614","НАЦІОНАЛЬНА АКАДЕМІЯ НАУК УКРАЇНИ","ДП"
"2629","ДЕРЖАВНЕ ПІДПРИЄМСТВО ""АКАДЕМСЕРВІС-ЛЬВІВ"" ІНСТИТУТУ ПРИКЛАДНИХ ПРОБЛЕМ МЕХАНІКИ І МАТЕМАТИКИ ІМ. Я.С.ПІДСТРИГАЧА НАЦІОНАЛЬНОЇ АКАДЕМІЇ НАУК УКРАЇНИ""","87614","НАЦІОНАЛЬНА АКАДЕМІЯ НАУК УКРАЇНИ","ДП"
"2630","ДЕРЖАВНЕ ПІДПРИЄМСТВО ""ІНЖЕНЕРНО-ВИРОБНИЧИЙ ЦЕНТР АЛКОН"" НАУКОВО-ТЕХНОЛОГІЧНОГО АЛМАЗНОГО КОНЦЕРНУ (АЛКОН) НАН УКРАЇНИ","87614","НАЦІОНАЛЬНА АКАДЕМІЯ НАУК УКРАЇНИ","ДП"
"2631","ДЕРЖАВНА УСТАНОВА ""ЦЕНТР ІНЖЕНЕРІЇ АВТОТРАНСПОРТНИХ СИСТЕМ"" НАУКОВО-ТЕХНОЛОГІЧНОГО АЛМАЗНОГО КОНЦЕРНУ (АЛКОН) НАН УКРАЇНИ","87614","НАЦІОНАЛЬНА АКАДЕМІЯ НАУК УКРАЇНИ","ДП"
"2632","ДЕРЖАВНЕ ПІДПРИЄМСТВО ""ДОСЛІДНИЙ ЕКСПЕРИМЕНТАЛЬНО-МЕХАНІЧНИЙ ЗАВОД "" НАУКОВО-ТЕХНОЛОГІЧНОГО АЛМАЗНОГО КОНЦЕРНУ ""АЛКОН"" НАЦІОНАЛЬНОЇ АКАДЕМІЇ НАУК УКРАЇНИ","87614","НАЦІОНАЛЬНА АКАДЕМІЯ НАУК УКРАЇНИ","ДП"
"2633","ДЕРЖАВНЕ ПІДПРИЄМСТВО ""МІЖГАЛУЗЕВИЙ НАУКОВО-ТЕХНІЧНИЙ ЦЕНТР ТРАНСФЕРУ ТЕХНОЛОГІЙ ВІДНОВЛЮВАНОЇ ТА ВОДНЕВОЇ ЕНЕРГЕТИКИ ІНСТИТУТУ ВІДНОВЛЮВАНОЇ ЕНЕРГЕТИКИ НАЦІОНАЛЬНОЇ АКАДЕМ","87614","НАЦІОНАЛЬНА АКАДЕМІЯ НАУК УКРАЇНИ","ДП"
"2634","ДЕРЖАВНЕ ПІДПРИЄМСТВО ""МІЖВІДОМЧИЙ НАУКОВО-ТЕХНОЛОГІЧНИЙ ЦЕНТР ""АГРОБІОТЕХ"" НАЦІОНАЛЬНОЇ АКАДЕМІЇ НАУК УКРАЇНИ ТА МІНІСТЕРСТВА ОСВІТИ І НАУКИ УКРАЇНИ""","87614","НАЦІОНАЛЬНА АКАДЕМІЯ НАУК УКРАЇНИ","ДП"
"2635","ДЕРЖАВНА УСТАНОВА ""НАУКОВО-ДОСЛІДНИЙ ЦЕНТР ""ОХОРОННА АРХЕОЛОГІЧНА СЛУЖБА УКРАЇНИ"" НАЦІОНАЛЬНОЇ АКАДЕМІЇ НАУК УКРАЇНИ","87614","НАЦІОНАЛЬНА АКАДЕМІЯ НАУК УКРАЇНИ","ДП"
"2636","ДОЧІРНЄ ПІДПРИЄМСТВО ""ЗВАРЮВАЛЬНІ ТЕХНОЛОГІЇ"" НТК ""ІЕЗ ІМ.Є.О.ПАТОНА"" НАН УКРАЇНИ","87614","НАЦІОНАЛЬНА АКАДЕМІЯ НАУК УКРАЇНИ","ДП"
"2637","ДЕРЖАВНЕ ПІДПРИЄМСТВО ""НАУКОВО-ДОСЛІДНИЙ ЦЕНТР ЕНЕРГЕТИЧНОГО, ЯДЕРНОГО ТА ПРИРОДОРЕСУРСНОГО ПРАВА ІНСТИТУТУ ДЕРЖАВИ І ПРАВА ІМ.В.М.КОРЕЦЬКОГО НАЦІОНАЛЬНОЇ АКАДЕМІЇ НАУК УКРАЇНИ""","87614","НАЦІОНАЛЬНА АКАДЕМІЯ НАУК УКРАЇНИ","ДП"
"2638","ДЕРЖАВНЕ ПІДПРИЄМСТВО ""НАУКОВО-ВИРОБНИЧИЙ ЦЕНТР ЕНЕРГОЗБЕРІГАЮЧИХ КОНСТРУКЦІЙ І ТЕХНОЛОГІЙ ""ТЕХНОЛУЧ"" ІНСТИТУТУ ЕЛЕКТРОЗВАРЮВАННЯ ІМ. Є.О. ПАТОНА НАЦІОНАЛЬНОЇ АКАДЕМІЇ НАУК УКРАЇНИ","87614","НАЦІОНАЛЬНА АКАДЕМІЯ НАУК УКРАЇНИ","ДП"
"2639","ДЕРЖАВНА УСТАНОВА ""НАУКОВО-ДОСЛІДНИЙ ЦЕНТР ПРОБЛЕМ НАДРОКОРИСТУВАННЯ ""ГЕОРЕСУРС"" НАЦІОНАЛЬНОЇ АКАДЕМІЇ НАУК УКРАЇНИ""","87614","НАЦІОНАЛЬНА АКАДЕМІЯ НАУК УКРАЇНИ","ДП"
"2640","ДОЧІРНЄ ПІДПРИЄМСТВО ""ПОДІЛЬСЬКА АРХЕОЛОГІЯ ""ДЕРЖАВНОГО ПІДПРИЄМСТВА ""НАУКОВО-ДОСЛІДНИЙ ЦЕНТР ""ОХОРОННА АРХЕОЛОГІЧНА СЛУЖБА УКРАЇНИ""ІНСТИТУТУ АРХЕОЛОГІЇ НАН УКРАЇНИ""","87614","НАЦІОНАЛЬНА АКАДЕМІЯ НАУК УКРАЇНИ","ДП"
"2641","ДОЧІРНЄ ПІДПРИЄМСТВО ""СЛОБІДСЬКА АРХЕОЛОГІЧНА СЛУЖБА "" ДЕРЖАВНОГО ПІДПРИЄМСТВА ""НАУКОВО-ДОСЛІДНИЙ ЦЕНТР ""ОХОРОННА АРХЕОЛОГІЧНА СЛУЖБА УКРАЇНИ"" ІНСТИТУТУ АРХЕОЛОГІЇ НАН УКРАЇНИ","87614","НАЦІОНАЛЬНА АКАДЕМІЯ НАУК УКРАЇНИ","ДП"
"2642","ДЕРЖАВНЕ ПІДПРИЄМСТВО ""НАУКОВО-ТЕХНІЧНИЙ ЦЕНТР "" ПЕРСПЕКТИВНІ ТЕХНОЛОГІЇ "" ІЕЗ ІМ Є О ПАТОНА НАН УКРАЇНИ ""","87614","НАЦІОНАЛЬНА АКАДЕМІЯ НАУК УКРАЇНИ","ДП"
"2643","ДЕРЖАВНА УСТАНОВА ""УКРАЇНСЬКЕ БЮРО ЛІНГВІСТИЧНИХ ЕКСПЕРТИЗ НАН УКРАЇНИ""","87614","НАЦІОНАЛЬНА АКАДЕМІЯ НАУК УКРАЇНИ","ДП"
"2644","ДЕРЖАВНЕ ПІДПРИЄМСТВО ""НАУК.-ТЕХНОЛ. ЦЕНТР ""БАЗАЛЬТОВОЛОК. МАТЕР. ""ІНСТ. ПРОБЛ. МАТЕРІАЛОЗ. ІМ.М.М.ФРАНЦЕВИЧА НАН""","87614","НАЦІОНАЛЬНА АКАДЕМІЯ НАУК УКРАЇНИ","ДП"
"2645","ДОЧІРНЄ ПІДПРИЄМСТВО ""НАУКОВА СПІЛКА ДОНБАСУ"" ДЕРЖАВНОГО ПІДПРИЄМСТВА ""НАУКОВО-ДОСЛІДНИЙ ЦЕНТР ""ОХОРОННА АРХЕОЛОГІЧНА СЛУЖБА УКРАЇНИ"" ІНСТИТУТУ АРХЕОЛОГІЇ НАН УКРАЇНИ","87614","НАЦІОНАЛЬНА АКАДЕМІЯ НАУК УКРАЇНИ","ДП"
"2646","ДОЧІРНЄ ПІДПРИЄМСТВО ""НАУКОВО-ДОСЛІДНИЦЬКИЙ ЦЕНТР - ""ЛУКОМОР'Є"" ДЕРЖАВНОГО ПІДПРИЄМСТВА ""НАУКОВО-ДОСЛІДНИЙ ЦЕНТР ""ОХОРОННА АРХЕОЛОГІЧНА СЛУЖБА УКРАЇНИ"" ІНСТИТУТУ АРХЕОЛОГІЇ НАН УКРАЇНИ","87614","НАЦІОНАЛЬНА АКАДЕМІЯ НАУК УКРАЇНИ","ДП"
"2647","ДЕРЖАВНЕ ПІДПРИЄМСТВО ""НАУКОВО-ТЕХНОЛОГІЧНИЙ ЦЕНТР ""БЕРИЛІЙ"" НАЦІОНАЛЬНОЇ АКАДЕМІЇ НАУК УКРАЇНИ""","87614","НАЦІОНАЛЬНА АКАДЕМІЯ НАУК УКРАЇНИ","ДП"
"2648","ДОЧІРНЄ ПІДПРИЄМСТВО ""ЦЕНТРАЛЬНО-ДОНЕЦЬКА ЕКСПЕДИЦІЯ"" ДЕРЖАВНОГО ПІДПРИЄМСТВА ""НАУКОВО-ДОСЛІДНИЙ ЦЕНТР ""ОХОРОННА АРХЕОЛОГІЧНА СЛУЖБА УКРАЇНИ"" ІНСТИТУТУ АРХЕОЛОГІЇ НАЦІОНАЛЬНОЇ АКАДЕМІЇ НАУК УКРАЇНИ","87614","НАЦІОНАЛЬНА АКАДЕМІЯ НАУК УКРАЇНИ","ДП"
"2649","ДОЧІРНЄ ПІДПРИЄМСТВО ""СТАРОЖИТНОСТІ ПОЛІССЯ"" ДЕРЖАВНОГО ПІДПРИЄМСТВА ""НАУКОВО-ДОСЛІДНИЙ ЦЕНТР"" ОХОРОННА АРХЕОЛОГІЧНА СЛУЖБА УКРАЇНИ"" ІНСТИТУТУ АРХЕОЛОГІЇ НАН УКРАЇНИ","87614","НАЦІОНАЛЬНА АКАДЕМІЯ НАУК УКРАЇНИ","ДП"
"2650","ДОЧІРНЄ ПІДПРИЄМСТВО ""ВОЛИНСЬКІ СТАРОЖИТНОСТІ"" ДЕРЖАВНОГО ПІДПРИЄМСТВА ""НАУКОВО-ДОСЛІДНИЙ ЦЕНТР ""ОХОРОННА АРХЕОЛОГІЧНА СЛУЖБА УКРАЇНИ"" ІНСТИТУТУ АРХЕОЛОГІЇ НАН УКРАЇНИ","87614","НАЦІОНАЛЬНА АКАДЕМІЯ НАУК УКРАЇНИ","ДП"
"2651","ДЕРЖАВНЕ ПІДПРИЄМСТВО ""АГРОПРОМИСЛОВО-ТОРГОВЕ ПІДПРИЄМСТВО ""БОБОВИЩЕ""","96545","АКЦІОНЕРНЕ ТОВАРИСТВО ""УКРАЇНСЬКА ОБОРОННА ПРОМИСЛОВІСТЬ""","ДП"
"2652","ДЕРЖАВНЕ ПІДПРИЄМСТВО ""ЄВПАТОРІЙСЬКИЙ АВІАЦІЙНИЙ РЕМОНТНИЙ ЗАВОД""","96545","АКЦІОНЕРНЕ ТОВАРИСТВО ""УКРАЇНСЬКА ОБОРОННА ПРОМИСЛОВІСТЬ""","ДП"
"2653","ДЕРЖАВНЕ ПІДПРИЄМСТВО ""РУБІН""","96545","АКЦІОНЕРНЕ ТОВАРИСТВО ""УКРАЇНСЬКА ОБОРОННА ПРОМИСЛОВІСТЬ""","ДП"
"2654","ДЕРЖАВНЕ ПІДПРИЄМСТВО ""СЕВАСТОПОЛЬСЬКЕ АВІАЦІЙНЕ ПІДПРИЄМСТВО""","96545","АКЦІОНЕРНЕ ТОВАРИСТВО ""УКРАЇНСЬКА ОБОРОННА ПРОМИСЛОВІСТЬ""","ДП"
"2655","ДЕРЖАВНЕ ПІДПРИЄМСТВО ""ЛУГАНСЬКИЙ АВІАЦІЙНИЙ РЕМОНТНИЙ ЗАВОД""","96545","АКЦІОНЕРНЕ ТОВАРИСТВО ""УКРАЇНСЬКА ОБОРОННА ПРОМИСЛОВІСТЬ""","ДП"
"2656","ДЕРЖАВНЕ ПІДПРИЄМСТВО ""БАЛАКЛІЙСЬКИЙ РЕМОНТНИЙ ЗАВОД""","96545","АКЦІОНЕРНЕ ТОВАРИСТВО ""УКРАЇНСЬКА ОБОРОННА ПРОМИСЛОВІСТЬ""","ДП"
"2657","ДЕРЖАВНЕ ПІДПРИЄМСТВО ""ЧУГУЇВСЬКИЙ АВІАЦІЙНИЙ РЕМОНТНИЙ ЗАВОД""","96545","АКЦІОНЕРНЕ ТОВАРИСТВО ""УКРАЇНСЬКА ОБОРОННА ПРОМИСЛОВІСТЬ""","ДП"
"2658","КАЗЕННЕ ПІДПРИЄМСТВО ""ЗМІЇВСЬКИЙ РЕМОНТНИЙ ЕНЕРГОМЕХАНІЧНИЙ ЗАВОД""","96545","АКЦІОНЕРНЕ ТОВАРИСТВО ""УКРАЇНСЬКА ОБОРОННА ПРОМИСЛОВІСТЬ""","ДП"
"2659","ДЕРЖАВНЕ ПІДПРИЄМСТВО ""ФЕОДОСІЙСЬКИЙ СУДНОМЕХАНІЧНИЙ ЗАВОД"" МІНІСТЕРСТВА ОБОРОНИ УКРАЇНИ","96545","АКЦІОНЕРНЕ ТОВАРИСТВО ""УКРАЇНСЬКА ОБОРОННА ПРОМИСЛОВІСТЬ""","ДП"
"2660","ТЕРНОПІЛЬСЬКЕ ДЕРЖАВНЕ НАУКОВО-ТЕХНІЧНЕ ПІДПРИЄМСТВО ""ПРОМІНЬ""","96545","АКЦІОНЕРНЕ ТОВАРИСТВО ""УКРАЇНСЬКА ОБОРОННА ПРОМИСЛОВІСТЬ""","ДП"
"2661","ДОЧІРНЄ ПІДПРИЄМСТВО ДЕРЖАВНОЇ КОМПАНІЇ ""УКРСПЕЦЕКСПОРТ""-""ДЕРЖАВНА ГОСПРОЗРАХУНКОВА ЗОВНІШНЬОТОРГОВЕЛЬНА ТА ІНВЕСТИЦІЙНА ФІРМА ""УКРІНМАШ""","96545","АКЦІОНЕРНЕ ТОВАРИСТВО ""УКРАЇНСЬКА ОБОРОННА ПРОМИСЛОВІСТЬ""","ДП"
"2662","ДЕРЖАВНЕ ПІДПРИЄМСТВО ""НАУКОВО-ДОСЛІДНИЙ ІНСТИТУТ ""КВАНТ""","96545","АКЦІОНЕРНЕ ТОВАРИСТВО ""УКРАЇНСЬКА ОБОРОННА ПРОМИСЛОВІСТЬ""","ДП"
"2663","РУБІЖНЯНСЬКИЙ КАЗЕННИЙ ХІМІЧНИЙ ЗАВОД ""ЗОРЯ""","96545","АКЦІОНЕРНЕ ТОВАРИСТВО ""УКРАЇНСЬКА ОБОРОННА ПРОМИСЛОВІСТЬ""","ДП"
"2664","ДЕРЖАВНЕ ПІДПРИЄМСТВО ""ЦЕНТРАЛЬНЕ КОНСТРУКТОРСЬКЕ БЮРО ""ЧОРНОМОРЕЦЬ""","96545","АКЦІОНЕРНЕ ТОВАРИСТВО ""УКРАЇНСЬКА ОБОРОННА ПРОМИСЛОВІСТЬ""","ДП"
"2665","ДЕРЖАВНЕ ПІДПРИЄМСТВО ""ДЕРЖАВНЕ КИЇВСЬКЕ КОНСТРУКТОРСЬКЕ БЮРО ""ЛУЧ""","96545","АКЦІОНЕРНЕ ТОВАРИСТВО ""УКРАЇНСЬКА ОБОРОННА ПРОМИСЛОВІСТЬ""","ДП"
"2666","ХАРКІВСЬКЕ ДЕРЖАВНЕ АВІАЦІЙНЕ ВИРОБНИЧЕ ПІДПРИЄМСТВО","96545","АКЦІОНЕРНЕ ТОВАРИСТВО ""УКРАЇНСЬКА ОБОРОННА ПРОМИСЛОВІСТЬ""","ДП"
"2667","ДЕРЖАВНЕ ПІДПРИЄМСТВО ""КОНСТРУКТОРСЬКЕ БЮРО РАДІОЗВ'ЯЗКУ""","96545","АКЦІОНЕРНЕ ТОВАРИСТВО ""УКРАЇНСЬКА ОБОРОННА ПРОМИСЛОВІСТЬ""","ДП"
"2668","ДЕРЖАВНЕ ПІДПРИЄМСТВО ""НАУКОВО-ВИРОБНИЧЕ ОБ'ЄДНАННЯ ""ПАВЛОГРАДСЬКИЙ ХІМІЧНИЙ ЗАВОД""","96545","АКЦІОНЕРНЕ ТОВАРИСТВО ""УКРАЇНСЬКА ОБОРОННА ПРОМИСЛОВІСТЬ""","ДП"
"2669","ДЕРЖАВНЕ ПІДПРИЄМСТВО ""ХАРКІВСЬКЕ КОНСТРУКТОРСЬКЕ БЮРО З МАШИНОБУДУВАННЯ ІМЕНІ О.О. МОРОЗОВА""","96545","АКЦІОНЕРНЕ ТОВАРИСТВО ""УКРАЇНСЬКА ОБОРОННА ПРОМИСЛОВІСТЬ""","ДП"
"2670","ДЕРЖАВНЕ ПІДПРИЄМСТВО ""КОНСТРУКТОРСЬКО-ТЕХНОЛОГІЧНЕ БЮРО ""СУДОКОМПОЗИТ""","96545","АКЦІОНЕРНЕ ТОВАРИСТВО ""УКРАЇНСЬКА ОБОРОННА ПРОМИСЛОВІСТЬ""","ДП"
"2671","ДЕРЖАВНЕ ПІДПРИЄМСТВО ""НАУКОВО - ДОСЛІДНИЙ ІНСТИТУТ КОМПЛЕКСНОЇ АВТОМАТИЗАЦІЇ""","96545","АКЦІОНЕРНЕ ТОВАРИСТВО ""УКРАЇНСЬКА ОБОРОННА ПРОМИСЛОВІСТЬ""","ДП"
"2672","ДЕРЖАВНЕ ПІДПРИЄМСТВО ""ФЕОДОСІЙСЬКИЙ ОПТИЧНИЙ ЗАВОД""","96545","АКЦІОНЕРНЕ ТОВАРИСТВО ""УКРАЇНСЬКА ОБОРОННА ПРОМИСЛОВІСТЬ""","ДП"
"2673","ДЕРЖАВНЕ ПІДПРИЄМСТВО ВИРОБНИЧЕ ОБ'ЄДНАННЯ ""ЛУГАНСЬКИЙ ВЕРСТАТОБУДІВНИЙ ЗАВОД""","96545","АКЦІОНЕРНЕ ТОВАРИСТВО ""УКРАЇНСЬКА ОБОРОННА ПРОМИСЛОВІСТЬ""","ДП"
"2674","ДЕРЖАВНЕ ПІДПРИЄМСТВО ""ДОСЛІДНО-КОНСТРУКТОРСЬКЕ БЮРО ""ПРОМІНЬ""","96545","АКЦІОНЕРНЕ ТОВАРИСТВО ""УКРАЇНСЬКА ОБОРОННА ПРОМИСЛОВІСТЬ""","ДП"
"2675","ДОНЕЦЬКИЙ КАЗЕННИЙ ЗАВОД ХІМІЧНИХ ВИРОБІВ","96545","АКЦІОНЕРНЕ ТОВАРИСТВО ""УКРАЇНСЬКА ОБОРОННА ПРОМИСЛОВІСТЬ""","ДП"
"2676","ДЕРЖАВНЕ ПІДПРИЄМСТВО ""СПЕЦІАЛЬНЕ КОНСТРУКТОРСЬКЕ БЮРО ""СПЕКТР""","96545","АКЦІОНЕРНЕ ТОВАРИСТВО ""УКРАЇНСЬКА ОБОРОННА ПРОМИСЛОВІСТЬ""","ДП"
"2677","ДЕРЖАВНЕ ПІДПРИЄМСТВО ""СПЕЦІАЛЬНА ВИРОБНИЧО-ТЕХНІЧНА БАЗА ""ПОЛУМ'Я""","96545","АКЦІОНЕРНЕ ТОВАРИСТВО ""УКРАЇНСЬКА ОБОРОННА ПРОМИСЛОВІСТЬ""","ДП"
"2678","ХІМІЧНЕ КАЗЕННЕ ОБ'ЄДНАННЯ ІМЕНІ Г. І. ПЕТРОВСЬКОГО","96545","АКЦІОНЕРНЕ ТОВАРИСТВО ""УКРАЇНСЬКА ОБОРОННА ПРОМИСЛОВІСТЬ""","ДП"
"2679","ДЕРЖАВНЕ ПІДПРИЄМСТВО ""УКРАЇНСЬКИЙ ДЕРЖАВНИЙ НАУКОВО-ДОСЛІДНИЙ ІНСТИТУТ КОНСТРУКЦІЙНИХ МАТЕРІАЛІВ ""ПРОМЕТЕЙ""","96545","АКЦІОНЕРНЕ ТОВАРИСТВО ""УКРАЇНСЬКА ОБОРОННА ПРОМИСЛОВІСТЬ""","ДП"
"2680","ДЕРЖАВНЕ ПІДПРИЄМСТВО ""МИКОЛАЇВСЬКИЙ СУДНОБУДІВНИЙ ЗАВОД""","96545","АКЦІОНЕРНЕ ТОВАРИСТВО ""УКРАЇНСЬКА ОБОРОННА ПРОМИСЛОВІСТЬ""","ДП"
"2681","ЗАПОРІЗЬКЕ ДЕРЖАВНЕ ПІДПРИЄМСТВО ""РАДІОПРИЛАД""","96545","АКЦІОНЕРНЕ ТОВАРИСТВО ""УКРАЇНСЬКА ОБОРОННА ПРОМИСЛОВІСТЬ""","ДП"
"2682","ДЕРЖАВНЕ ПІДПРИЄМСТВО ""ХАРКІВСЬКЕ КОНСТРУКТОРСЬКЕ БЮРО З ДВИГУНОБУДУВАННЯ""","96545","АКЦІОНЕРНЕ ТОВАРИСТВО ""УКРАЇНСЬКА ОБОРОННА ПРОМИСЛОВІСТЬ""","ДП"
"2683","ДЕРЖАВНЕ ВИРОБНИЧО-ТЕХНІЧНЕ ПІДПРИЄМСТВО ""ПІВДЕНАВІАПРОМНАЛАДКА""","96545","АКЦІОНЕРНЕ ТОВАРИСТВО ""УКРАЇНСЬКА ОБОРОННА ПРОМИСЛОВІСТЬ""","ДП"
"2684","ДЕРЖАВНЕ ПІДПРИЄМСТВО МАКІЇВСЬКИЙ ДЕРЖАВНИЙ ПРОЕКТНИЙ ІНСТИТУТ","96545","АКЦІОНЕРНЕ ТОВАРИСТВО ""УКРАЇНСЬКА ОБОРОННА ПРОМИСЛОВІСТЬ""","ДП"
"2685","ДЕРЖАВНЕ НАУКОВО-ДОСЛІДНЕ ПІДПРИЄМСТВО ""КОНЕКС""","96545","АКЦІОНЕРНЕ ТОВАРИСТВО ""УКРАЇНСЬКА ОБОРОННА ПРОМИСЛОВІСТЬ""","ДП"
"2686","ДЕРЖАВНЕ ПІДПРИЄМСТВО ""ХАРКІВСЬКИЙ ПРИЛАДОБУДІВНИЙ ЗАВОД ІМ. Т. Г. ШЕВЧЕНКА""","96545","АКЦІОНЕРНЕ ТОВАРИСТВО ""УКРАЇНСЬКА ОБОРОННА ПРОМИСЛОВІСТЬ""","ДП"
"2687","ДЕРЖАВНЕ ПІДПРИЄМСТВО ""ЗАВОД ІМЕНІ В.О.МАЛИШЕВА""","96545","АКЦІОНЕРНЕ ТОВАРИСТВО ""УКРАЇНСЬКА ОБОРОННА ПРОМИСЛОВІСТЬ""","ДП"
"2688","ДЕРЖАВНЕ ПІДПРИЄМСТВО ""ДОСЛІДНО-КОНСТРУКТОРСЬКЕ БЮРО АВІАЦІЇ ЗАГАЛЬНОГО ПРИЗНАЧЕННЯ""","96545","АКЦІОНЕРНЕ ТОВАРИСТВО ""УКРАЇНСЬКА ОБОРОННА ПРОМИСЛОВІСТЬ""","ДП"
"2689","ДЕРЖАВНЕ ПІДПРИЄМСТВО ""НАУКОВО-ДОСЛІДНИЙ ІНСТИТУТ АЕРОПРУЖНИХ СИСТЕМ""","96545","АКЦІОНЕРНЕ ТОВАРИСТВО ""УКРАЇНСЬКА ОБОРОННА ПРОМИСЛОВІСТЬ""","ДП"
"2690","ДЕРЖАВНЕ ПІДПРИЄМСТВО НАУКОВО-ДОСЛІДНИЙ ЦЕНТР ""ВЕРТОЛІТ""","96545","АКЦІОНЕРНЕ ТОВАРИСТВО ""УКРАЇНСЬКА ОБОРОННА ПРОМИСЛОВІСТЬ""","ДП"
"2691","ДЕРЖАВНЕ ПІДПРИЄМСТВО ВИРОБНИЧЕ ОБ'ЄДНАННЯ ""КАРПАТИ""","96545","АКЦІОНЕРНЕ ТОВАРИСТВО ""УКРАЇНСЬКА ОБОРОННА ПРОМИСЛОВІСТЬ""","ДП"
"2692","ДОЧІРНЄ ПІДПРИЄМСТВО ДЕРЖАВНОЇ КОМПАНІЇ ""УКРСПЕЦЕКСПОРТ""-ДЕРЖАВНЕ ПІДПРИЄМСТВО ""УКРОБОРОНСЕРВІС""","96545","АКЦІОНЕРНЕ ТОВАРИСТВО ""УКРАЇНСЬКА ОБОРОННА ПРОМИСЛОВІСТЬ""","ДП"
"2693","ДЕРЖАВНЕ ПІДПРИЄМСТВО ""СКЛОПЛАСТИК""","96545","АКЦІОНЕРНЕ ТОВАРИСТВО ""УКРАЇНСЬКА ОБОРОННА ПРОМИСЛОВІСТЬ""","ДП"
"2694","КОСТЯНТИНІВСЬКЕ ДЕРЖАВНЕ НАУКОВО-ВИРОБНИЧЕ ПІДПРИЄМСТВО ""КВАРСИТ""","96545","АКЦІОНЕРНЕ ТОВАРИСТВО ""УКРАЇНСЬКА ОБОРОННА ПРОМИСЛОВІСТЬ""","ДП"
"2695","ДЕРЖАВНЕ ПІДПРИЄМСТВО ""СПЕЦІАЛІЗОВАНА ЗОВНІШНЬОТОРГОВЕЛЬНА ФІРМА ""УКРОБОРОНЕКСПОРТ""","96545","АКЦІОНЕРНЕ ТОВАРИСТВО ""УКРАЇНСЬКА ОБОРОННА ПРОМИСЛОВІСТЬ""","ДП"
"2696","ДЕРЖАВНЕ ПІДПРИЄМСТВО ""ІЗЮМСЬКИЙ ПРИЛАДОБУДІВНИЙ ЗАВОД""","96545","АКЦІОНЕРНЕ ТОВАРИСТВО ""УКРАЇНСЬКА ОБОРОННА ПРОМИСЛОВІСТЬ""","ДП"
"2697","ДЕРЖАВНЕ ПІДПРИЄМСТВО ""ЖИТОМИРСЬКИЙ РЕМОНТНИЙ ЗАВОД РАДІОТЕХНІЧНОГО ОБЛАДНАННЯ ""ПРОМІНЬ""","96545","АКЦІОНЕРНЕ ТОВАРИСТВО ""УКРАЇНСЬКА ОБОРОННА ПРОМИСЛОВІСТЬ""","ДП"
"2698","ДЕРЖАВНЕ ПІДПРИЄМСТВО ""ЛУГАНСЬКИЙ ПАТРОН""","96545","АКЦІОНЕРНЕ ТОВАРИСТВО ""УКРАЇНСЬКА ОБОРОННА ПРОМИСЛОВІСТЬ""","ДП"
"2699","ДЕРЖАВНЕ ПІДПРИЄМСТВО ""МОНОЛІТПРОЕКТ""","97174","УКРАЇНСЬКА ДЕРЖАВНА БУДІВЕЛЬНА КОРПОРАЦІЯ ""УКРБУД"" ","ДП"
"2700","ДЕРЖАВНЕ ПІДПРИЄМСТВО ЖИТЛОВО-КОМУНАЛЬНА КОНТОРА","97174","УКРАЇНСЬКА ДЕРЖАВНА БУДІВЕЛЬНА КОРПОРАЦІЯ ""УКРБУД"" ","ДП"
"2701","УЧБОВО-КУРСОВИЙ КОМБІНАТ","97174","УКРАЇНСЬКА ДЕРЖАВНА БУДІВЕЛЬНА КОРПОРАЦІЯ ""УКРБУД"" ","ДП"
"2702","ДЕРЖАВНЕ ПІДПРИЄМСТВО УЧБОВО-КУРСОВИЙ КОМБІНАТ ""ХАРКІВЖИТЛОБУД""","97174","УКРАЇНСЬКА ДЕРЖАВНА БУДІВЕЛЬНА КОРПОРАЦІЯ ""УКРБУД"" ","ДП"
"2703","ДЕРЖАВНЕ ПІДПРИЄМСТВО ""УМАНСЬКИЙ ЦЕГЕЛЬНИЙ ЗАВОД""","97174","УКРАЇНСЬКА ДЕРЖАВНА БУДІВЕЛЬНА КОРПОРАЦІЯ ""УКРБУД"" ","ДП"
"2704","ДЕРЖАВНЕ ПІДПРИЄМСТВО ПРОЕКТНО-ПОШУКОВИЙ І КОНСТРУКТОРСЬКО-ТЕХНОЛОГІЧНИЙ ІНСТИТУТ ""КРИВОРІЗЬКИЙ БУДПРОЕКТ"" УКРАЇНСЬКОЇ ДЕРЖАВНОЇ БУДІВЕЛЬНОЇ КОРПОРАЦІЇ ""УКРБУД""","97174","УКРАЇНСЬКА ДЕРЖАВНА БУДІВЕЛЬНА КОРПОРАЦІЯ ""УКРБУД"" ","ДП"
"2705","ДЕРЖАВНЕ ПІДПРИЄМСТВО БУДІВЕЛЬНО-МОНТАЖНИЙ ПОЇЗД ""ОДЕСЬКИЙ-2""","97174","УКРАЇНСЬКА ДЕРЖАВНА БУДІВЕЛЬНА КОРПОРАЦІЯ ""УКРБУД"" ","ДП"
"2706","ДЕРЖАВНЕ ВИРОБНИЧЕ ЖИТЛОВО-ПОБУТОВЕ ПІДПРИЄМСТВО","97174","УКРАЇНСЬКА ДЕРЖАВНА БУДІВЕЛЬНА КОРПОРАЦІЯ ""УКРБУД"" ","ДП"
"2707","ДЕРЖАВНЕ ПІДПРИЄМСТВО УЧБОВО-КУРСОВИЙ КОМБІНАТ КОРПОРАЦІЇ ""УКРБУД""","97174","УКРАЇНСЬКА ДЕРЖАВНА БУДІВЕЛЬНА КОРПОРАЦІЯ ""УКРБУД"" ","ДП"
"2708","ДЕРЖАВНЕ ПІДПРИЄМСТВО ""ІНЖЕНЕРНИЙ ЦЕНТР""","97174","УКРАЇНСЬКА ДЕРЖАВНА БУДІВЕЛЬНА КОРПОРАЦІЯ ""УКРБУД"" ","ДП"
"2709","ДЕРЖАВНЕ ПІДПРИЄМСТВО ДОСЛІДНО-ЕКСПЕРИМЕНТАЛЬНЕ ВИРОБНИЦТВО ДОНЕЦЬКОГО ПРОМБУДНДІПРОЕКТУ КОРПОРАЦІЇ ""УКРБУД""","97174","УКРАЇНСЬКА ДЕРЖАВНА БУДІВЕЛЬНА КОРПОРАЦІЯ ""УКРБУД"" ","ДП"
"2710","ДЕРЖАВНЕ ПІДПРИЄМСТВО ""ЛЬВІВЖИТЛОБУДСЕРВІС""","97174","УКРАЇНСЬКА ДЕРЖАВНА БУДІВЕЛЬНА КОРПОРАЦІЯ ""УКРБУД"" ","ДП"
"2711","ВІДКРИТЕ АКЦІОНЕРНЕ ТОВАРИСТВО ""ІЗЮМСЬКИЙ ТЕПЛОВОЗОРЕМОНТНИЙ ЗАВОД""","0100563","ХАРКІВСЬКА ОБЛАСНА ДЕРЖАВНА АДМІНІСТРАЦІЯ","ГТ"
"2712","ПУБЛІЧНЕ АКЦІОНЕРНЕ ТОВАРИСТВО ""ДЕРЖАВНИЙ ЕКСПОРТНО-ІМПОРТНИЙ БАНК УКРАЇНИ""","11000","КАБІНЕТ МІНІСТРІВ УКРАЇНИ","ГТ"
"2713","ПУБЛІЧНЕ АКЦІОНЕРНЕ ТОВАРИСТВО ""ДЕРЖАВНИЙ ОЩАДНИЙ БАНК УКРАЇНИ""","11000","КАБІНЕТ МІНІСТРІВ УКРАЇНИ","ГТ"
"2714","АКЦІОНЕРНЕ ТОВАРИСТВО ""УКРАЇНСЬКІ ЕНЕРГЕТИЧНІ МАШИНИ""","11000","КАБІНЕТ МІНІСТРІВ УКРАЇНИ","ГТ"
"2715","НАЦІОНАЛЬНА АКЦІОНЕРНА КОМПАНІЯ ""НАФТОГАЗ УКРАЇНИ""","11000","КАБІНЕТ МІНІСТРІВ УКРАЇНИ","ГТ"
"2716","ПУБЛІЧНЕ АКЦІОНЕРНЕ ТОВАРИСТВО ""ДЕРЖАВНА АКЦІОНЕРНА КОМПАНІЯ ""ЛІКИ УКРАЇНИ""","11000","КАБІНЕТ МІНІСТРІВ УКРАЇНИ","ГТ"
"2717","ПРИВАТНЕ АКЦІОНЕРНЕ ТОВАРИСТВО ""УКРГІДРОЕНЕРГО""","11000","КАБІНЕТ МІНІСТРІВ УКРАЇНИ","ГТ"
"2718","АТ ""НАЦІОНАЛЬНА АТОМНА ЕНЕРГОГЕНЕРУЮЧА КОМПАНІЯ ""ЕНЕРГОАТОМ""","11000","КАБІНЕТ МІНІСТРІВ УКРАЇНИ","ГТ"
"2719","ПРИВАТНЕ АКЦІОНЕРНЕ ТОВАРИСТВО ""НИЖНЬОДНІСТРОВСЬКА ГЕС""","11000","КАБІНЕТ МІНІСТРІВ УКРАЇНИ","ГТ"
"2720","АКЦІОНЕРНЕ ТОВАРИСТВО ""УКРАЇНСЬКА ЗАЛІЗНИЦЯ""","11000","КАБІНЕТ МІНІСТРІВ УКРАЇНИ","ГТ"
"2721","ПРИВАТНЕ АКЦІОНЕРНЕ ТОВАРИСТВО ""НАЦІОНАЛЬНА ЕНЕРГЕТИЧНА КОМПАНІЯ ""УКРЕНЕРГО""","11074","МІНІСТЕРСТВО ЕНЕРГЕТИКИ УКРАЇНИ","ГТ"
"2722","ДВАТ ""ЗАВОД ПО РЕМОНТУ ГШО ""СУПУТНИК""","11074","МІНІСТЕРСТВО ЕНЕРГЕТИКИ УКРАЇНИ","ГТ"
"2723","ПУБЛІЧНЕ АКЦІОНЕРНЕ ТОВАРИСТВО ""НАУКОВО-ДОСЛІДНИЙ ТА ПРОЕКТНО-КОНСТРУКТОРСЬКИЙ ІНСТИТУТ З АВТОМАТИЗАЦІЇ ВУГІЛЬНОЇ ПРОМИСЛОВОСТІ ""НДПІВУГЛЕАВТОМАТИЗАЦІЯ""","11074","МІНІСТЕРСТВО ЕНЕРГЕТИКИ УКРАЇНИ","ГТ"
"2724","ВАТ ""ДОНЕЦЬКИЙ ПРОЕКТНО-КОНСТРУКТОРСЬКИЙ ТЕХНОЛОГІЧНИЙ ІНСТИТУТ""","11074","МІНІСТЕРСТВО ЕНЕРГЕТИКИ УКРАЇНИ","ГТ"
"2725","ДЕРЖАВНЕ ВІДКРИТЕ АКЦІОНЕРНЕ ТОВАРИСТВО ШАХТА ""ЛЕНІНКА"" ДОЧІРНЄ ПІДПРИЄМСТВО ДХК ""ЛУГАНСЬКВУГІЛЛЯ""","11074","МІНІСТЕРСТВО ЕНЕРГЕТИКИ УКРАЇНИ","ГТ"
"2726","ДЕРЖАВНЕ ВІДКРИТЕ АКЦІОНЕРНЕ ТОВАРИСТВО ""ЦЗФ ""МОСПИНСЬКА""-ДОЧІРНЄ ПІДПРИЄМСТВО ДХК ""ДОНБАСВУГЛЕЗБАГАЧЕННЯ""","11074","МІНІСТЕРСТВО ЕНЕРГЕТИКИ УКРАЇНИ","ГТ"
"2727","ВІДКРИТЕ АКЦІОНЕРНЕ ТОВАРИСТВО ""ДЕРЖАВНА ХОЛДИНГОВА КОМПАНІЯ ""ДОНБАСВУГЛЕЗБАГАЧЕННЯ""","11074","МІНІСТЕРСТВО ЕНЕРГЕТИКИ УКРАЇНИ","ГТ"
"2728","ВІДКРИТЕ АКЦІОНЕРНЕ ТОВАРИСТВО ДЕРЖАВНА ХОЛДИНГОВА КОМПАНІЯ ""ЛУГАНСЬКВУГІЛЛЯ""","11074","МІНІСТЕРСТВО ЕНЕРГЕТИКИ УКРАЇНИ","ГТ"
"2729","ПУБЛІЧНЕ АКЦІОНЕРНЕ ТОВАРИСТВО ""ШАХТА ""БІЛОРІЧЕНСЬКА""","11074","МІНІСТЕРСТВО ЕНЕРГЕТИКИ УКРАЇНИ","ГТ"
"2730","ДВАТ ""СТАХАНОВСЬКИЙ РЕМОНТНО-МЕХАНІЧНИЙ ЗАВОД""","11074","МІНІСТЕРСТВО ЕНЕРГЕТИКИ УКРАЇНИ","ГТ"
"2731","ДЕРЖАВНЕ ВІДКРИТЕ АКЦІОНЕРНЕ ТОВАРИСТВО ШАХТА N 5 ""ВЕЛИКОМОСТІВСЬКА"" ЗАХ-УКРАЇНСЬКОЇ ДЕРЖАВНОЇ ВУГІЛЬНОЇ ХОЛДІНГОВОЇ КОМПАНІЇ","11074","МІНІСТЕРСТВО ЕНЕРГЕТИКИ УКРАЇНИ","ГТ"
"2732","ПРИВАТНЕ АКЦІОНЕРНЕ ТОВАРИСТВО ""ШАХТА ""НАДІЯ""","11074","МІНІСТЕРСТВО ЕНЕРГЕТИКИ УКРАЇНИ","ГТ"
"2733","ПУБЛІЧНЕ АКЦІОНЕРНЕ ТОВАРИСТВО ""ВАНТАЖНО-ТРАНСПОРТНЕ УПРАВЛІННЯ ""ШАХТАРСЬКВАНТАЖТРАНС""","11074","МІНІСТЕРСТВО ЕНЕРГЕТИКИ УКРАЇНИ","ГТ"
"2734","ДЕРЖАВНЕ ВІДКРИТЕ АКЦІОНЕРНЕ ТОВАРИСТВО ""СТАХАНОВПРОМТРАНС""","11074","МІНІСТЕРСТВО ЕНЕРГЕТИКИ УКРАЇНИ","ГТ"
"2735","ДЕРЖАВНЕ ВІДКРИТЕ АКЦІОНЕРНЕ ТОВАРИСТВО ТРЕСТ ""ДОНЕЦЬКВУГЛЕБУД""","11074","МІНІСТЕРСТВО ЕНЕРГЕТИКИ УКРАЇНИ","ГТ"
"2736","ДЕРЖАВНЕ ВІДКРИТЕ АКЦІОНЕРНЕ ТОВАРИСТВО ""ВУГЛЕБУД""","11074","МІНІСТЕРСТВО ЕНЕРГЕТИКИ УКРАЇНИ","ГТ"
"2737","ВІДКРИТЕ АКЦІОНЕРНЕ ТОВАРИСТВО ""ДЕРЖАВНА ХОЛДИНГОВА КОМПАНІЯ ""ТРЕСТ ГОРЛІВСЬКВУГЛЕБУД""","11074","МІНІСТЕРСТВО ЕНЕРГЕТИКИ УКРАЇНИ","ГТ"
"2738","ДЕРЖАВНЕ ВІДКРИТЕ АКЦІОНЕРНЕ ТОВАРИСТВО ""ШАХТОБУДМОНТАЖНЕ УПРАВЛІННЯ №9 "" - ДОЧІРНЄ ПІДПРИЄМСТВО ДЕРЖАВНОЇ ХОЛДИНГОВОЇ КОМПАНІЇ ""ГОРЛІВСЬКВУГЛЕБУД""","11074","МІНІСТЕРСТВО ЕНЕРГЕТИКИ УКРАЇНИ","ГТ"
"2739","ДЕРЖАВНЕ ВІДКРИТЕ АКЦІОНЕРНЕ ТОВАРИСТВО ""ШАХТОПРОХІДНЕ УПРАВЛІННЯ № 10"" - ДОЧІРНЄ ПІДПРИЄМСТВО ДЕРЖАВНОЇ ХОЛДИНГОВО КОМПАНІЇ ""ГОРЛІВСЬКВУГЛЕБУД""","11074","МІНІСТЕРСТВО ЕНЕРГЕТИКИ УКРАЇНИ","ГТ"
"2740","ДВАТ ""ШАХТОБУДІВЕЛЬНЕ УПРАВЛІННЯ №1"" -  ДОЧІРНЕ ПІДПРИЄМСТВО ВАТ ""ДХК ""ТРЕСТ ГОРЛІВСЬКВУГЛЕБУД""","11074","МІНІСТЕРСТВО ЕНЕРГЕТИКИ УКРАЇНИ","ГТ"
"2741","ДЕРЖАВНЕ ВІДКРИТЕ АКЦІОНЕРНЕ ТОВАРИСТВО ""ШАХТОБУДІВЕЛЬНЕ УПРАВЛІННЯ № 4"" - ДОЧІРНЄ ПІДПРИЄМСТВО ДЕРЖАВНОЇ ХОЛДИНГОВОЇ КОМПАНІЇ ""ГОРЛІВСЬКВУГЛЕБУД""","11074","МІНІСТЕРСТВО ЕНЕРГЕТИКИ УКРАЇНИ","ГТ"
"2742","ДЕРЖАВНЕ ВІДКРИТЕ АКЦІОНЕРНЕ ТОВАРИСТВО ""ТОРЕЗЬКЕ ШАХТОПРОХІДНИЦЬКЕ УПРАВЛІННЯ ПО БУРІННЮ СТВОЛІВ ТА СВЕРДЛОВИН""","11074","МІНІСТЕРСТВО ЕНЕРГЕТИКИ УКРАЇНИ","ГТ"
"2743","ДЕРЖАВНА АКЦІОНЕРНА КОМПАНІЯ ""ДОНБАСВУГЛЕАВТОМАТИКА""","11074","МІНІСТЕРСТВО ЕНЕРГЕТИКИ УКРАЇНИ","ГТ"
"2744","ДЕРЖАВНЕ ВІДКРИТЕ АКЦІОНЕРНЕ ТОВАРИСТВО ""ТРЕСТ ДОНЕЦЬКШАХТОБУД""","11074","МІНІСТЕРСТВО ЕНЕРГЕТИКИ УКРАЇНИ","ГТ"
"2745","ВАТ ""ТРЕСТ ""АРТЕМШАХТОБУД"" - ДОЧІРНЕ ПІДПРИЄМСТВО ДХК ""ДОНБАСШАХТОБУД""","11074","МІНІСТЕРСТВО ЕНЕРГЕТИКИ УКРАЇНИ","ГТ"
"2746","ВІДКРИТЕ АКЦІОНЕРНЕ ТОВАРИСТВО ""ТРЕСТ КРАСНОАРМІЙСЬКШАХТОБУД""","11074","МІНІСТЕРСТВО ЕНЕРГЕТИКИ УКРАЇНИ","ГТ"
"2747","ВІДКРИТЕ АКЦІОНЕРНЕ ТОВАРИСТВО ""ТРЕСТ ДОНЕЦЬКШАХТОПРОХОДКА""","11074","МІНІСТЕРСТВО ЕНЕРГЕТИКИ УКРАЇНИ","ГТ"
"2748","ВІДКРИТЕ АКЦІОНЕРНЕ ТОВАРИСТВО ДЕРЖАВНА ХОЛДИНГОВА КОМПАНІЯ ""ЛУГАНСЬКВУГЛЕБУД""","11074","МІНІСТЕРСТВО ЕНЕРГЕТИКИ УКРАЇНИ","ГТ"
"2749","ДВАТ ""ТРЕСТ СТАХАНОВВУГЛЕБУД""","11074","МІНІСТЕРСТВО ЕНЕРГЕТИКИ УКРАЇНИ","ГТ"
"2750","ВІДКРИТЕ АКЦІОНЕРНЕ ТОВАРИСТВО ДЕРЖАВНА ХОЛДИНГОВА КОМПАНІЯ ""ЛУГАНСЬКШАХТОБУД""","11074","МІНІСТЕРСТВО ЕНЕРГЕТИКИ УКРАЇНИ","ГТ"
"2751","ВІДКРИТЕ АКЦІОНЕРНЕ ТОВАРИСТВО ТРЕСТ ""КРАСНОДОНШАХТОБУД""","11074","МІНІСТЕРСТВО ЕНЕРГЕТИКИ УКРАЇНИ","ГТ"
"2752","ДВАТ ""ПЕРШОТРАВЕНСЬКЕ ШАХТОБУДІВЕЛЬНЕ УПРАВЛІННЯ №4"" - ДОЧІРНЕ ПІДПРИЄМСТВО ДХК ""ДНІПРОШАХТОБУД""","11074","МІНІСТЕРСТВО ЕНЕРГЕТИКИ УКРАЇНИ","ГТ"
"2753","ДВАТ ""СВЕРДЛОВСЬКЕ ШАХТОПРОХІДНИЦЬКЕ УПРАВЛІННЯ ПО БУРІННЮ СТВОЛІВ ТА СВЕРДЛОВИН""ДП ВАТ ""ДХК СПЕЦШАХТОБУРІННЯ""","11074","МІНІСТЕРСТВО ЕНЕРГЕТИКИ УКРАЇНИ","ГТ"
"2754","ДЕРЖАВНЕ ВІДКРИТЕ АКЦІОНЕРНЕ ТОВАРИСТВО ""СПЕЦТАМПОНАЖГЕОЛОГІЯ""","11074","МІНІСТЕРСТВО ЕНЕРГЕТИКИ УКРАЇНИ","ГТ"
"2755","ДВАТ ""УЧБОВО-КУРСОВИЙ КОМБІНАТ"" - ДОЧІРНЕ ПІДПРИЄМСТВО ДХК ""ЛУГАНСЬКШАХТОБУД""","11074","МІНІСТЕРСТВО ЕНЕРГЕТИКИ УКРАЇНИ","ГТ"
"2756","ДВАТ ""ГЗФ ""ЛУГАНСЬКА""","11074","МІНІСТЕРСТВО ЕНЕРГЕТИКИ УКРАЇНИ","ГТ"
"2757","ПУБЛІЧНЕ АКЦІОНЕРНЕ ТОВАРИСТВО ""АНТРАЦИТІВСЬКЕ УПРАВЛІННЯ ПО РЕМОНТУ ТА НАЛАГОДЖЕННЮ ГІРНИЧОШАХТНОГО УСТАТКУВАННЯ""","11074","МІНІСТЕРСТВО ЕНЕРГЕТИКИ УКРАЇНИ","ГТ"
"2758","ВІДКРИТЕ АКЦІОНЕРНЕ ТОВАРИСТВО ""ДЕРЖАВНА ХОЛДИНГОВА КОМПАНІЯ ""ОЛЕКСАНДРІЯВУГІЛЛЯ""","11074","МІНІСТЕРСТВО ЕНЕРГЕТИКИ УКРАЇНИ","ГТ"
"2759","ДВАТ ""ОЛЕКСАНДРІЙСЬКА АВТОБАЗА"" - ДОЧІРНЕ ПІДПРИЄМСТВО ДХК ""ОЛЕКСАНДРІЯВУГІЛЛЯ""","11074","МІНІСТЕРСТВО ЕНЕРГЕТИКИ УКРАЇНИ","ГТ"
"2760","ПАТ ""СТАХАНОВСЬКИЙ ВУЗОЛ ВИРОБНИЧО-ТЕХНОЛОГИЧНОГО ЗВ'ЯЗКУ""","11074","МІНІСТЕРСТВО ЕНЕРГЕТИКИ УКРАЇНИ","ГТ"
"2761","ДВАТ ""УПРАВЛІННЯ МАТЕРІАЛЬНО-ТЕХНІЧНОГО ЗАБЕЗПЕЧЕННЯ ТА ЗБУТУ ПРОДУКЦІЇ ""ДОНЕЦЬКВУГЛЕЗБАГАЧЕННЯ""","11074","МІНІСТЕРСТВО ЕНЕРГЕТИКИ УКРАЇНИ","ГТ"
"2762","ВАТ ""ПРОЕКТНО-ТЕХНОЛОГІЧНИЙ ТРЕСТ"" ""ОРТЕХШАХТОБУД"" - ДОЧІРНЕ ПІДПРИЄМСТВО ДХК ""ДОНБАСШАХТОБУД""","11074","МІНІСТЕРСТВО ЕНЕРГЕТИКИ УКРАЇНИ","ГТ"
"2763","ВІДКРИТЕ АКЦІОНЕРНЕ ТОВАРИСТВО ""ДОНЕЦЬКШАХТОБУД""","11074","МІНІСТЕРСТВО ЕНЕРГЕТИКИ УКРАЇНИ","ГТ"
"2764","ДВАТ ПІДПРИЄМСТВО ПО РЕМОНТУ ТА НАЛАДЖУВАННЮ ГІРНИЧО-ШАХТНОГО ОБЛАДНАННЯ  - ДОЧІРНЕ ПІДПРИЄМСТВО ДХК  ""ЖОВТЕНЬВУГІЛЛЯ""","11074","МІНІСТЕРСТВО ЕНЕРГЕТИКИ УКРАЇНИ","ГТ"
"2765","ДВАТ ""ШАХТОБУДІВЕЛЬНЕ УПРАВЛІННЯ №6"" - ДОЧІРНЕ ПІДПРИЄМСТВО ВАТ ""ДХК ""ТРЕСТ ГОРЛІВСЬКВУГЛЕБУД""","11074","МІНІСТЕРСТВО ЕНЕРГЕТИКИ УКРАЇНИ","ГТ"
"2766","ДВАТ  ""УПРАВЛІННЯ МАТЕРІАЛЬНО-ТЕХНІЧНОГО ПОСТАЧАННЯ"" - ДОЧІРНЕ ПІДПРИЄМСТВО ДХК ""ЛУГАНСЬКШАХТОБУД""","11074","МІНІСТЕРСТВО ЕНЕРГЕТИКИ УКРАЇНИ","ГТ"
"2767","АКЦІОНЕРНЕ ТОВАРИСТВО ""ХАРКІВСЬКИЙ НАУКОВО-ДОСЛІДНИЙ ТА ПРОЕКТНО-КОНСТРУКТОРСЬКИЙ ІНСТИТУТ ""ЕНЕРГОПРОЕКТ""","11074","МІНІСТЕРСТВО ЕНЕРГЕТИКИ УКРАЇНИ","ГТ"
"2768","ДЕРЖАВНЕ ВІДКРИТЕ АКЦІОНЕРНЕ ТОВАРИСТВО ""ЕНЕРГЕТИЧНЕ УПРАВЛІННЯ"" - ДОЧІРНЄ ПІДПРИЄМСТВО ДЕРЖАВНОЇ ХОЛДИНГОВОЇ КОМПАНІЇ ""ЖОВТЕНЬВУГІЛЛЯ""","11074","МІНІСТЕРСТВО ЕНЕРГЕТИКИ УКРАЇНИ","ГТ"
"2769","ДВАТ ""ІНФОРМАЦІЙНО-ОБЧИСЛЮВАЛЬНИЙ ЦЕНТР""","11074","МІНІСТЕРСТВО ЕНЕРГЕТИКИ УКРАЇНИ","ГТ"
"2770","ДЕРЖАВНЕ ВІДКРИТЕ АКЦІОНЕРНЕ ТОВАРИСТВО ""КРАСНОДОНСЬКА АВТОБАЗА"" - ДОЧІРНЄ ПІДПРИЄМСТВО ДЕРЖАВНОЇ ХОЛДИНГОВОЇ КОМПАНІЇ ""ЛУГАНСЬКШАХТОБУД""","11074","МІНІСТЕРСТВО ЕНЕРГЕТИКИ УКРАЇНИ","ГТ"
"2771","ПУБЛІЧНЕ  АКЦІОНЕРНЕ ТОВАРИСТВО ""БУДИНОК ВІДПОЧИНКУ ГОРИЗОНТ""","11074","МІНІСТЕРСТВО ЕНЕРГЕТИКИ УКРАЇНИ","ГТ"
"2772","ВАТ ""НАФТОВИК""","11074","МІНІСТЕРСТВО ЕНЕРГЕТИКИ УКРАЇНИ","ГТ"
"2773","ДВАТ ""ШАХТОБУДІВЕЛЬНЕ УПРАВЛІННЯ № 5""","11074","МІНІСТЕРСТВО ЕНЕРГЕТИКИ УКРАЇНИ","ГТ"
"2774","ПУБЛІЧНЕ АКЦІОНЕРНЕ ТОВАРИСТВО ""АВТОМАТГІРМАШ ІМЕНІ В.А.АНТИПОВА""","11074","МІНІСТЕРСТВО ЕНЕРГЕТИКИ УКРАЇНИ","ГТ"
"2775","ПУБЛІЧНЕ АКЦІОНЕРНЕ ТОВАРИСТВО ""ЛИСИЧАНСЬКВУГІЛЛЯ""","11074","МІНІСТЕРСТВО ЕНЕРГЕТИКИ УКРАЇНИ","ГТ"
"2776","ДВАТ ""ВУГЛЕБУД""","11074","МІНІСТЕРСТВО ЕНЕРГЕТИКИ УКРАЇНИ","ГТ"
"2777","ДЕРЖАВНЕ ВІДКРИТЕ АКЦІОНЕРНЕ ТОВАРИСТВО  ""МАКІЇВВУГЛЕБУД""","11074","МІНІСТЕРСТВО ЕНЕРГЕТИКИ УКРАЇНИ","ГТ"
"2778","ВАТ ""ГОРЛІВСЬКЕ УПРАВЛІННЯ ШАХТОБУДМЕХАНІЗАЦІЇ""","11074","МІНІСТЕРСТВО ЕНЕРГЕТИКИ УКРАЇНИ","ГТ"
"2779","ТОВАРИСТВО  З ОБМЕЖЕНОЮ ВІДПОВІДАЛЬНІСТЮ ""ОПЕРАТОР ГАЗОТРАНСПОРТНОЇ СИСТЕМИ УКРАЇНИ""","11074","МІНІСТЕРСТВО ЕНЕРГЕТИКИ УКРАЇНИ","ГТ"
"2780","АКЦІОНЕРНЕ ТОВАРИСТВО ""ОПЕРАТОР РИНКУ""","11074","МІНІСТЕРСТВО ЕНЕРГЕТИКИ УКРАЇНИ","ГТ"
"2781","АКЦІОНЕРНЕ ТОВАРИСТВО ""УКРАЇНСЬКІ РОЗПОДІЛЬНІ МЕРЕЖІ""","11074","МІНІСТЕРСТВО ЕНЕРГЕТИКИ УКРАЇНИ","ГТ"
"2782","ПАТ ""УКРТАТНАФТА""","14084","МІНІСТЕРСТВО ОБОРОНИ УКРАЇНИ","ГТ"
"2783","ПРАТ ""ЗАПОРІЖТРАНСФОРМАТОР""","14084","МІНІСТЕРСТВО ОБОРОНИ УКРАЇНИ","ГТ"
"2784","ПРАТ ""АВТОКРАЗ""","14084","МІНІСТЕРСТВО ОБОРОНИ УКРАЇНИ","ГТ"
"2785","АТ ""МОТОР СІЧ""","14084","МІНІСТЕРСТВО ОБОРОНИ УКРАЇНИ","ГТ"
"2786","ТОВ ""КРЕМЕНЧУЦЬКА ТЕЦ""","14084","МІНІСТЕРСТВО ОБОРОНИ УКРАЇНИ","ГТ"
"2787","ПРИВАТНЕ АКЦІОНЕРНЕ ТОВАРИСТВО""КОРОСТЕНСЬКИЙ ЗАВОД ЗАЛІЗОБЕТОННИХ ШПАЛ""","17214","МІНІСТЕРСТВО РОЗВИТКУ ГРОМАД ТА ТЕРИТОРІЙ УКРАЇНИ","ГТ"
"2788","ПРИВАТНЕ АКЦІОНЕРНЕ ТОВАРИСТВО ""ЛЬВІВСЬКИЙ ЛОКОМОТИВОРЕМОНТНИЙ ЗАВОД""","17214","МІНІСТЕРСТВО РОЗВИТКУ ГРОМАД ТА ТЕРИТОРІЙ УКРАЇНИ","ГТ"
"2789","ПРИВАТНЕ АКЦІОНЕРНЕ ТОВАРИСТВО ""ЗАПОРІЗЬКИЙ ЕЛЕКТРОВОЗОРЕМОНТНИЙ ЗАВОД""","17214","МІНІСТЕРСТВО РОЗВИТКУ ГРОМАД ТА ТЕРИТОРІЙ УКРАЇНИ","ГТ"
"2790","ПРАТ ""УКРАЇНСЬКЕ ДУНАЙСЬКЕ ПАРОПЛАВСТВО""","17214","МІНІСТЕРСТВО РОЗВИТКУ ГРОМАД ТА ТЕРИТОРІЙ УКРАЇНИ","ГТ"
"2791","ПРИВАТНЕ АКЦІОНЕРНЕ ТОВАРИСТВО ""КИЇВ-ДНІПРОВСЬКЕ МІЖГАЛУЗЕВЕ ПІДПРИЄМСТВО ПРОМИСЛОВОГО ЗАЛІЗНИЧНОГО ТРАНСПОРТУ""","17214","МІНІСТЕРСТВО РОЗВИТКУ ГРОМАД ТА ТЕРИТОРІЙ УКРАЇНИ","ГТ"
"2792","ПУБЛІЧНЕ АКЦІОНЕРНЕ ТОВАРИСТВО ""УКРПОШТА""","17214","МІНІСТЕРСТВО РОЗВИТКУ ГРОМАД ТА ТЕРИТОРІЙ УКРАЇНИ","ГТ"
"2793","АКЦІОНЕРНЕ ТОВАРИСТВО ""ПЕРШИЙ ІНВЕСТИЦІЙНИЙ БАНК""","17214","МІНІСТЕРСТВО РОЗВИТКУ ГРОМАД ТА ТЕРИТОРІЙ УКРАЇНИ","ГТ"
"2794","ПУБЛІЧНЕ АКЦІОНЕРНЕ ТОВАРИСТВО ""РОДОВІД БАНК""","17284","МІНІСТЕРСТВО ФІНАНСІВ УКРАЇНИ","ГТ"
"2795","ПУБЛІЧНЕ АКЦІОНЕРНЕ ТОВАРИСТВО КОМЕРЦІЙНИЙ БАНК ""ПРИВАТ БАНК""","17284","МІНІСТЕРСТВО ФІНАНСІВ УКРАЇНИ","ГТ"
"2796","ФОНД РОЗВИТКУ ПІДПРИЄМНИЦТВА","17284","МІНІСТЕРСТВО ФІНАНСІВ УКРАЇНИ","ГТ"
"2797","ПУБЛІЧНЕ АКЦІОНЕРНЕ ТОВАРИСТВО АКЦІОНЕРНИЙ БАНК ""УКРГАЗБАНК""","17284","МІНІСТЕРСТВО ФІНАНСІВ УКРАЇНИ","ГТ"
"2798","ДЕРЖАВНА АКЦІОНЕРНА КОМПАНІЯ ""УКРРЕСУРСИ""","18184","МІНІСТЕРСТВО ЕКОНОМІКИ, ДОВКІЛЛЯ ТА СІЛЬСЬКОГО ГОСПОДАРСТВА УКРАЇНИ","ГТ"
"2799","ПАТ ""НАУКОВО-ДОСЛІДНИЙ ТА ПРОЕКТНО-КОНСТРУКТОРСЬКИЙ ІНСТИТУТ ГІРНИЧОРУДНОГО МАШИНОБУДУВАННЯ З ДОСЛІДНИМ ЗАВОДОМ""","18184","МІНІСТЕРСТВО ЕКОНОМІКИ, ДОВКІЛЛЯ ТА СІЛЬСЬКОГО ГОСПОДАРСТВА УКРАЇНИ","ГТ"
"2800","ДЕРЖАВНА АКЦІОНЕРНА ХОЛДИНГОВА КОМПАНІЯ ""ТОПАЗ""","18184","МІНІСТЕРСТВО ЕКОНОМІКИ, ДОВКІЛЛЯ ТА СІЛЬСЬКОГО ГОСПОДАРСТВА УКРАЇНИ","ГТ"
"2801","ПУБЛІЧНЕ АКЦІОНЕРНЕ ТОВАРИСТВО""ДЕРЖАВНА ПРОДОВОЛЬЧО-ЗЕРНОВА КОРПОРАЦІЯ УКРАЇНИ""","18184","МІНІСТЕРСТВО ЕКОНОМІКИ, ДОВКІЛЛЯ ТА СІЛЬСЬКОГО ГОСПОДАРСТВА УКРАЇНИ","ГТ"
"2802","ПРИВАТНЕ АКЦІОНЕРНЕ ТОВАРИСТВО ""ЕКСПОРТНО-КРЕДИТНЕ АГЕНСТВО""","18184","МІНІСТЕРСТВО ЕКОНОМІКИ, ДОВКІЛЛЯ ТА СІЛЬСЬКОГО ГОСПОДАРСТВА УКРАЇНИ","ГТ"
"2803","ПРИВАТНЕ АКЦІОНЕРНЕ ТОВАРИСТВО ""НАЦІОНАЛЬНА АКЦІОНЕРНА КОМПАНІЯ ""НАДРА УКРАЇНИ""","21077","ДЕРЖАВНА СЛУЖБА ГЕОЛОГІЇ ТА НАДР УКРАЇНИ","ГТ"
"2804","АТ ""УКРАЇНСЬКО ВИДАВНИЧО-ПОЛІГРАФІЧНЕ ОБ'ЄДНАННЯ""","21104","ДЕРЖАВНИЙ КОМІТЕТ ТЕЛЕБАЧЕННЯ І РАДІОМОВЛЕННЯ УКРАЇНИ","ГТ"
"2805","АКЦІОНЕРНЕ ТОВАРИСТВО ""НАЦІОНАЛЬНА СУСПІЛЬНА ТЕЛЕРАДІОКОМПАНІЯ УКРАЇНИ""","21104","ДЕРЖАВНИЙ КОМІТЕТ ТЕЛЕБАЧЕННЯ І РАДІОМОВЛЕННЯ УКРАЇНИ","ГТ"
"2806","ПРИВАТНЕ АКЦІОНЕРНЕ ТОВАРИСТВО ""УКРАЇНСЬКИЙ ІНСТИТУТ ІЗ ПРОЕКТУВАННЯ І РОЗВИТКУ ІНФОРМАЦІЙНО-КОМУНІКАЦІЙНОЇ ІНФРАСТРУКТУРИ ""ДІПРОЗВ'ЯЗОК""","27226","АДМІНІСТРАЦІЯ ДЕРЖАВНОЇ СЛУЖБИ СПЕЦІАЛЬНОГО ЗВ'ЯЗКУ ТА ЗАХИСТУ ІНФОРМАЦІЇ УКРАЇНИ ","ГТ"
"2807","ВАТ ""КАМИШ-БУРУНСЬКИЙ ЗАЛІЗОРУДНИЙ КОМБІНАТ""","03295","ФОНД МАЙНА АВТОНОМНОЇ РЕСПУБЛІКИ КРИМ","ГТ"
"2808","ВАТ ""НИВА""","03295","ФОНД МАЙНА АВТОНОМНОЇ РЕСПУБЛІКИ КРИМ","ГТ"
"2809","ВАТ ""ПРИМОР'Я""","03295","ФОНД МАЙНА АВТОНОМНОЇ РЕСПУБЛІКИ КРИМ","ГТ"
"2810","АКЦІОНЕРНЕ ТОВАРИСТВО ""УКРНАФТОПРОДУКТ"" ","28784","ФОНД ДЕРЖАВНОГО МАЙНА УКРАЇНИ ","ГТ"
"2811","ПУБЛІЧНЕ АТ ""АРТЕМІВСЬКИЙ МАШИНОБУДІВНИЙ ЗАВОД ""ПОБЄДА ТРУДА""","28784","ФОНД ДЕРЖАВНОГО МАЙНА УКРАЇНИ ","ГТ"
"2812","ПУБЛІЧНЕ АКЦІОНЕРНЕ ТОВАРИСТВО ""ШАХТОУПРАВЛІННЯ ""ДОНБАС""","28784","ФОНД ДЕРЖАВНОГО МАЙНА УКРАЇНИ ","ГТ"
"2813","ПРИВАТНЕ АКЦІОНЕРНЕ ТОВАРИСТВО ""УКРЗАХІДВУГЛЕБУД""","28784","ФОНД ДЕРЖАВНОГО МАЙНА УКРАЇНИ ","ГТ"
"2814","ВІДКРИТЕ АКЦІОНЕРНЕ ТОВАРИСТВО  ""ІЛЛІЧІВСЬКИЙ РУДОРЕМОНТНИЙ ЗАВОД""","28784","ФОНД ДЕРЖАВНОГО МАЙНА УКРАЇНИ ","ГТ"
"2815","ПАТ ВТЗ ""УКРВУГЛЕТЕЛЕКОМ""","28784","ФОНД ДЕРЖАВНОГО МАЙНА УКРАЇНИ ","ГТ"
"2816","ПАТ ""ДОНЕЦЬКЕ ШАХТОПРОХІДНИЦЬКЕ УПРАВЛІННЯ ПО БУРІННЮ СТВОЛІВ І СВЕРДЛИН ДП ПАТ ДХК ""СШБ""","28784","ФОНД ДЕРЖАВНОГО МАЙНА УКРАЇНИ ","ГТ"
"2817","ПУБЛІЧНЕ АКЦІОНЕРНЕ ТОВАРИСТВО ""ДЕРЖАВНА ХОЛДИНГОВА КОМПАНІЯ ""СПЕЦШАХТОБУРІННЯ""","28784","ФОНД ДЕРЖАВНОГО МАЙНА УКРАЇНИ ","ГТ"
"2818","ПАТ  ""УКРВУГЛЕПРОМТРАНС""","28784","ФОНД ДЕРЖАВНОГО МАЙНА УКРАЇНИ ","ГТ"
"2819","ПУБЛІЧНЕ АКЦІОНЕРНЕ ТОВАРИСТВО ""ДОНБАСШАХТОБУД""","28784","ФОНД ДЕРЖАВНОГО МАЙНА УКРАЇНИ ","ГТ"
"2820","ВАТ ""АНТРАЦИТШАХТОБУД""","28784","ФОНД ДЕРЖАВНОГО МАЙНА УКРАЇНИ ","ГТ"
"2821","АКЦІОНЕРНЕ ТОВАРИСТВО ""УКРАЇНСЬКИЙ НАУКОВО-ДОСЛІДНИЙ ІНСТИТУТ ВОГНЕТРИВІВ ІМЕНІ А.С. БЕРЕЖНОГО""","28784","ФОНД ДЕРЖАВНОГО МАЙНА УКРАЇНИ ","ГТ"
"2822","ВАТ ""КОСТЯНТИНІВСЬКИЙ МЕТАЛУРГІЙНИЙ ЗАВОД""","28784","ФОНД ДЕРЖАВНОГО МАЙНА УКРАЇНИ ","ГТ"
"2823","ВАТ ""МАКІЇВСЬКИЙ МЕТАЛУРГІЙНИЙ КОМБІНАТ""","28784","ФОНД ДЕРЖАВНОГО МАЙНА УКРАЇНИ ","ГТ"
"2824","АТ ""КІРОВОГРАДСЬКЕ РУДОУПРАВІЛНЯ""","28784","ФОНД ДЕРЖАВНОГО МАЙНА УКРАЇНИ ","ГТ"
"2825","АТ ""ЗАПОРІЗЬКИЙ ВИРОБНИЧИЙ АЛЮМІНІЄВИЙ КОМБІНАТ""","28784","ФОНД ДЕРЖАВНОГО МАЙНА УКРАЇНИ ","ГТ"
"2826","ВАТ ""УКРЦИНК""","28784","ФОНД ДЕРЖАВНОГО МАЙНА УКРАЇНИ ","ГТ"
"2827","ВАТ ""СОДОВИЙ ЗАВОД""","28784","ФОНД ДЕРЖАВНОГО МАЙНА УКРАЇНИ ","ГТ"
"2828","АТ ""СУМСЬКЕ МАШИНОБОДІВНЕ НАУКОВО-ВИРОБНИЧЕ ОБЄДНАННЯ""","28784","ФОНД ДЕРЖАВНОГО МАЙНА УКРАЇНИ ","ГТ"
"2829","АТ "" ЖИТОМИРСЬКИЙ ЗАВОД ХІМІЧНОГО ВОЛОКНА""","28784","ФОНД ДЕРЖАВНОГО МАЙНА УКРАЇНИ ","ГТ"
"2830","ПУБЛІЧНЕ  АКЦІОНЕРНЕ ТОВАРИСТВО ""ОДЕСЬКИЙ ПРИПОРТОВИЙ ЗАВОД""","28784","ФОНД ДЕРЖАВНОГО МАЙНА УКРАЇНИ ","ГТ"
"2831","АКЦІОНЕРНЕ ТОВАРИСТВО ""ЗАВОД ""ЕЛЕКТРОВАЖМАШ""","28784","ФОНД ДЕРЖАВНОГО МАЙНА УКРАЇНИ ","ГТ"
"2832","АКЦІОНЕРНЕ ТОВАРИСТВО ""УКРАЇНСЬКИЙ -НАУКОВО ДОСЛІДНИЙ ПРОЕКТНО-КОНСТРУКТОРСЬКИЙ ТА ТЕХНОЛОГІЧНИЙ ІНСТИТУТ ТРАНСФОРМАТОРОБУДУВАННЯ""","28784","ФОНД ДЕРЖАВНОГО МАЙНА УКРАЇНИ ","ГТ"
"2833","АКЦІОНЕРНЕ ТОВАРИСТВО ""НАУКОВО-ДОСЛІДНИЙ І ПРОЕКТНО-КОНСТРУКТОРСЬКИЙ ІНСТИТУТ АТОМНОГО ТА ЕНЕРГЕТИЧНОГО   НАСОСОБУДУВАННЯ""","28784","ФОНД ДЕРЖАВНОГО МАЙНА УКРАЇНИ ","ГТ"
"2834","ВІДКРИТЕ АКЦІОНЕРНЕ ТОВАРИСТВО ""КІРОВСЬКИЙ ЗАВОД ПО ВИГОТОВЛЕННЮ  ВИРОБІВ З МЕТАЛЕВИХ ПОРОШКІВ""","28784","ФОНД ДЕРЖАВНОГО МАЙНА УКРАЇНИ ","ГТ"
"2835","ПУБЛІЧНЕ АТ ""ДЖАНКОЙСЬКИЙ МАШИНОБУДІВНИЙ ЗАВОД""","28784","ФОНД ДЕРЖАВНОГО МАЙНА УКРАЇНИ ","ГТ"
"2836","ВАТ МЕЛІТОПОЛЬСЬКИЙ ЗАВОД ""АВТОКОЛЬОРЛИТ""","28784","ФОНД ДЕРЖАВНОГО МАЙНА УКРАЇНИ ","ГТ"
"2837","ВІДКРИТЕ АКЦІОНЕРНЕ ТОВАРИСТВО “КРЕМЕНЧУЦЬКИЙ ЗАВОД ЗАЛІЗОБЕТОННИХ ШПАЛ""","28784","ФОНД ДЕРЖАВНОГО МАЙНА УКРАЇНИ ","ГТ"
"2838","ПУБЛІЧНЕ АКЦІОНЕРНЕ ТОВАРИСТВО ""ІВАНІВСЬКИЙ ВЕРСТАТОЗАВОД""","28784","ФОНД ДЕРЖАВНОГО МАЙНА УКРАЇНИ ","ГТ"
"2839","ВАТ ""СЛОВ'ЯНСЬКИЙ КЕРАМІЧНИЙ КОМБІНАТ""","28784","ФОНД ДЕРЖАВНОГО МАЙНА УКРАЇНИ ","ГТ"
"2840","ВАТ ""ХЕРСОНСЬКИЙ БАВОВНЯНИЙ КОМБІНАТ""","28784","ФОНД ДЕРЖАВНОГО МАЙНА УКРАЇНИ ","ГТ"
"2841","ТОВАРИСТВО З ОБМЕЖЕНОЮ ВІДПОВІДАЛЬНІСТЮ ""ДЕРЖАВНИЙ ЗЕМЕЛЬНИЙ БАНК""","28784","ФОНД ДЕРЖАВНОГО МАЙНА УКРАЇНИ ","ГТ"
"2842","ПРИВАТНЕ АКЦІОНЕРНЕ ТОВАРИСТВО ""ХАРКІВСЬКИЙ ЕЛЕКТРОТЕХНІЧНИЙ ЗАВОД ""ТРАНСЗВ'ЯЗОК""","28784","ФОНД ДЕРЖАВНОГО МАЙНА УКРАЇНИ ","ГТ"
"2843","ПРАТ ""МОРСЬКИЙ РЕГІСТР СУДНОПЛАВСТВА В УКРАЇНІ""","28784","ФОНД ДЕРЖАВНОГО МАЙНА УКРАЇНИ ","ГТ"
"2844","ПРИВАТНЕ АКЦІОНЕРНЕ ТОВАРИСТВО ""АВІАКОМПАНІЯ АВІАЛІНІЇ УКРАЇНИ""","28784","ФОНД ДЕРЖАВНОГО МАЙНА УКРАЇНИ ","ГТ"
"2845","ВАТ""АВІАКОМПАННІЯ ""ОДЕСЬКІ АВІАЛІНІЇ""","28784","ФОНД ДЕРЖАВНОГО МАЙНА УКРАЇНИ ","ГТ"
"2846","ВАТ ""АВІАКОМПАНІЯ ЛУГАНСЬКІ АВІАЛІНІЇ""","28784","ФОНД ДЕРЖАВНОГО МАЙНА УКРАЇНИ ","ГТ"
"2847","ВАТ ""ДНІПРОХІМБУД""","28784","ФОНД ДЕРЖАВНОГО МАЙНА УКРАЇНИ ","ГТ"
"2848","ВАТ ""HАУКОВО-ДОСЛІДНЕ МЕДИЧНЕ ОБ'ЄДНАННЯ ""ДІАЛІР""","28784","ФОНД ДЕРЖАВНОГО МАЙНА УКРАЇНИ ","ГТ"
"2849","АКЦІОНЕРНЕ ТОВАРИСТВО ""УКРАЇНСЬКИЙ ЗОНАЛЬНИЙ НАУКОВО-ДОСЛІДНИЙ ПРОЕКТНИЙ ІНСТИТУТ ПО ЦИВІЛЬНОМУ БУДІВНИЦТВУ"" - ПАТ “КИЇВЗНДІЕП”","28784","ФОНД ДЕРЖАВНОГО МАЙНА УКРАЇНИ ","ГТ"
"2850","ВАТ ""ДОНЕЦКГЛАВСНАБ""","28784","ФОНД ДЕРЖАВНОГО МАЙНА УКРАЇНИ ","ГТ"
"2851","ПАТ ""НАУКОВО-ДОСЛІДНИЙ ТА ПРОЕКТНИЙ ІНСТИТУТ ПО ЗБАГАЧЕННЮ ТА АГЛОМЕРАЦІЇ РУД ЧОРНИХ МЕТАЛІВ "" МЕХАНОБРЧОРМЕТ""","28784","ФОНД ДЕРЖАВНОГО МАЙНА УКРАЇНИ ","ГТ"
"2852","ВАТ ""ЛИСИЧАНСЬКИЙ ЗАВОД ГУМОВИХ ТЕХНІЧНИХ ВИРОБІВ""","28784","ФОНД ДЕРЖАВНОГО МАЙНА УКРАЇНИ ","ГТ"
"2853","ПАТ ""ДОНДІПРОШАХТ""","28784","ФОНД ДЕРЖАВНОГО МАЙНА УКРАЇНИ ","ГТ"
"2854","ПУБЛІЧНЕ АКЦІОНЕРНЕ ТОВАРИСТВО ""ЛУГАНСЬКИЙ ІНСТИТУТ З ПРОЕКТУВАННЯ ПІДПРИЄМСТВ ВУГІЛЬНОЇ ПРОМИСЛОВОСТІ ""ЛУГАНСЬКДІПРОШАХТ""","28784","ФОНД ДЕРЖАВНОГО МАЙНА УКРАЇНИ ","ГТ"
"2855","АТ ""ОРІАНА""","28784","ФОНД ДЕРЖАВНОГО МАЙНА УКРАЇНИ ","ГТ"
"2856","ВІДКРИТЕ АКЦІОНЕРНЕ ТОВАРИСТВО ""СЄВЄРОДОНЕЦЬКИЙ ПРИЛАДОБУДІВНИЙ ЗАВОД""","28784","ФОНД ДЕРЖАВНОГО МАЙНА УКРАЇНИ ","ГТ"
"2857","АТ ""СУМСЬКЕ МАШИНОБОДІВНЕ НАУКОВО-ВИРОБНИЧЕ ОБЄДНАННЯ-ІНЖИНІРИНГ""","28784","ФОНД ДЕРЖАВНОГО МАЙНА УКРАЇНИ ","ГТ"
"2858","ВІДКРИТЕ АКЦІОНЕРНЕ ТОВАРИСТВО ""НАУКОВО-ВИРОБНИЧА ФІРМА ""ЛУГАНСЬКІ  АКУМУЛЯТОРИ""","28784","ФОНД ДЕРЖАВНОГО МАЙНА УКРАЇНИ ","ГТ"
"2859","ВАТ ""АКЦІОНЕРНА КОМПАНІЯ ""СВЕМА""","28784","ФОНД ДЕРЖАВНОГО МАЙНА УКРАЇНИ ","ГТ"
"2860","ПАТ ДАК ""ТИТАН""","28784","ФОНД ДЕРЖАВНОГО МАЙНА УКРАЇНИ ","ГТ"
"2861","АТ ""СУМИХІМПРОМ""","28784","ФОНД ДЕРЖАВНОГО МАЙНА УКРАЇНИ ","ГТ"
"2862","ВАТ "" ХК ""КРАЯН""","28784","ФОНД ДЕРЖАВНОГО МАЙНА УКРАЇНИ ","ГТ"
"2863","АТ«СУМСЬКИЙ ЗАВОД НАСОСНОГО ТА ЕНЕРГЕТИЧНОГО МАШИНОБУДУВАННЯ «НАСОСЕНЕРГОМАШ»","28784","ФОНД ДЕРЖАВНОГО МАЙНА УКРАЇНИ ","ГТ"
"2864","ТОВ ""БУДМАТЕРІАЛИ ТА КОНСТРУКЦІЇ""","28784","ФОНД ДЕРЖАВНОГО МАЙНА УКРАЇНИ ","ГТ"
"2865","ТОВ ""ВКФ ""СКІФ ЛТД""","28784","ФОНД ДЕРЖАВНОГО МАЙНА УКРАЇНИ ","ГТ"
"2866","ТОВ ""ФОРТУНА""","28784","ФОНД ДЕРЖАВНОГО МАЙНА УКРАЇНИ ","ГТ"
"2867","ТОВ ""НАФТОХІМЕКОЛОГІЯ""","28784","ФОНД ДЕРЖАВНОГО МАЙНА УКРАЇНИ ","ГТ"
"2868","ТОВ ""СОЕВВА""","28784","ФОНД ДЕРЖАВНОГО МАЙНА УКРАЇНИ ","ГТ"
"2869","ТОВ “ЗТЗ-СЕРВІС”","28784","ФОНД ДЕРЖАВНОГО МАЙНА УКРАЇНИ ","ГТ"
"2870","ТОВ ""ГЛУХІВСЬКИЙ КАРЄР КВАРЦИТІВ""","28784","ФОНД ДЕРЖАВНОГО МАЙНА УКРАЇНИ ","ГТ"
"2871","СПІЛЬНЕ УКРАЇНСЬКО-КІПРСЬКЕ ТОВ ""УНІМЕТАЛ""","28784","ФОНД ДЕРЖАВНОГО МАЙНА УКРАЇНИ ","ГТ"
"2872","ЗАТ ""КРИВБАС-ДЕТВА""","28784","ФОНД ДЕРЖАВНОГО МАЙНА УКРАЇНИ ","ГТ"
"2873","ВІДКРИТЕ АКЦІОНЕРНЕ ТОВАРИСТВО ""СТАХАНОВСЬКИЙ ЗАВОД МЕТАЛОВИРОБІВ""","28784","ФОНД ДЕРЖАВНОГО МАЙНА УКРАЇНИ ","ГТ"
"2874","АКЦІОНЕРНЕ ТОВАРИСТВО ""КОНСТРУКТОРСЬКЕ БЮРО ""ДНІПРОВСЬКЕ""","28784","ФОНД ДЕРЖАВНОГО МАЙНА УКРАЇНИ ","ГТ"
"2875","ПУБЛІЧНЕ АКЦІОНЕРНЕСПО ТОВАРИСТВО ""ЗАВОД ""КРАСНИЙ ЛУЧ""","28784","ФОНД ДЕРЖАВНОГО МАЙНА УКРАЇНИ ","ГТ"
"2876","ВАТ ""ФЕОДОСІЙСЬКА СУДНОБУДІВНА КОМПАНІЯ ""МОРЕ""","28784","ФОНД ДЕРЖАВНОГО МАЙНА УКРАЇНИ ","ГТ"
"2877","ПАТ ""ЗАВОД ""ФІОЛЕНТ""","28784","ФОНД ДЕРЖАВНОГО МАЙНА УКРАЇНИ ","ГТ"
"2878","ПАТ ""НАУКОВО-ДОСЛІДНИЙ ІНСТИТУТ ЕЛЕКТРОМЕХАНІЧНИХ ПРИЛАДІВ""","28784","ФОНД ДЕРЖАВНОГО МАЙНА УКРАЇНИ ","ГТ"
"2879","ВАТ ""ЗАВОД ""АЛЬБАТРОС""","28784","ФОНД ДЕРЖАВНОГО МАЙНА УКРАЇНИ ","ГТ"
"2880","ВАТ ""СКІФ""","28784","ФОНД ДЕРЖАВНОГО МАЙНА УКРАЇНИ ","ГТ"
"2881","ВАТ ""ЮНІСТЬ""","28784","ФОНД ДЕРЖАВНОГО МАЙНА УКРАЇНИ ","ГТ"
"2882","ВАТ ""ПРИЛАДОБУДІВНИЙ ЗАВОД ""СОКІЛ""","28784","ФОНД ДЕРЖАВНОГО МАЙНА УКРАЇНИ ","ГТ"
"2883","ВАТ ""РІВНЕНСЬКИЙ РАДІОТЕХНІЧНИЙ ЗАВОД""","28784","ФОНД ДЕРЖАВНОГО МАЙНА УКРАЇНИ ","ГТ"
"2884","ТОВ «ІННОВА»","28784","ФОНД ДЕРЖАВНОГО МАЙНА УКРАЇНИ ","ГТ"
"2885","ТОВ ""ТЕСІС-МІКРОПРИЛАД""","28784","ФОНД ДЕРЖАВНОГО МАЙНА УКРАЇНИ ","ГТ"
"2886","АТ ДЕРЖАВНА АКЦІОНЕРНА КОМПАНІЯ ""ХЛІБ УКРАЇНИ""","28784","ФОНД ДЕРЖАВНОГО МАЙНА УКРАЇНИ ","ГТ"
"2887","ПУБЛІЧНЕ АКЦІОНЕРНЕ ТОВАРИСТВО ДЕРЖАВНА АКЦІОНЕРНА КОМПАНІЯ ""НАЦІОНАЛЬНА МЕРЕЖА АУКЦІОННИХ ЦЕНТРІВ""","28784","ФОНД ДЕРЖАВНОГО МАЙНА УКРАЇНИ ","ГТ"
"2888","ПУБЛІЧНЕ АКЦІОНЕРНЕ ТОВАРИСТВО ""КРАСНОЛУЧВУГЛЕБУД""","28784","ФОНД ДЕРЖАВНОГО МАЙНА УКРАЇНИ ","ГТ"
"2889","ТОВ ""КЕРАМНАДРА""","28784","ФОНД ДЕРЖАВНОГО МАЙНА УКРАЇНИ ","ГТ"
"2890","ТОВ ФІРМА «ОЛТРІ» ЛТД","28784","ФОНД ДЕРЖАВНОГО МАЙНА УКРАЇНИ ","ГТ"
"2891","ВАТ ""КІНЕСКОП""","28784","ФОНД ДЕРЖАВНОГО МАЙНА УКРАЇНИ ","ГТ"
"2892","КОЛЕКТИВНЕ ПІДПРИЄМСТВО РЕДАКЦІЯ ГАЗЕТИ СОЦІАЛІСТИЧНА ПАРТІЯ УКРАЇНИ ""ТОВАРИШ""","28784","ФОНД ДЕРЖАВНОГО МАЙНА УКРАЇНИ ","ГТ"
"2893","ВАТ ""ЛК ""УКРАГРОМАШІНВЕСТ""","28784","ФОНД ДЕРЖАВНОГО МАЙНА УКРАЇНИ ","ГТ"
"2894","ПРИВАТНЕ АКЦІОНЕРНЕ ТОВАРИСТВО ""ПО ВИРОБНИЦТВУ ІНСУЛІНІВ ""ІНДАР""","28784","ФОНД ДЕРЖАВНОГО МАЙНА УКРАЇНИ ","ГТ"
"2895","ПРАТ ""МОРСЬКИЙ РЕГІСТР СУДНОПЛАВСТВА""","28784","ФОНД ДЕРЖАВНОГО МАЙНА УКРАЇНИ ","ГТ"
"2896","ТОВ «ВЕСЕЛЕ»","28784","ФОНД ДЕРЖАВНОГО МАЙНА УКРАЇНИ ","ГТ"
"2897","ПАТ ""ЦЕНТРЕНЕРГО""","28784","ФОНД ДЕРЖАВНОГО МАЙНА УКРАЇНИ ","ГТ"
"2898","ХК ""УКРКОМУНМАШ""","28784","ФОНД ДЕРЖАВНОГО МАЙНА УКРАЇНИ ","ГТ"
"2899","ДАХК ""ЕНЕРГОБУД""","28784","ФОНД ДЕРЖАВНОГО МАЙНА УКРАЇНИ ","ГТ"
"2900","ЗАТ ""КИЇВСЬКИЙ ІННОВАЦІЙНИЙ БІЗНЕС-ІНКУБАТОР""","28784","ФОНД ДЕРЖАВНОГО МАЙНА УКРАЇНИ ","ГТ"
"2901","ПАТ ""НАУКОВО-ДОСЛІДНИЙ І ПРОЕКТНО-КОНСТРУКТОРСЬКИЙ ІНСТИТУТ ""ВУГЛЕМЕХАНІЗАЦІЯ""","28784","ФОНД ДЕРЖАВНОГО МАЙНА УКРАЇНИ ","ГТ"
"2902","СП ТОВ УКРАЇНСЬКО-БІЛОРУСЬКЕ  ""АРСЕНАЛ-ЛУЧ""","28784","ФОНД ДЕРЖАВНОГО МАЙНА УКРАЇНИ ","ГТ"
"2903","ЗАТ ""ЕЛАСТ""","28784","ФОНД ДЕРЖАВНОГО МАЙНА УКРАЇНИ ","ГТ"
"2904","ТОВ «СВС.»","28784","ФОНД ДЕРЖАВНОГО МАЙНА УКРАЇНИ ","ГТ"
"2905","ПУБЛІЧНЕ АКЦІОНЕРНЕ ТОВАРИСТВО ""ХЕРСОНСЬКИЙ ЗАВОД ""СУДМАШ""","28784","ФОНД ДЕРЖАВНОГО МАЙНА УКРАЇНИ ","ГТ"
"2906","ПУБЛІЧНЕ АКЦІОНЕРНЕ ТОВАРИСТВО ""ФОТОН""","28784","ФОНД ДЕРЖАВНОГО МАЙНА УКРАЇНИ ","ГТ"
"2907","АТ ДАК ""УКРАЇНСЬКІ ПОЛІМЕТАЛИ""","28784","ФОНД ДЕРЖАВНОГО МАЙНА УКРАЇНИ ","ГТ"
"2908","ТОВ ""КИЇВТЕХСЕРВІС""","28784","ФОНД ДЕРЖАВНОГО МАЙНА УКРАЇНИ ","ГТ"
"2909","ТОВ «ЮГСЕВМОРСЕРВІС»","28784","ФОНД ДЕРЖАВНОГО МАЙНА УКРАЇНИ ","ГТ"
"2910","АКЦІОНЕРНЕ ТОВАРИСТВО ""СМОЛИ""","28784","ФОНД ДЕРЖАВНОГО МАЙНА УКРАЇНИ ","ГТ"
"2911","ДП ""АТЛАНТІС-ПАК УКРАЇНА""","28784","ФОНД ДЕРЖАВНОГО МАЙНА УКРАЇНИ ","ГТ"
"2912","ТОВ ""КОМПАНІЯ ""АЛЮМІНІЙ УКРАЇНА""","28784","ФОНД ДЕРЖАВНОГО МАЙНА УКРАЇНИ ","ГТ"
"2913","ЗАТ ""СПЕЦІАЛІЗОВАНА АКЦІОНЕРНА СТРАХОВА КОМПАНІЯ  ""СПЕЦЕКСІМСТРАХ""","28784","ФОНД ДЕРЖАВНОГО МАЙНА УКРАЇНИ ","ГТ"
"2914","НАЦІОНАЛЬНА АКЦІОНЕРНА КОМПАНІЯ ""УКРАГРОЛІЗИНГ""","28784","ФОНД ДЕРЖАВНОГО МАЙНА УКРАЇНИ ","ГТ"
"2915","ТОВАРИСТВО З ОБМЕЖЕНОЮ ВІДПОВІДАЛЬНІСТЮ ""ДЕМУРІНСЬКИЙ ГІРНИЧО-ЗБАГАЧУВАЛЬНИЙ КОМБІНАТ""","28784","ФОНД ДЕРЖАВНОГО МАЙНА УКРАЇНИ ","ГТ"
"2916","ТОВАРИСТВА З ОБМЕЖЕНОЮ ВІДПОВІДАЛЬНІСТЮ «МОРСЬКЕ БЮРО РЕГІСТРУ»","28784","ФОНД ДЕРЖАВНОГО МАЙНА УКРАЇНИ ","ГТ"
"2917","ТОВ ""МЕТОРДЕТАЛЬ-КОНОТОП""","28784","ФОНД ДЕРЖАВНОГО МАЙНА УКРАЇНИ ","ГТ"
"2918","ПРИВАТНЕ АКЦІОНЕРНЕ ТОВАРИСТВО СУДНОПЛАВНА  КОМПАНІЯ ""СІ ТРАЙДЕНТ""","28784","ФОНД ДЕРЖАВНОГО МАЙНА УКРАЇНИ ","ГТ"
"2919","ЗАТ ""КРЕДИТНО-ГАРАНТІЙНА УСТАНОВА""","28784","ФОНД ДЕРЖАВНОГО МАЙНА УКРАЇНИ ","ГТ"
"2920","ТОВ ""СПЕЦІАЛІЗОВАНИЙ ЗАГІН ПІДВОДНО-ТЕХНІЧНИХ РОБІТ""","28784","ФОНД ДЕРЖАВНОГО МАЙНА УКРАЇНИ ","ГТ"
"2921","ДХК ""КАСКАД""","28784","ФОНД ДЕРЖАВНОГО МАЙНА УКРАЇНИ ","ГТ"
"2922","ПУБЛІЧНЕ АКЦІОНЕРНЕ ТОВАРИСТВО ""АЗОВМАШ""","28784","ФОНД ДЕРЖАВНОГО МАЙНА УКРАЇНИ ","ГТ"
"2923","ТОВ ""МЕЛІТОПОЛЬСЬКИЙ АВТОГІДРОАГРЕГАТ""","28784","ФОНД ДЕРЖАВНОГО МАЙНА УКРАЇНИ ","ГТ"
"2924","ПП ""РЕКЛАМНА АГЕНЦІЯ ""БРІЗ""","28784","ФОНД ДЕРЖАВНОГО МАЙНА УКРАЇНИ ","ГТ"
"2925","ДОЧІРНЬОГО ПІДПРИЄМСТВО «ЗАВОД ОБВАЖНЕНИХ БУРИЛЬНИХ ТА ВЕДУЧИХ ТРУБ»","28784","ФОНД ДЕРЖАВНОГО МАЙНА УКРАЇНИ ","ГТ"
"2926","ПРАТ""СХІДНО-КРИМСЬКА ЕНЕРГЕТИЧНА КОМПАНІЯ""","28784","ФОНД ДЕРЖАВНОГО МАЙНА УКРАЇНИ ","ГТ"
"2927","ПУБЛІЧНЕ АКЦІОНЕРНЕ ТОВАРИСТВО ""УКРМЕДПРОМ""","28784","ФОНД ДЕРЖАВНОГО МАЙНА УКРАЇНИ ","ГТ"
"2928","ТДВ ""СТРАХОВА КОМПАНІЯ ""МОТОР-ГАРАНТ""","28784","ФОНД ДЕРЖАВНОГО МАЙНА УКРАЇНИ ","ГТ"
"2929","ТОВАРИСТВО З ОБМЕЖЕНОЮ ВІДПОВІДАЛЬНІСТЮ ""ПРЕДСТАВНИЦЬКА ФІРМА ІНСТИТУТ ГАЗУ""","28784","ФОНД ДЕРЖАВНОГО МАЙНА УКРАЇНИ ","ГТ"
"2930","ТОВ ""ЗОЛОТА АЙСТРА""","28784","ФОНД ДЕРЖАВНОГО МАЙНА УКРАЇНИ ","ГТ"
"2931","ПП ""БЛІК""","28784","ФОНД ДЕРЖАВНОГО МАЙНА УКРАЇНИ ","ГТ"
"2932","ЗАТ ""ВСЕУКРАЇНСЬКА СОЦІОЛОГІЧНА СЛУЖБА""","28784","ФОНД ДЕРЖАВНОГО МАЙНА УКРАЇНИ ","ГТ"
"2933","ТОВ ""НАФТОВА КОМПАНІЯ ""АЛЬЯНС УКРАЇНА""","28784","ФОНД ДЕРЖАВНОГО МАЙНА УКРАЇНИ ","ГТ"
"2934","ТОВ ""БАСТІОН М-70""","28784","ФОНД ДЕРЖАВНОГО МАЙНА УКРАЇНИ ","ГТ"
"2935","АТ ""ЗАВОД ""РАДІОРЕЛЕ""","28784","ФОНД ДЕРЖАВНОГО МАЙНА УКРАЇНИ ","ГТ"
"2936","ЗАТ ""КОРЕС""","28784","ФОНД ДЕРЖАВНОГО МАЙНА УКРАЇНИ ","ГТ"
"2937","АТ ""ДНІПРОВСЬКИЙ ЕЛЕКТРОВОЗОБУДІВНИЙ ЗАВОД""","28784","ФОНД ДЕРЖАВНОГО МАЙНА УКРАЇНИ ","ГТ"
"2938","ТОВ «ПОЛТАВА-КАПІТАЛ»","28784","ФОНД ДЕРЖАВНОГО МАЙНА УКРАЇНИ ","ГТ"
"2939","ПРАТ ""БАНК КРОВІ""","28784","ФОНД ДЕРЖАВНОГО МАЙНА УКРАЇНИ ","ГТ"
"2940","ТОВ «ХАРКІВ-КАПІТАЛ»","28784","ФОНД ДЕРЖАВНОГО МАЙНА УКРАЇНИ ","ГТ"
"2941","ТОВ ""ЗАПОРІЖАЛЮМІНТОРГ""","28784","ФОНД ДЕРЖАВНОГО МАЙНА УКРАЇНИ ","ГТ"
"2942","ТОВ ""СЕРВІСНИЙ ЦЕНТР ""МЕТАДУРГ""","28784","ФОНД ДЕРЖАВНОГО МАЙНА УКРАЇНИ ","ГТ"
"2943","ТОВ ""РУБІЖАНСЬКИЙ ТРУБНИЙ ЗАВОД""","28784","ФОНД ДЕРЖАВНОГО МАЙНА УКРАЇНИ ","ГТ"
"2944","ЗАТ ""СПЕЦІАЛЬНИЙ НАУКОВО-ДОСЛІДНИЙ ЦЕНТР ""ПУСК""","28784","ФОНД ДЕРЖАВНОГО МАЙНА УКРАЇНИ ","ГТ"
"2945","АТ НАЦІОНАЛЬНА  АКЦІОНЕРНА  КОМПАНІЯ ""ЕНЕРГЕТИЧНА КОМПАНІЯ УКРАЇНИ""","28784","ФОНД ДЕРЖАВНОГО МАЙНА УКРАЇНИ ","ГТ"
"2946","ТОВ ""АВАНГАРД-ВІЛАРТІ""","28784","ФОНД ДЕРЖАВНОГО МАЙНА УКРАЇНИ ","ГТ"
"2947","ТОВ ""ТОРГІВЕЛЬНИЙ ДІМ ""ЄВРОТРУБПЛАСТ""","28784","ФОНД ДЕРЖАВНОГО МАЙНА УКРАЇНИ ","ГТ"
"2948","ТОВ ""МИКОЛАЇВСЬКИЙ ГЛИНОЗЕМНИЙ ЗАВОД""","28784","ФОНД ДЕРЖАВНОГО МАЙНА УКРАЇНИ ","ГТ"
"2949","ТОВ ""ГУАРДОН УКРАЇНИ""","28784","ФОНД ДЕРЖАВНОГО МАЙНА УКРАЇНИ ","ГТ"
"2950","ТОВ «ТЕРРА УКРАЇНА»","28784","ФОНД ДЕРЖАВНОГО МАЙНА УКРАЇНИ ","ГТ"
"2951","МИКОЛАЇВСЬКИЙ БЛАГОДІЙНИЙ ФОНД ""ЦЕНТР СОЦІАЛЬНИХ ПРОГРАМ""","28784","ФОНД ДЕРЖАВНОГО МАЙНА УКРАЇНИ ","ГТ"
"2952","ТОВ «ЗОЛОТА ФІШКА»","28784","ФОНД ДЕРЖАВНОГО МАЙНА УКРАЇНИ ","ГТ"
"2953","ТОВ ""ОХОРОНА МГЗ""","28784","ФОНД ДЕРЖАВНОГО МАЙНА УКРАЇНИ ","ГТ"
"2954","ПРАТ ""ОДЕСЬКА КІНОСТУДІЯ""","28784","ФОНД ДЕРЖАВНОГО МАЙНА УКРАЇНИ ","ГТ"
"2955","ТОВ «СУМСЬКЕ МАШИНОБУДІВНЕ НАУКОВО-ВИРОБНИЧЕ ОБ`ЄДНАННЯ»","28784","ФОНД ДЕРЖАВНОГО МАЙНА УКРАЇНИ ","ГТ"
"2956","ТОВ "" ЦЕНТР ОБЛІКУ МИКОЛАЇВ""","28784","ФОНД ДЕРЖАВНОГО МАЙНА УКРАЇНИ ","ГТ"
"2957","ТОВ ""ЧАС ІТ""","28784","ФОНД ДЕРЖАВНОГО МАЙНА УКРАЇНИ ","ГТ"
"2958","ТОВ «СТАНДАРТІНВЕСТ-ПІВДЕНЬ»","28784","ФОНД ДЕРЖАВНОГО МАЙНА УКРАЇНИ ","ГТ"
"2959","ТОВ “ЕЛЕКТРОЗАВОД-ВІТ”","28784","ФОНД ДЕРЖАВНОГО МАЙНА УКРАЇНИ ","ГТ"
"2960","ТОВ ""ІНВЕСТИЦІЙНИЙ СОЮЗ ""ЛИБІДЬ""","28784","ФОНД ДЕРЖАВНОГО МАЙНА УКРАЇНИ ","ГТ"
"2961","ТОВАРИСТВО З ОБМЕЖЕНОЮ ВІДПОВІДАЛЬНІСТЮ ""ДОМ ЛЕСНИКА""","28784","ФОНД ДЕРЖАВНОГО МАЙНА УКРАЇНИ ","ГТ"
"2962","ТОВ «ГРАДОВІТ-ХХІ»","28784","ФОНД ДЕРЖАВНОГО МАЙНА УКРАЇНИ ","ГТ"
"2963","АТ ""МОТОР БАНК""","28784","ФОНД ДЕРЖАВНОГО МАЙНА УКРАЇНИ ","ГТ"
"2964","ТОВ ""ПОЛІМЕРТЕПЛО-УКРАЇНА""","28784","ФОНД ДЕРЖАВНОГО МАЙНА УКРАЇНИ ","ГТ"
"2965","ТОВ ""ТАНТАЛІТ""","28784","ФОНД ДЕРЖАВНОГО МАЙНА УКРАЇНИ ","ГТ"
"2966","ТОВ «ДОНМЕДКОМ»","28784","ФОНД ДЕРЖАВНОГО МАЙНА УКРАЇНИ ","ГТ"
"2967","ТОВ ""МЕДІА-ХОЛДІНГ СОЦІАЛІСТИЧНА ПАРТІЯ УКРАЇНИ""","28784","ФОНД ДЕРЖАВНОГО МАЙНА УКРАЇНИ ","ГТ"
"2968","ТОВ ""КАЛУШСЬКИЙ ТРУБНИЙ ЗАВОД""","28784","ФОНД ДЕРЖАВНОГО МАЙНА УКРАЇНИ ","ГТ"
"2969","ТОВ ""ВСМПО ТИТАН УКРАЇНА""","28784","ФОНД ДЕРЖАВНОГО МАЙНА УКРАЇНИ ","ГТ"
"2970","ТОВ ""ПЕТЕР-СЕРВІС УКРАЇНА""","28784","ФОНД ДЕРЖАВНОГО МАЙНА УКРАЇНИ ","ГТ"
"2971","ТОВАРИСТВА З ОБМЕЖЕНОЮ ВІДПОВІДАЛЬНІСТЮ «ТРАНС ОЙЛ 1»","28784","ФОНД ДЕРЖАВНОГО МАЙНА УКРАЇНИ ","ГТ"
"2972","ТОВ ""КЛУБ СКОВОРОДА""","28784","ФОНД ДЕРЖАВНОГО МАЙНА УКРАЇНИ ","ГТ"
"2973","ПРИВАТНОГО ПІДПРИЄМСТВА «ЮГ ОЙЛ»","28784","ФОНД ДЕРЖАВНОГО МАЙНА УКРАЇНИ ","ГТ"
"2974","ТОВ ""ВІННИЦЬКИЙ АВІАЦІЙНИЙ ЗАВОД""","28784","ФОНД ДЕРЖАВНОГО МАЙНА УКРАЇНИ ","ГТ"
"2975","ТОВАРИСТВО З ОБМЕЖЕНОЮ ВІДПОВІДАЛЬНІСТЮ ""БАНКІВСЬКЕ ТЕЛЕБАЧЕННЯ""","28784","ФОНД ДЕРЖАВНОГО МАЙНА УКРАЇНИ ","ГТ"
"2976","ТОВАРИСТВО З ОБМЕЖЕНОЮ ВІДПОВІДАЛЬНІСТЮ ""ТАЙ-МІНЕРАЛС""","28784","ФОНД ДЕРЖАВНОГО МАЙНА УКРАЇНИ ","ГТ"
"2977","ПП ""БАГАТОГАЛУЗЕВА ФІРМА ""САДКО""","28784","ФОНД ДЕРЖАВНОГО МАЙНА УКРАЇНИ ","ГТ"
"2978","ТОВ «ТАТНЄФТЬ-АЗС-УКРАЇНА»","28784","ФОНД ДЕРЖАВНОГО МАЙНА УКРАЇНИ ","ГТ"
"2979","ТОВ “БЕБКО-АВТО”","28784","ФОНД ДЕРЖАВНОГО МАЙНА УКРАЇНИ ","ГТ"
"2980","ТОВ ""КОРДФЛЕКС""","28784","ФОНД ДЕРЖАВНОГО МАЙНА УКРАЇНИ ","ГТ"
"2981","АКЦІОНЕРНЕ ТОВАРИСТВО ""АГРАРНИЙ ФОНД""","28784","ФОНД ДЕРЖАВНОГО МАЙНА УКРАЇНИ ","ГТ"
"2982","ТОВ “СМАРТ ДІДЖИТАЛ СОЛЮШНС”","28784","ФОНД ДЕРЖАВНОГО МАЙНА УКРАЇНИ ","ГТ"
"2983","ТОВАРИСТВО З ОБМЕЖЕНОЮ ВІДПОВІДАЛЬНІСТЮ ""ЗАПОРІЗЬКИЙ ТИТАНО-МАГНІЄВИЙ КОМБІНАТ""","28784","ФОНД ДЕРЖАВНОГО МАЙНА УКРАЇНИ ","ГТ"
"2984","ТОВ ""АМСТЕЛ-СКІ""","28784","ФОНД ДЕРЖАВНОГО МАЙНА УКРАЇНИ ","ГТ"
"2985","ТОВ ""АВІАЦІЙНА ГРУПА""","28784","ФОНД ДЕРЖАВНОГО МАЙНА УКРАЇНИ ","ГТ"
"2986","ТОВ ""ІНТЕРСЕЛЕКТ""","28784","ФОНД ДЕРЖАВНОГО МАЙНА УКРАЇНИ ","ГТ"
"2987","ТОВ ""НОВОСТКОМ ЕКСПЕРТ""","28784","ФОНД ДЕРЖАВНОГО МАЙНА УКРАЇНИ ","ГТ"
"2988","ТОВ “ІТМ-УКРАЇНА”","28784","ФОНД ДЕРЖАВНОГО МАЙНА УКРАЇНИ ","ГТ"
"2989","ПРИВАТНЕ АКЦІОНЕРНЕ ТОВАРИСТВО ""ХАРКІВЕНЕРГОЗБУТ""","28784","ФОНД ДЕРЖАВНОГО МАЙНА УКРАЇНИ ","ГТ"
"2990","ТОВ «ТЕХНОГАЗ-С»","28784","ФОНД ДЕРЖАВНОГО МАЙНА УКРАЇНИ ","ГТ"
"2991","ТОВ «ГОТЕЛЬНИЙ КОМПЛЕКС «ЮВІЛЕЙНИЙ»","28784","ФОНД ДЕРЖАВНОГО МАЙНА УКРАЇНИ ","ГТ"
"2992","ТОВ ""ВЕРТОЛЬОТИ МСБ""","28784","ФОНД ДЕРЖАВНОГО МАЙНА УКРАЇНИ ","ГТ"
"2993","АКЦІОНЕРНЕ ТОВАРИСТВО ""ЗАВОД"" ""АРСЕНАЛ""","30524","ДЕРЖАВНЕ КОСМІЧНЕ АГЕНТСТВО УКРАЇНИ","ГТ"
"2994","АТ ""ХАРТРОН""","30524","ДЕРЖАВНЕ КОСМІЧНЕ АГЕНТСТВО УКРАЇНИ","ГТ"
"2995","ДЕРЖАВНА АКЦІОНЕРНА ХОЛДИНГОВА КОМПАНІЯ “КИЇВСЬКИЙ РАДІОЗАВОД”","30524","ДЕРЖАВНЕ КОСМІЧНЕ АГЕНТСТВО УКРАЇНИ","ГТ"
"2996","АКЦІОНЕРНЕ ТОВАРИСТВО ""ФОНД ДЕКАРБОНІЗАЦІЇ УКРАЇНИ""","36204","ДЕРЖАВНЕ АГЕНТСТВО З ЕНЕРГОЕФЕКТИВНОСТІ ТА ЕНЕРГОЗБЕРЕЖЕННЯ УКРАЇНИ","ГТ"
"2997","ДЕРЖАВНА АКЦІОНЕРНА КОМПАНІЯ ""АВТОМОБІЛЬНІ ДОРОГИ УКРАЇНИ""","37304","ДЕРЖАВНЕ АГЕНТСТВО ВІДНОВЛЕННЯ ТА РОЗВИТКУ ІНФРАСТРУКТУРИ УКРАЇНИ","ГТ"
"2998","FISHING COMPANY S.A.","38194","ДЕРЖАВНЕ АГЕНТСТВО УКРАЇНИ З РОЗВИТКУ МЕЛІОРАЦІЇ, РИБНОГО ГОСПОДАРСТВА ТА ПРОДОВОЛЬЧИХ ПРОГРАМ","ГТ"
"2999","ТОВАРИСТВО З ОБМЕЖЕНОЮ ВІДПОВІДАЛЬНІСТЮ ""МІЖНАРОДНИЙ НАУКОВО-ТЕХНІЧНИЙ ЦЕНТР ЗАБЕЗПЕЧЕННЯ ЯКОСТІ ТА СЕРТИФІКАЦІЇ ""ПАТОНСЕРТ""","87614","НАЦІОНАЛЬНА АКАДЕМІЯ НАУК УКРАЇНИ","ГТ"
"3000","ТОВАРИСТВО З ОБМЕЖЕНОЮ ВІДПОВІДАЛЬНІСТЮ ""МІЖНАРОДНИЙ ЦЕНТР АСТРОНОМІЇ ТА ГЕОДИНАМІКИ ""АСТРОГЕОДИН""","87614","НАЦІОНАЛЬНА АКАДЕМІЯ НАУК УКРАЇНИ","ГТ"
"3001","АТ ""КИЇВСЬКИЙ ЗАВОД ""РАДАР""","96545","АКЦІОНЕРНЕ ТОВАРИСТВО ""УКРАЇНСЬКА ОБОРОННА ПРОМИСЛОВІСТЬ""","ГТ"
"3002","ПАТ ""ЗАВОД ""МАЯК""","96545","АКЦІОНЕРНЕ ТОВАРИСТВО ""УКРАЇНСЬКА ОБОРОННА ПРОМИСЛОВІСТЬ""","ГТ"
"3003","АТ ""КОМПАНІЯ АВІАЦІЙНОГО ТА РАКЕТНО-ТЕХНІЧНОГО МАШИНОБУДУВАННЯ""","96545","АКЦІОНЕРНЕ ТОВАРИСТВО ""УКРАЇНСЬКА ОБОРОННА ПРОМИСЛОВІСТЬ""","ГТ"
"3004","ПАТ ""УКРАЇНСЬКИЙ НАУКОВО-ДОСЛІДНИЙ ІНСТИТУТ АВІАЦІЙНОЇ ТЕХНОЛОГІЇ""","96545","АКЦІОНЕРНЕ ТОВАРИСТВО ""УКРАЇНСЬКА ОБОРОННА ПРОМИСЛОВІСТЬ""","ГТ"
"3005","ПАТ ""НАУКОВО-ВИРОБНИЧЕ ОБ’ЄДНАННЯ ""КИЇВСЬКИЙ ЗАВОД АВТОМАТИКИ""","96545","АКЦІОНЕРНЕ ТОВАРИСТВО ""УКРАЇНСЬКА ОБОРОННА ПРОМИСЛОВІСТЬ""","ГТ"
"3006","АТ ""НАУКОВО-ТЕХНІЧНИЙ КОМПЛЕКС ""ЕЛЕКТРОНПРИЛАД""","96545","АКЦІОНЕРНЕ ТОВАРИСТВО ""УКРАЇНСЬКА ОБОРОННА ПРОМИСЛОВІСТЬ""","ГТ"
"3007","ВАТ ""МЕРИДІАН"" ІМ. С.П. КОРОЛЬОВА","96545","АКЦІОНЕРНЕ ТОВАРИСТВО ""УКРАЇНСЬКА ОБОРОННА ПРОМИСЛОВІСТЬ""","ГТ"
"3008","ПУБЛІЧНЕ АКЦІОНЕРНЕ ТОВАРИСТВО ""2-Й  РЕМОНТНИЙ ЗАВОД ЗАСОБІВ ЗВ'ЯЗКУ""","96545","АКЦІОНЕРНЕ ТОВАРИСТВО ""УКРАЇНСЬКА ОБОРОННА ПРОМИСЛОВІСТЬ""","ГТ"
"3009","ПАТ ""БУДКОМПЛЕКТ""","97174","УКРАЇНСЬКА ДЕРЖАВНА БУДІВЕЛЬНА КОРПОРАЦІЯ ""УКРБУД"" ","ГТ"
